ISO-10303-21;
HEADER;
/* Generated by software containing ST-Developer
 * from STEP Tools, Inc. (www.steptools.com) 
 */
/* OPTION: using custom renumber hook */

FILE_DESCRIPTION(
/* description */ ('STEP AP242 Edition 2',
'CAx-IF Rec.Pracs.---Representation and Presentation of Product Manufa
cturing Information (PMI)---4.0---2014-10-13',
'CAx-IF Rec.Pracs.---3D Tessellated Geometry---0.4---2014-09-14','2;1',
'CAx-IF Rec.Pracs.---User Defined Attributes---1.5---2016-08-15'),
/* implementation_level */ '2;1');

FILE_NAME(
/* name */ 'Engine_Plate - Engine_Base',
/* time_stamp */ '2026-06-19T12:09:11Z',
/* author */ (''),
/* organization */ (''),
/* preprocessor_version */ 'ST-DEVELOPER v20',
/* originating_system */ 'ONSHAPE BY PTC INC, 1.216',
/* authorisation */ '  ');

FILE_SCHEMA (('AP242_MANAGED_MODEL_BASED_3D_ENGINEERING_MIM_LF { 1 0 10303 442 3 1 4 }'));
ENDSEC;

DATA;
#10=SHAPE_REPRESENTATION_RELATIONSHIP('','',#5940,#11);
#11=ADVANCED_BREP_SHAPE_REPRESENTATION('',(#5938),#9483);
#12=SPHERICAL_SURFACE('',#6198,0.00075);
#13=SPHERICAL_SURFACE('',#6201,0.00075);
#14=CYLINDRICAL_SURFACE('',#5995,0.00141230895143224);
#15=CYLINDRICAL_SURFACE('',#6039,0.00075);
#16=CYLINDRICAL_SURFACE('',#6041,0.00075);
#17=CYLINDRICAL_SURFACE('',#6043,0.00075);
#18=CYLINDRICAL_SURFACE('',#6044,0.00075);
#19=CYLINDRICAL_SURFACE('',#6047,0.00075);
#20=CYLINDRICAL_SURFACE('',#6049,0.00075);
#21=CYLINDRICAL_SURFACE('',#6051,0.00075);
#22=CYLINDRICAL_SURFACE('',#6053,0.00075);
#23=CYLINDRICAL_SURFACE('',#6196,0.00075);
#24=CYLINDRICAL_SURFACE('',#6199,0.00075);
#25=CYLINDRICAL_SURFACE('',#6231,0.00223499414999685);
#26=CYLINDRICAL_SURFACE('',#6244,0.00075);
#27=CYLINDRICAL_SURFACE('',#6246,0.00075);
#28=CYLINDRICAL_SURFACE('',#6248,0.00075);
#29=CYLINDRICAL_SURFACE('',#6283,0.002475);
#30=CYLINDRICAL_SURFACE('',#6286,0.002475);
#31=CYLINDRICAL_SURFACE('',#6294,0.00105);
#32=CYLINDRICAL_SURFACE('',#6302,0.0016);
#33=CYLINDRICAL_SURFACE('',#6305,0.0016);
#34=CYLINDRICAL_SURFACE('',#6308,0.0016);
#35=CYLINDRICAL_SURFACE('',#6311,0.0016);
#36=ELLIPSE('',#5972,0.000798133329356934,0.00075);
#37=ELLIPSE('',#5974,0.000798133329356934,0.00075);
#38=ELLIPSE('',#5989,0.00157275250255441,0.00075);
#39=ELLIPSE('',#5992,0.00157275250255441,0.00075);
#40=ELLIPSE('',#5996,0.00141770374218772,0.00141230895143224);
#41=ELLIPSE('',#5997,0.00141770374218772,0.00141230895143224);
#42=ELLIPSE('',#5999,0.000752864878157511,0.00075);
#43=ELLIPSE('',#6001,0.000752864878157511,0.00075);
#44=ELLIPSE('',#6036,0.00253208888623796,0.00075);
#45=ELLIPSE('',#6038,0.00253208888623796,0.00075);
#46=ELLIPSE('',#6040,0.000761569958914309,0.00075);
#47=ELLIPSE('',#6042,0.000761569958914309,0.00075);
#48=ELLIPSE('',#6046,0.00075882680417849,0.00075);
#49=ELLIPSE('',#6048,0.000776457135307562,0.00075);
#50=ELLIPSE('',#6050,0.000776457135307562,0.00075);
#51=ELLIPSE('',#6052,0.00075882680417849,0.00075);
#52=ELLIPSE('',#6233,0.00316075903875007,0.00223499414999685);
#53=ELLIPSE('',#6234,0.00316075903875007,0.00223499414999685);
#54=ELLIPSE('',#6245,0.00106066017177982,0.00075);
#55=ELLIPSE('',#6247,0.00106066017177982,0.00075);
#56=CIRCLE('',#5945,0.00075);
#57=CIRCLE('',#5946,0.00075);
#58=CIRCLE('',#5948,0.0016);
#59=CIRCLE('',#5949,0.0016);
#60=CIRCLE('',#5950,0.0016);
#61=CIRCLE('',#5951,0.0016);
#62=CIRCLE('',#5952,0.00105);
#63=CIRCLE('',#5953,0.002475);
#64=CIRCLE('',#5954,0.002475);
#65=CIRCLE('',#5963,0.00223499414999685);
#66=CIRCLE('',#5986,0.00075);
#67=CIRCLE('',#5987,0.00075);
#68=CIRCLE('',#5990,0.000741687896084902);
#69=CIRCLE('',#5991,0.000741687896084902);
#70=CIRCLE('',#6045,0.00075);
#71=CIRCLE('',#6054,0.00075);
#72=CIRCLE('',#6197,0.00075);
#73=CIRCLE('',#6200,0.00075);
#74=CIRCLE('',#6224,0.00223499414999685);
#75=CIRCLE('',#6232,0.00223499414999685);
#76=CIRCLE('',#6284,0.002475);
#77=CIRCLE('',#6287,0.002475);
#78=CIRCLE('',#6290,0.00105);
#79=CIRCLE('',#6303,0.0016);
#80=CIRCLE('',#6306,0.0016);
#81=CIRCLE('',#6309,0.0016);
#82=CIRCLE('',#6312,0.0016);
#83=ORIENTED_EDGE('',*,*,#1693,.F.);
#84=ORIENTED_EDGE('',*,*,#1694,.F.);
#85=ORIENTED_EDGE('',*,*,#1695,.T.);
#86=ORIENTED_EDGE('',*,*,#1696,.F.);
#87=ORIENTED_EDGE('',*,*,#1697,.F.);
#88=ORIENTED_EDGE('',*,*,#1698,.F.);
#89=ORIENTED_EDGE('',*,*,#1699,.T.);
#90=ORIENTED_EDGE('',*,*,#1700,.T.);
#91=ORIENTED_EDGE('',*,*,#1701,.F.);
#92=ORIENTED_EDGE('',*,*,#1702,.F.);
#93=ORIENTED_EDGE('',*,*,#1703,.F.);
#94=ORIENTED_EDGE('',*,*,#1704,.T.);
#95=ORIENTED_EDGE('',*,*,#1705,.F.);
#96=ORIENTED_EDGE('',*,*,#1706,.F.);
#97=ORIENTED_EDGE('',*,*,#1707,.F.);
#98=ORIENTED_EDGE('',*,*,#1708,.T.);
#99=ORIENTED_EDGE('',*,*,#1709,.T.);
#100=ORIENTED_EDGE('',*,*,#1710,.T.);
#101=ORIENTED_EDGE('',*,*,#1697,.T.);
#102=ORIENTED_EDGE('',*,*,#1711,.T.);
#103=ORIENTED_EDGE('',*,*,#1712,.T.);
#104=ORIENTED_EDGE('',*,*,#1713,.F.);
#105=ORIENTED_EDGE('',*,*,#1714,.T.);
#106=ORIENTED_EDGE('',*,*,#1715,.T.);
#107=ORIENTED_EDGE('',*,*,#1716,.T.);
#108=ORIENTED_EDGE('',*,*,#1717,.T.);
#109=ORIENTED_EDGE('',*,*,#1706,.T.);
#110=ORIENTED_EDGE('',*,*,#1718,.F.);
#111=ORIENTED_EDGE('',*,*,#1719,.T.);
#112=ORIENTED_EDGE('',*,*,#1720,.F.);
#113=ORIENTED_EDGE('',*,*,#1721,.T.);
#114=ORIENTED_EDGE('',*,*,#1722,.F.);
#115=ORIENTED_EDGE('',*,*,#1723,.F.);
#116=ORIENTED_EDGE('',*,*,#1724,.F.);
#117=ORIENTED_EDGE('',*,*,#1725,.T.);
#118=ORIENTED_EDGE('',*,*,#1726,.F.);
#119=ORIENTED_EDGE('',*,*,#1727,.F.);
#120=ORIENTED_EDGE('',*,*,#1728,.F.);
#121=ORIENTED_EDGE('',*,*,#1729,.F.);
#122=ORIENTED_EDGE('',*,*,#1730,.T.);
#123=ORIENTED_EDGE('',*,*,#1731,.F.);
#124=ORIENTED_EDGE('',*,*,#1732,.T.);
#125=ORIENTED_EDGE('',*,*,#1733,.T.);
#126=ORIENTED_EDGE('',*,*,#1734,.F.);
#127=ORIENTED_EDGE('',*,*,#1735,.F.);
#128=ORIENTED_EDGE('',*,*,#1736,.T.);
#129=ORIENTED_EDGE('',*,*,#1737,.T.);
#130=ORIENTED_EDGE('',*,*,#1738,.F.);
#131=ORIENTED_EDGE('',*,*,#1739,.F.);
#132=ORIENTED_EDGE('',*,*,#1740,.T.);
#133=ORIENTED_EDGE('',*,*,#1741,.T.);
#134=ORIENTED_EDGE('',*,*,#1742,.F.);
#135=ORIENTED_EDGE('',*,*,#1743,.T.);
#136=ORIENTED_EDGE('',*,*,#1744,.T.);
#137=ORIENTED_EDGE('',*,*,#1745,.T.);
#138=ORIENTED_EDGE('',*,*,#1746,.T.);
#139=ORIENTED_EDGE('',*,*,#1747,.T.);
#140=ORIENTED_EDGE('',*,*,#1748,.F.);
#141=ORIENTED_EDGE('',*,*,#1749,.F.);
#142=ORIENTED_EDGE('',*,*,#1750,.T.);
#143=ORIENTED_EDGE('',*,*,#1751,.T.);
#144=ORIENTED_EDGE('',*,*,#1752,.T.);
#145=ORIENTED_EDGE('',*,*,#1753,.F.);
#146=ORIENTED_EDGE('',*,*,#1754,.F.);
#147=ORIENTED_EDGE('',*,*,#1755,.F.);
#148=ORIENTED_EDGE('',*,*,#1756,.T.);
#149=ORIENTED_EDGE('',*,*,#1757,.F.);
#150=ORIENTED_EDGE('',*,*,#1758,.F.);
#151=ORIENTED_EDGE('',*,*,#1759,.F.);
#152=ORIENTED_EDGE('',*,*,#1760,.F.);
#153=ORIENTED_EDGE('',*,*,#1761,.T.);
#154=ORIENTED_EDGE('',*,*,#1762,.F.);
#155=ORIENTED_EDGE('',*,*,#1763,.F.);
#156=ORIENTED_EDGE('',*,*,#1764,.F.);
#157=ORIENTED_EDGE('',*,*,#1765,.T.);
#158=ORIENTED_EDGE('',*,*,#1766,.T.);
#159=ORIENTED_EDGE('',*,*,#1767,.T.);
#160=ORIENTED_EDGE('',*,*,#1768,.F.);
#161=ORIENTED_EDGE('',*,*,#1769,.F.);
#162=ORIENTED_EDGE('',*,*,#1770,.T.);
#163=ORIENTED_EDGE('',*,*,#1771,.T.);
#164=ORIENTED_EDGE('',*,*,#1772,.T.);
#165=ORIENTED_EDGE('',*,*,#1765,.F.);
#166=ORIENTED_EDGE('',*,*,#1770,.F.);
#167=ORIENTED_EDGE('',*,*,#1773,.T.);
#168=ORIENTED_EDGE('',*,*,#1721,.F.);
#169=ORIENTED_EDGE('',*,*,#1774,.F.);
#170=ORIENTED_EDGE('',*,*,#1775,.F.);
#171=ORIENTED_EDGE('',*,*,#1776,.F.);
#172=ORIENTED_EDGE('',*,*,#1753,.T.);
#173=ORIENTED_EDGE('',*,*,#1777,.T.);
#174=ORIENTED_EDGE('',*,*,#1778,.F.);
#175=ORIENTED_EDGE('',*,*,#1779,.F.);
#176=ORIENTED_EDGE('',*,*,#1780,.F.);
#177=ORIENTED_EDGE('',*,*,#1781,.F.);
#178=ORIENTED_EDGE('',*,*,#1757,.T.);
#179=ORIENTED_EDGE('',*,*,#1782,.F.);
#180=ORIENTED_EDGE('',*,*,#1783,.T.);
#181=ORIENTED_EDGE('',*,*,#1784,.T.);
#182=ORIENTED_EDGE('',*,*,#1777,.F.);
#183=ORIENTED_EDGE('',*,*,#1752,.F.);
#184=ORIENTED_EDGE('',*,*,#1785,.F.);
#185=ORIENTED_EDGE('',*,*,#1786,.F.);
#186=ORIENTED_EDGE('',*,*,#1787,.T.);
#187=ORIENTED_EDGE('',*,*,#1788,.F.);
#188=ORIENTED_EDGE('',*,*,#1789,.F.);
#189=ORIENTED_EDGE('',*,*,#1790,.T.);
#190=ORIENTED_EDGE('',*,*,#1791,.F.);
#191=ORIENTED_EDGE('',*,*,#1792,.F.);
#192=ORIENTED_EDGE('',*,*,#1793,.F.);
#193=ORIENTED_EDGE('',*,*,#1794,.T.);
#194=ORIENTED_EDGE('',*,*,#1795,.F.);
#195=ORIENTED_EDGE('',*,*,#1796,.T.);
#196=ORIENTED_EDGE('',*,*,#1797,.T.);
#197=ORIENTED_EDGE('',*,*,#1798,.T.);
#198=ORIENTED_EDGE('',*,*,#1799,.T.);
#199=ORIENTED_EDGE('',*,*,#1783,.F.);
#200=ORIENTED_EDGE('',*,*,#1800,.F.);
#201=ORIENTED_EDGE('',*,*,#1801,.T.);
#202=ORIENTED_EDGE('',*,*,#1802,.T.);
#203=ORIENTED_EDGE('',*,*,#1803,.F.);
#204=ORIENTED_EDGE('',*,*,#1804,.F.);
#205=ORIENTED_EDGE('',*,*,#1805,.T.);
#206=ORIENTED_EDGE('',*,*,#1806,.T.);
#207=ORIENTED_EDGE('',*,*,#1807,.F.);
#208=ORIENTED_EDGE('',*,*,#1808,.F.);
#209=ORIENTED_EDGE('',*,*,#1809,.T.);
#210=ORIENTED_EDGE('',*,*,#1810,.T.);
#211=ORIENTED_EDGE('',*,*,#1811,.F.);
#212=ORIENTED_EDGE('',*,*,#1812,.F.);
#213=ORIENTED_EDGE('',*,*,#1813,.T.);
#214=ORIENTED_EDGE('',*,*,#1814,.T.);
#215=ORIENTED_EDGE('',*,*,#1815,.F.);
#216=ORIENTED_EDGE('',*,*,#1816,.F.);
#217=ORIENTED_EDGE('',*,*,#1817,.T.);
#218=ORIENTED_EDGE('',*,*,#1818,.T.);
#219=ORIENTED_EDGE('',*,*,#1819,.F.);
#220=ORIENTED_EDGE('',*,*,#1820,.F.);
#221=ORIENTED_EDGE('',*,*,#1821,.T.);
#222=ORIENTED_EDGE('',*,*,#1822,.T.);
#223=ORIENTED_EDGE('',*,*,#1823,.F.);
#224=ORIENTED_EDGE('',*,*,#1824,.F.);
#225=ORIENTED_EDGE('',*,*,#1825,.T.);
#226=ORIENTED_EDGE('',*,*,#1826,.T.);
#227=ORIENTED_EDGE('',*,*,#1827,.F.);
#228=ORIENTED_EDGE('',*,*,#1828,.F.);
#229=ORIENTED_EDGE('',*,*,#1829,.T.);
#230=ORIENTED_EDGE('',*,*,#1830,.T.);
#231=ORIENTED_EDGE('',*,*,#1831,.F.);
#232=ORIENTED_EDGE('',*,*,#1832,.F.);
#233=ORIENTED_EDGE('',*,*,#1833,.T.);
#234=ORIENTED_EDGE('',*,*,#1834,.T.);
#235=ORIENTED_EDGE('',*,*,#1835,.F.);
#236=ORIENTED_EDGE('',*,*,#1836,.F.);
#237=ORIENTED_EDGE('',*,*,#1837,.T.);
#238=ORIENTED_EDGE('',*,*,#1838,.T.);
#239=ORIENTED_EDGE('',*,*,#1839,.F.);
#240=ORIENTED_EDGE('',*,*,#1840,.F.);
#241=ORIENTED_EDGE('',*,*,#1841,.T.);
#242=ORIENTED_EDGE('',*,*,#1842,.T.);
#243=ORIENTED_EDGE('',*,*,#1843,.F.);
#244=ORIENTED_EDGE('',*,*,#1844,.F.);
#245=ORIENTED_EDGE('',*,*,#1845,.T.);
#246=ORIENTED_EDGE('',*,*,#1846,.T.);
#247=ORIENTED_EDGE('',*,*,#1847,.F.);
#248=ORIENTED_EDGE('',*,*,#1848,.F.);
#249=ORIENTED_EDGE('',*,*,#1849,.T.);
#250=ORIENTED_EDGE('',*,*,#1850,.T.);
#251=ORIENTED_EDGE('',*,*,#1851,.F.);
#252=ORIENTED_EDGE('',*,*,#1852,.F.);
#253=ORIENTED_EDGE('',*,*,#1853,.T.);
#254=ORIENTED_EDGE('',*,*,#1854,.T.);
#255=ORIENTED_EDGE('',*,*,#1855,.F.);
#256=ORIENTED_EDGE('',*,*,#1856,.F.);
#257=ORIENTED_EDGE('',*,*,#1857,.T.);
#258=ORIENTED_EDGE('',*,*,#1858,.T.);
#259=ORIENTED_EDGE('',*,*,#1859,.F.);
#260=ORIENTED_EDGE('',*,*,#1860,.F.);
#261=ORIENTED_EDGE('',*,*,#1861,.T.);
#262=ORIENTED_EDGE('',*,*,#1862,.T.);
#263=ORIENTED_EDGE('',*,*,#1863,.F.);
#264=ORIENTED_EDGE('',*,*,#1864,.F.);
#265=ORIENTED_EDGE('',*,*,#1865,.T.);
#266=ORIENTED_EDGE('',*,*,#1866,.T.);
#267=ORIENTED_EDGE('',*,*,#1867,.F.);
#268=ORIENTED_EDGE('',*,*,#1868,.F.);
#269=ORIENTED_EDGE('',*,*,#1869,.T.);
#270=ORIENTED_EDGE('',*,*,#1870,.T.);
#271=ORIENTED_EDGE('',*,*,#1871,.F.);
#272=ORIENTED_EDGE('',*,*,#1872,.F.);
#273=ORIENTED_EDGE('',*,*,#1873,.T.);
#274=ORIENTED_EDGE('',*,*,#1874,.T.);
#275=ORIENTED_EDGE('',*,*,#1875,.F.);
#276=ORIENTED_EDGE('',*,*,#1876,.F.);
#277=ORIENTED_EDGE('',*,*,#1877,.T.);
#278=ORIENTED_EDGE('',*,*,#1878,.T.);
#279=ORIENTED_EDGE('',*,*,#1879,.F.);
#280=ORIENTED_EDGE('',*,*,#1798,.F.);
#281=ORIENTED_EDGE('',*,*,#1880,.T.);
#282=ORIENTED_EDGE('',*,*,#1758,.T.);
#283=ORIENTED_EDGE('',*,*,#1781,.T.);
#284=ORIENTED_EDGE('',*,*,#1881,.F.);
#285=ORIENTED_EDGE('',*,*,#1882,.F.);
#286=ORIENTED_EDGE('',*,*,#1883,.T.);
#287=ORIENTED_EDGE('',*,*,#1884,.F.);
#288=ORIENTED_EDGE('',*,*,#1885,.T.);
#289=ORIENTED_EDGE('',*,*,#1886,.T.);
#290=ORIENTED_EDGE('',*,*,#1887,.T.);
#291=ORIENTED_EDGE('',*,*,#1888,.T.);
#292=ORIENTED_EDGE('',*,*,#1889,.T.);
#293=ORIENTED_EDGE('',*,*,#1890,.T.);
#294=ORIENTED_EDGE('',*,*,#1891,.T.);
#295=ORIENTED_EDGE('',*,*,#1892,.F.);
#296=ORIENTED_EDGE('',*,*,#1893,.T.);
#297=ORIENTED_EDGE('',*,*,#1894,.T.);
#298=ORIENTED_EDGE('',*,*,#1895,.T.);
#299=ORIENTED_EDGE('',*,*,#1896,.T.);
#300=ORIENTED_EDGE('',*,*,#1897,.T.);
#301=ORIENTED_EDGE('',*,*,#1898,.F.);
#302=ORIENTED_EDGE('',*,*,#1899,.T.);
#303=ORIENTED_EDGE('',*,*,#1900,.T.);
#304=ORIENTED_EDGE('',*,*,#1901,.T.);
#305=ORIENTED_EDGE('',*,*,#1902,.F.);
#306=ORIENTED_EDGE('',*,*,#1903,.T.);
#307=ORIENTED_EDGE('',*,*,#1904,.T.);
#308=ORIENTED_EDGE('',*,*,#1905,.T.);
#309=ORIENTED_EDGE('',*,*,#1906,.F.);
#310=ORIENTED_EDGE('',*,*,#1907,.T.);
#311=ORIENTED_EDGE('',*,*,#1908,.T.);
#312=ORIENTED_EDGE('',*,*,#1909,.T.);
#313=ORIENTED_EDGE('',*,*,#1910,.F.);
#314=ORIENTED_EDGE('',*,*,#1911,.T.);
#315=ORIENTED_EDGE('',*,*,#1912,.T.);
#316=ORIENTED_EDGE('',*,*,#1913,.T.);
#317=ORIENTED_EDGE('',*,*,#1914,.F.);
#318=ORIENTED_EDGE('',*,*,#1915,.T.);
#319=ORIENTED_EDGE('',*,*,#1916,.T.);
#320=ORIENTED_EDGE('',*,*,#1917,.F.);
#321=ORIENTED_EDGE('',*,*,#1918,.F.);
#322=ORIENTED_EDGE('',*,*,#1919,.T.);
#323=ORIENTED_EDGE('',*,*,#1914,.T.);
#324=ORIENTED_EDGE('',*,*,#1920,.F.);
#325=ORIENTED_EDGE('',*,*,#1921,.F.);
#326=ORIENTED_EDGE('',*,*,#1922,.T.);
#327=ORIENTED_EDGE('',*,*,#1918,.T.);
#328=ORIENTED_EDGE('',*,*,#1923,.F.);
#329=ORIENTED_EDGE('',*,*,#1924,.F.);
#330=ORIENTED_EDGE('',*,*,#1925,.F.);
#331=ORIENTED_EDGE('',*,*,#1926,.F.);
#332=ORIENTED_EDGE('',*,*,#1927,.F.);
#333=ORIENTED_EDGE('',*,*,#1928,.T.);
#334=ORIENTED_EDGE('',*,*,#1929,.T.);
#335=ORIENTED_EDGE('',*,*,#1930,.T.);
#336=ORIENTED_EDGE('',*,*,#1931,.T.);
#337=ORIENTED_EDGE('',*,*,#1932,.T.);
#338=ORIENTED_EDGE('',*,*,#1933,.T.);
#339=ORIENTED_EDGE('',*,*,#1934,.T.);
#340=ORIENTED_EDGE('',*,*,#1935,.T.);
#341=ORIENTED_EDGE('',*,*,#1936,.F.);
#342=ORIENTED_EDGE('',*,*,#1937,.F.);
#343=ORIENTED_EDGE('',*,*,#1938,.F.);
#344=ORIENTED_EDGE('',*,*,#1939,.F.);
#345=ORIENTED_EDGE('',*,*,#1940,.T.);
#346=ORIENTED_EDGE('',*,*,#1941,.T.);
#347=ORIENTED_EDGE('',*,*,#1942,.T.);
#348=ORIENTED_EDGE('',*,*,#1943,.T.);
#349=ORIENTED_EDGE('',*,*,#1944,.F.);
#350=ORIENTED_EDGE('',*,*,#1945,.F.);
#351=ORIENTED_EDGE('',*,*,#1946,.F.);
#352=ORIENTED_EDGE('',*,*,#1947,.F.);
#353=ORIENTED_EDGE('',*,*,#1948,.F.);
#354=ORIENTED_EDGE('',*,*,#1949,.T.);
#355=ORIENTED_EDGE('',*,*,#1950,.T.);
#356=ORIENTED_EDGE('',*,*,#1951,.T.);
#357=ORIENTED_EDGE('',*,*,#1790,.F.);
#358=ORIENTED_EDGE('',*,*,#1952,.T.);
#359=ORIENTED_EDGE('',*,*,#1953,.T.);
#360=ORIENTED_EDGE('',*,*,#1954,.T.);
#361=ORIENTED_EDGE('',*,*,#1955,.T.);
#362=ORIENTED_EDGE('',*,*,#1956,.T.);
#363=ORIENTED_EDGE('',*,*,#1957,.T.);
#364=ORIENTED_EDGE('',*,*,#1958,.T.);
#365=ORIENTED_EDGE('',*,*,#1959,.T.);
#366=ORIENTED_EDGE('',*,*,#1960,.T.);
#367=ORIENTED_EDGE('',*,*,#1961,.T.);
#368=ORIENTED_EDGE('',*,*,#1962,.T.);
#369=ORIENTED_EDGE('',*,*,#1963,.T.);
#370=ORIENTED_EDGE('',*,*,#1964,.F.);
#371=ORIENTED_EDGE('',*,*,#1965,.F.);
#372=ORIENTED_EDGE('',*,*,#1966,.F.);
#373=ORIENTED_EDGE('',*,*,#1967,.F.);
#374=ORIENTED_EDGE('',*,*,#1968,.F.);
#375=ORIENTED_EDGE('',*,*,#1969,.F.);
#376=ORIENTED_EDGE('',*,*,#1970,.F.);
#377=ORIENTED_EDGE('',*,*,#1971,.F.);
#378=ORIENTED_EDGE('',*,*,#1972,.F.);
#379=ORIENTED_EDGE('',*,*,#1973,.F.);
#380=ORIENTED_EDGE('',*,*,#1974,.F.);
#381=ORIENTED_EDGE('',*,*,#1975,.F.);
#382=ORIENTED_EDGE('',*,*,#1976,.T.);
#383=ORIENTED_EDGE('',*,*,#1977,.T.);
#384=ORIENTED_EDGE('',*,*,#1792,.T.);
#385=ORIENTED_EDGE('',*,*,#1978,.F.);
#386=ORIENTED_EDGE('',*,*,#1979,.T.);
#387=ORIENTED_EDGE('',*,*,#1886,.F.);
#388=ORIENTED_EDGE('',*,*,#1980,.T.);
#389=ORIENTED_EDGE('',*,*,#1976,.F.);
#390=ORIENTED_EDGE('',*,*,#1981,.T.);
#391=ORIENTED_EDGE('',*,*,#1982,.F.);
#392=ORIENTED_EDGE('',*,*,#1983,.F.);
#393=ORIENTED_EDGE('',*,*,#1911,.F.);
#394=ORIENTED_EDGE('',*,*,#1984,.F.);
#395=ORIENTED_EDGE('',*,*,#1907,.F.);
#396=ORIENTED_EDGE('',*,*,#1985,.F.);
#397=ORIENTED_EDGE('',*,*,#1903,.F.);
#398=ORIENTED_EDGE('',*,*,#1986,.F.);
#399=ORIENTED_EDGE('',*,*,#1949,.F.);
#400=ORIENTED_EDGE('',*,*,#1987,.T.);
#401=ORIENTED_EDGE('',*,*,#1888,.F.);
#402=ORIENTED_EDGE('',*,*,#1988,.T.);
#403=ORIENTED_EDGE('',*,*,#1905,.F.);
#404=ORIENTED_EDGE('',*,*,#1989,.T.);
#405=ORIENTED_EDGE('',*,*,#1909,.F.);
#406=ORIENTED_EDGE('',*,*,#1990,.T.);
#407=ORIENTED_EDGE('',*,*,#1913,.F.);
#408=ORIENTED_EDGE('',*,*,#1991,.T.);
#409=ORIENTED_EDGE('',*,*,#1992,.F.);
#410=ORIENTED_EDGE('',*,*,#1993,.T.);
#411=ORIENTED_EDGE('',*,*,#1994,.F.);
#412=ORIENTED_EDGE('',*,*,#1762,.T.);
#413=ORIENTED_EDGE('',*,*,#1995,.F.);
#414=ORIENTED_EDGE('',*,*,#1794,.F.);
#415=ORIENTED_EDGE('',*,*,#1996,.T.);
#416=ORIENTED_EDGE('',*,*,#1997,.F.);
#417=ORIENTED_EDGE('',*,*,#1998,.F.);
#418=ORIENTED_EDGE('',*,*,#1999,.F.);
#419=ORIENTED_EDGE('',*,*,#2000,.T.);
#420=ORIENTED_EDGE('',*,*,#2001,.T.);
#421=ORIENTED_EDGE('',*,*,#1694,.T.);
#422=ORIENTED_EDGE('',*,*,#2002,.F.);
#423=ORIENTED_EDGE('',*,*,#2003,.F.);
#424=ORIENTED_EDGE('',*,*,#2004,.T.);
#425=ORIENTED_EDGE('',*,*,#1698,.T.);
#426=ORIENTED_EDGE('',*,*,#1710,.F.);
#427=ORIENTED_EDGE('',*,*,#1788,.T.);
#428=ORIENTED_EDGE('',*,*,#2005,.T.);
#429=ORIENTED_EDGE('',*,*,#1767,.F.);
#430=ORIENTED_EDGE('',*,*,#2006,.T.);
#431=ORIENTED_EDGE('',*,*,#1718,.T.);
#432=ORIENTED_EDGE('',*,*,#1705,.T.);
#433=ORIENTED_EDGE('',*,*,#2007,.F.);
#434=ORIENTED_EDGE('',*,*,#2008,.T.);
#435=ORIENTED_EDGE('',*,*,#2009,.T.);
#436=ORIENTED_EDGE('',*,*,#1701,.T.);
#437=ORIENTED_EDGE('',*,*,#2010,.T.);
#438=ORIENTED_EDGE('',*,*,#2011,.F.);
#439=ORIENTED_EDGE('',*,*,#1923,.T.);
#440=ORIENTED_EDGE('',*,*,#1920,.T.);
#441=ORIENTED_EDGE('',*,*,#1917,.T.);
#442=ORIENTED_EDGE('',*,*,#2012,.F.);
#443=ORIENTED_EDGE('',*,*,#1771,.F.);
#444=ORIENTED_EDGE('',*,*,#1775,.T.);
#445=ORIENTED_EDGE('',*,*,#2013,.T.);
#446=ORIENTED_EDGE('',*,*,#2014,.T.);
#447=ORIENTED_EDGE('',*,*,#1784,.F.);
#448=ORIENTED_EDGE('',*,*,#1799,.F.);
#449=ORIENTED_EDGE('',*,*,#1881,.T.);
#450=ORIENTED_EDGE('',*,*,#1780,.T.);
#451=ORIENTED_EDGE('',*,*,#2015,.T.);
#452=ORIENTED_EDGE('',*,*,#1778,.T.);
#453=ORIENTED_EDGE('',*,*,#2013,.F.);
#454=ORIENTED_EDGE('',*,*,#1774,.T.);
#455=ORIENTED_EDGE('',*,*,#1720,.T.);
#456=ORIENTED_EDGE('',*,*,#2016,.T.);
#457=ORIENTED_EDGE('',*,*,#1951,.F.);
#458=ORIENTED_EDGE('',*,*,#2017,.T.);
#459=ORIENTED_EDGE('',*,*,#2018,.T.);
#460=ORIENTED_EDGE('',*,*,#2019,.T.);
#461=ORIENTED_EDGE('',*,*,#1978,.T.);
#462=ORIENTED_EDGE('',*,*,#1791,.T.);
#463=ORIENTED_EDGE('',*,*,#2020,.F.);
#464=ORIENTED_EDGE('',*,*,#1982,.T.);
#465=ORIENTED_EDGE('',*,*,#2021,.T.);
#466=ORIENTED_EDGE('',*,*,#1992,.T.);
#467=ORIENTED_EDGE('',*,*,#2022,.T.);
#468=ORIENTED_EDGE('',*,*,#2023,.T.);
#469=ORIENTED_EDGE('',*,*,#2024,.T.);
#470=ORIENTED_EDGE('',*,*,#2025,.F.);
#471=ORIENTED_EDGE('',*,*,#2026,.T.);
#472=ORIENTED_EDGE('',*,*,#2027,.T.);
#473=ORIENTED_EDGE('',*,*,#2028,.F.);
#474=ORIENTED_EDGE('',*,*,#2029,.T.);
#475=ORIENTED_EDGE('',*,*,#2030,.T.);
#476=ORIENTED_EDGE('',*,*,#2025,.T.);
#477=ORIENTED_EDGE('',*,*,#1717,.F.);
#478=ORIENTED_EDGE('',*,*,#2031,.T.);
#479=ORIENTED_EDGE('',*,*,#2032,.T.);
#480=ORIENTED_EDGE('',*,*,#2033,.T.);
#481=ORIENTED_EDGE('',*,*,#1711,.F.);
#482=ORIENTED_EDGE('',*,*,#1696,.T.);
#483=ORIENTED_EDGE('',*,*,#2034,.T.);
#484=ORIENTED_EDGE('',*,*,#1898,.T.);
#485=ORIENTED_EDGE('',*,*,#2035,.T.);
#486=ORIENTED_EDGE('',*,*,#2036,.T.);
#487=ORIENTED_EDGE('',*,*,#2037,.T.);
#488=ORIENTED_EDGE('',*,*,#2038,.T.);
#489=ORIENTED_EDGE('',*,*,#2028,.T.);
#490=ORIENTED_EDGE('',*,*,#2039,.T.);
#491=ORIENTED_EDGE('',*,*,#2040,.T.);
#492=ORIENTED_EDGE('',*,*,#2041,.T.);
#493=ORIENTED_EDGE('',*,*,#2042,.T.);
#494=ORIENTED_EDGE('',*,*,#1892,.T.);
#495=ORIENTED_EDGE('',*,*,#2043,.T.);
#496=ORIENTED_EDGE('',*,*,#1707,.T.);
#497=ORIENTED_EDGE('',*,*,#2044,.F.);
#498=ORIENTED_EDGE('',*,*,#1714,.F.);
#499=ORIENTED_EDGE('',*,*,#2045,.T.);
#500=ORIENTED_EDGE('',*,*,#2046,.T.);
#501=ORIENTED_EDGE('',*,*,#2047,.T.);
#502=ORIENTED_EDGE('',*,*,#2048,.T.);
#503=ORIENTED_EDGE('',*,*,#2049,.F.);
#504=ORIENTED_EDGE('',*,*,#2050,.F.);
#505=ORIENTED_EDGE('',*,*,#2051,.T.);
#506=ORIENTED_EDGE('',*,*,#2046,.F.);
#507=ORIENTED_EDGE('',*,*,#2052,.F.);
#508=ORIENTED_EDGE('',*,*,#2050,.T.);
#509=ORIENTED_EDGE('',*,*,#1713,.T.);
#510=ORIENTED_EDGE('',*,*,#2053,.T.);
#511=ORIENTED_EDGE('',*,*,#2054,.T.);
#512=ORIENTED_EDGE('',*,*,#2047,.F.);
#513=ORIENTED_EDGE('',*,*,#2052,.T.);
#514=ORIENTED_EDGE('',*,*,#2045,.F.);
#515=ORIENTED_EDGE('',*,*,#2049,.T.);
#516=ORIENTED_EDGE('',*,*,#2055,.T.);
#517=ORIENTED_EDGE('',*,*,#2056,.T.);
#518=ORIENTED_EDGE('',*,*,#1715,.F.);
#519=ORIENTED_EDGE('',*,*,#2044,.T.);
#520=ORIENTED_EDGE('',*,*,#2051,.F.);
#521=ORIENTED_EDGE('',*,*,#2030,.F.);
#522=ORIENTED_EDGE('',*,*,#2057,.T.);
#523=ORIENTED_EDGE('',*,*,#2058,.T.);
#524=ORIENTED_EDGE('',*,*,#2059,.T.);
#525=ORIENTED_EDGE('',*,*,#2022,.F.);
#526=ORIENTED_EDGE('',*,*,#2060,.T.);
#527=ORIENTED_EDGE('',*,*,#2061,.T.);
#528=ORIENTED_EDGE('',*,*,#2026,.F.);
#529=ORIENTED_EDGE('',*,*,#2024,.F.);
#530=ORIENTED_EDGE('',*,*,#2062,.T.);
#531=ORIENTED_EDGE('',*,*,#2014,.F.);
#532=ORIENTED_EDGE('',*,*,#2016,.F.);
#533=ORIENTED_EDGE('',*,*,#1719,.F.);
#534=ORIENTED_EDGE('',*,*,#2006,.F.);
#535=ORIENTED_EDGE('',*,*,#1766,.F.);
#536=ORIENTED_EDGE('',*,*,#1772,.F.);
#537=ORIENTED_EDGE('',*,*,#1965,.T.);
#538=ORIENTED_EDGE('',*,*,#2063,.F.);
#539=ORIENTED_EDGE('',*,*,#2064,.F.);
#540=ORIENTED_EDGE('',*,*,#2065,.T.);
#541=ORIENTED_EDGE('',*,*,#1964,.T.);
#542=ORIENTED_EDGE('',*,*,#2066,.F.);
#543=ORIENTED_EDGE('',*,*,#2067,.F.);
#544=ORIENTED_EDGE('',*,*,#2063,.T.);
#545=ORIENTED_EDGE('',*,*,#1967,.T.);
#546=ORIENTED_EDGE('',*,*,#2068,.F.);
#547=ORIENTED_EDGE('',*,*,#2069,.F.);
#548=ORIENTED_EDGE('',*,*,#2066,.T.);
#549=ORIENTED_EDGE('',*,*,#1966,.T.);
#550=ORIENTED_EDGE('',*,*,#2065,.F.);
#551=ORIENTED_EDGE('',*,*,#2070,.F.);
#552=ORIENTED_EDGE('',*,*,#2068,.T.);
#553=ORIENTED_EDGE('',*,*,#2064,.T.);
#554=ORIENTED_EDGE('',*,*,#2067,.T.);
#555=ORIENTED_EDGE('',*,*,#2069,.T.);
#556=ORIENTED_EDGE('',*,*,#2070,.T.);
#557=ORIENTED_EDGE('',*,*,#1960,.F.);
#558=ORIENTED_EDGE('',*,*,#2071,.F.);
#559=ORIENTED_EDGE('',*,*,#2072,.T.);
#560=ORIENTED_EDGE('',*,*,#2073,.T.);
#561=ORIENTED_EDGE('',*,*,#1963,.F.);
#562=ORIENTED_EDGE('',*,*,#2074,.F.);
#563=ORIENTED_EDGE('',*,*,#2075,.T.);
#564=ORIENTED_EDGE('',*,*,#2071,.T.);
#565=ORIENTED_EDGE('',*,*,#1962,.F.);
#566=ORIENTED_EDGE('',*,*,#2076,.F.);
#567=ORIENTED_EDGE('',*,*,#2077,.T.);
#568=ORIENTED_EDGE('',*,*,#2074,.T.);
#569=ORIENTED_EDGE('',*,*,#1961,.F.);
#570=ORIENTED_EDGE('',*,*,#2073,.F.);
#571=ORIENTED_EDGE('',*,*,#2078,.T.);
#572=ORIENTED_EDGE('',*,*,#2076,.T.);
#573=ORIENTED_EDGE('',*,*,#2072,.F.);
#574=ORIENTED_EDGE('',*,*,#2075,.F.);
#575=ORIENTED_EDGE('',*,*,#2077,.F.);
#576=ORIENTED_EDGE('',*,*,#2078,.F.);
#577=ORIENTED_EDGE('',*,*,#1969,.T.);
#578=ORIENTED_EDGE('',*,*,#2079,.F.);
#579=ORIENTED_EDGE('',*,*,#2080,.F.);
#580=ORIENTED_EDGE('',*,*,#2081,.T.);
#581=ORIENTED_EDGE('',*,*,#1968,.T.);
#582=ORIENTED_EDGE('',*,*,#2082,.F.);
#583=ORIENTED_EDGE('',*,*,#2083,.F.);
#584=ORIENTED_EDGE('',*,*,#2079,.T.);
#585=ORIENTED_EDGE('',*,*,#1971,.T.);
#586=ORIENTED_EDGE('',*,*,#2084,.F.);
#587=ORIENTED_EDGE('',*,*,#2085,.F.);
#588=ORIENTED_EDGE('',*,*,#2082,.T.);
#589=ORIENTED_EDGE('',*,*,#1970,.T.);
#590=ORIENTED_EDGE('',*,*,#2081,.F.);
#591=ORIENTED_EDGE('',*,*,#2086,.F.);
#592=ORIENTED_EDGE('',*,*,#2084,.T.);
#593=ORIENTED_EDGE('',*,*,#2080,.T.);
#594=ORIENTED_EDGE('',*,*,#2083,.T.);
#595=ORIENTED_EDGE('',*,*,#2085,.T.);
#596=ORIENTED_EDGE('',*,*,#2086,.T.);
#597=ORIENTED_EDGE('',*,*,#1956,.F.);
#598=ORIENTED_EDGE('',*,*,#2087,.F.);
#599=ORIENTED_EDGE('',*,*,#2088,.T.);
#600=ORIENTED_EDGE('',*,*,#2089,.T.);
#601=ORIENTED_EDGE('',*,*,#1959,.F.);
#602=ORIENTED_EDGE('',*,*,#2090,.F.);
#603=ORIENTED_EDGE('',*,*,#2091,.T.);
#604=ORIENTED_EDGE('',*,*,#2087,.T.);
#605=ORIENTED_EDGE('',*,*,#1958,.F.);
#606=ORIENTED_EDGE('',*,*,#2092,.F.);
#607=ORIENTED_EDGE('',*,*,#2093,.T.);
#608=ORIENTED_EDGE('',*,*,#2090,.T.);
#609=ORIENTED_EDGE('',*,*,#1957,.F.);
#610=ORIENTED_EDGE('',*,*,#2089,.F.);
#611=ORIENTED_EDGE('',*,*,#2094,.T.);
#612=ORIENTED_EDGE('',*,*,#2092,.T.);
#613=ORIENTED_EDGE('',*,*,#2088,.F.);
#614=ORIENTED_EDGE('',*,*,#2091,.F.);
#615=ORIENTED_EDGE('',*,*,#2093,.F.);
#616=ORIENTED_EDGE('',*,*,#2094,.F.);
#617=ORIENTED_EDGE('',*,*,#1973,.T.);
#618=ORIENTED_EDGE('',*,*,#2095,.F.);
#619=ORIENTED_EDGE('',*,*,#2096,.F.);
#620=ORIENTED_EDGE('',*,*,#2097,.T.);
#621=ORIENTED_EDGE('',*,*,#1972,.T.);
#622=ORIENTED_EDGE('',*,*,#2098,.F.);
#623=ORIENTED_EDGE('',*,*,#2099,.F.);
#624=ORIENTED_EDGE('',*,*,#2095,.T.);
#625=ORIENTED_EDGE('',*,*,#1975,.T.);
#626=ORIENTED_EDGE('',*,*,#2100,.F.);
#627=ORIENTED_EDGE('',*,*,#2101,.F.);
#628=ORIENTED_EDGE('',*,*,#2098,.T.);
#629=ORIENTED_EDGE('',*,*,#1974,.T.);
#630=ORIENTED_EDGE('',*,*,#2097,.F.);
#631=ORIENTED_EDGE('',*,*,#2102,.F.);
#632=ORIENTED_EDGE('',*,*,#2100,.T.);
#633=ORIENTED_EDGE('',*,*,#2096,.T.);
#634=ORIENTED_EDGE('',*,*,#2099,.T.);
#635=ORIENTED_EDGE('',*,*,#2101,.T.);
#636=ORIENTED_EDGE('',*,*,#2102,.T.);
#637=ORIENTED_EDGE('',*,*,#1952,.F.);
#638=ORIENTED_EDGE('',*,*,#2103,.F.);
#639=ORIENTED_EDGE('',*,*,#2104,.T.);
#640=ORIENTED_EDGE('',*,*,#2105,.T.);
#641=ORIENTED_EDGE('',*,*,#1955,.F.);
#642=ORIENTED_EDGE('',*,*,#2106,.F.);
#643=ORIENTED_EDGE('',*,*,#2107,.T.);
#644=ORIENTED_EDGE('',*,*,#2103,.T.);
#645=ORIENTED_EDGE('',*,*,#1954,.F.);
#646=ORIENTED_EDGE('',*,*,#2108,.F.);
#647=ORIENTED_EDGE('',*,*,#2109,.T.);
#648=ORIENTED_EDGE('',*,*,#2106,.T.);
#649=ORIENTED_EDGE('',*,*,#1953,.F.);
#650=ORIENTED_EDGE('',*,*,#2105,.F.);
#651=ORIENTED_EDGE('',*,*,#2110,.T.);
#652=ORIENTED_EDGE('',*,*,#2108,.T.);
#653=ORIENTED_EDGE('',*,*,#2104,.F.);
#654=ORIENTED_EDGE('',*,*,#2107,.F.);
#655=ORIENTED_EDGE('',*,*,#2109,.F.);
#656=ORIENTED_EDGE('',*,*,#2110,.F.);
#657=ORIENTED_EDGE('',*,*,#2035,.F.);
#658=ORIENTED_EDGE('',*,*,#1897,.F.);
#659=ORIENTED_EDGE('',*,*,#2111,.T.);
#660=ORIENTED_EDGE('',*,*,#2112,.T.);
#661=ORIENTED_EDGE('',*,*,#2042,.F.);
#662=ORIENTED_EDGE('',*,*,#2113,.T.);
#663=ORIENTED_EDGE('',*,*,#2114,.T.);
#664=ORIENTED_EDGE('',*,*,#1893,.F.);
#665=ORIENTED_EDGE('',*,*,#1979,.F.);
#666=ORIENTED_EDGE('',*,*,#2019,.F.);
#667=ORIENTED_EDGE('',*,*,#2115,.F.);
#668=ORIENTED_EDGE('',*,*,#1981,.F.);
#669=ORIENTED_EDGE('',*,*,#2115,.T.);
#670=ORIENTED_EDGE('',*,*,#2018,.F.);
#671=ORIENTED_EDGE('',*,*,#2116,.F.);
#672=ORIENTED_EDGE('',*,*,#2021,.F.);
#673=ORIENTED_EDGE('',*,*,#1950,.F.);
#674=ORIENTED_EDGE('',*,*,#1993,.F.);
#675=ORIENTED_EDGE('',*,*,#2116,.T.);
#676=ORIENTED_EDGE('',*,*,#2017,.F.);
#677=ORIENTED_EDGE('',*,*,#2041,.F.);
#678=ORIENTED_EDGE('',*,*,#2117,.T.);
#679=ORIENTED_EDGE('',*,*,#2060,.F.);
#680=ORIENTED_EDGE('',*,*,#2118,.F.);
#681=ORIENTED_EDGE('',*,*,#2113,.F.);
#682=ORIENTED_EDGE('',*,*,#2118,.T.);
#683=ORIENTED_EDGE('',*,*,#2062,.F.);
#684=ORIENTED_EDGE('',*,*,#2119,.F.);
#685=ORIENTED_EDGE('',*,*,#1894,.F.);
#686=ORIENTED_EDGE('',*,*,#2114,.F.);
#687=ORIENTED_EDGE('',*,*,#2119,.T.);
#688=ORIENTED_EDGE('',*,*,#2023,.F.);
#689=ORIENTED_EDGE('',*,*,#2120,.F.);
#690=ORIENTED_EDGE('',*,*,#1895,.F.);
#691=ORIENTED_EDGE('',*,*,#2120,.T.);
#692=ORIENTED_EDGE('',*,*,#2059,.F.);
#693=ORIENTED_EDGE('',*,*,#2121,.F.);
#694=ORIENTED_EDGE('',*,*,#2111,.F.);
#695=ORIENTED_EDGE('',*,*,#1896,.F.);
#696=ORIENTED_EDGE('',*,*,#2058,.F.);
#697=ORIENTED_EDGE('',*,*,#2122,.T.);
#698=ORIENTED_EDGE('',*,*,#2036,.F.);
#699=ORIENTED_EDGE('',*,*,#2112,.F.);
#700=ORIENTED_EDGE('',*,*,#2121,.T.);
#701=ORIENTED_EDGE('',*,*,#1933,.F.);
#702=ORIENTED_EDGE('',*,*,#2123,.F.);
#703=ORIENTED_EDGE('',*,*,#2124,.T.);
#704=ORIENTED_EDGE('',*,*,#2125,.T.);
#705=ORIENTED_EDGE('',*,*,#1934,.F.);
#706=ORIENTED_EDGE('',*,*,#2125,.F.);
#707=ORIENTED_EDGE('',*,*,#2126,.T.);
#708=ORIENTED_EDGE('',*,*,#2127,.T.);
#709=ORIENTED_EDGE('',*,*,#1935,.F.);
#710=ORIENTED_EDGE('',*,*,#2127,.F.);
#711=ORIENTED_EDGE('',*,*,#2128,.T.);
#712=ORIENTED_EDGE('',*,*,#2129,.T.);
#713=ORIENTED_EDGE('',*,*,#1932,.F.);
#714=ORIENTED_EDGE('',*,*,#2129,.F.);
#715=ORIENTED_EDGE('',*,*,#2130,.T.);
#716=ORIENTED_EDGE('',*,*,#2123,.T.);
#717=ORIENTED_EDGE('',*,*,#2124,.F.);
#718=ORIENTED_EDGE('',*,*,#2130,.F.);
#719=ORIENTED_EDGE('',*,*,#2128,.F.);
#720=ORIENTED_EDGE('',*,*,#2126,.F.);
#721=ORIENTED_EDGE('',*,*,#1936,.T.);
#722=ORIENTED_EDGE('',*,*,#2131,.F.);
#723=ORIENTED_EDGE('',*,*,#2132,.F.);
#724=ORIENTED_EDGE('',*,*,#2133,.T.);
#725=ORIENTED_EDGE('',*,*,#1937,.T.);
#726=ORIENTED_EDGE('',*,*,#2133,.F.);
#727=ORIENTED_EDGE('',*,*,#2134,.F.);
#728=ORIENTED_EDGE('',*,*,#2135,.T.);
#729=ORIENTED_EDGE('',*,*,#1938,.T.);
#730=ORIENTED_EDGE('',*,*,#2135,.F.);
#731=ORIENTED_EDGE('',*,*,#2136,.F.);
#732=ORIENTED_EDGE('',*,*,#2137,.T.);
#733=ORIENTED_EDGE('',*,*,#1939,.T.);
#734=ORIENTED_EDGE('',*,*,#2137,.F.);
#735=ORIENTED_EDGE('',*,*,#2138,.F.);
#736=ORIENTED_EDGE('',*,*,#2131,.T.);
#737=ORIENTED_EDGE('',*,*,#2132,.T.);
#738=ORIENTED_EDGE('',*,*,#2138,.T.);
#739=ORIENTED_EDGE('',*,*,#2136,.T.);
#740=ORIENTED_EDGE('',*,*,#2134,.T.);
#741=ORIENTED_EDGE('',*,*,#1929,.F.);
#742=ORIENTED_EDGE('',*,*,#2139,.F.);
#743=ORIENTED_EDGE('',*,*,#2140,.T.);
#744=ORIENTED_EDGE('',*,*,#2141,.T.);
#745=ORIENTED_EDGE('',*,*,#1930,.F.);
#746=ORIENTED_EDGE('',*,*,#2141,.F.);
#747=ORIENTED_EDGE('',*,*,#2142,.T.);
#748=ORIENTED_EDGE('',*,*,#2143,.T.);
#749=ORIENTED_EDGE('',*,*,#1931,.F.);
#750=ORIENTED_EDGE('',*,*,#2143,.F.);
#751=ORIENTED_EDGE('',*,*,#2144,.T.);
#752=ORIENTED_EDGE('',*,*,#2145,.T.);
#753=ORIENTED_EDGE('',*,*,#1928,.F.);
#754=ORIENTED_EDGE('',*,*,#2145,.F.);
#755=ORIENTED_EDGE('',*,*,#2146,.T.);
#756=ORIENTED_EDGE('',*,*,#2139,.T.);
#757=ORIENTED_EDGE('',*,*,#2140,.F.);
#758=ORIENTED_EDGE('',*,*,#2146,.F.);
#759=ORIENTED_EDGE('',*,*,#2144,.F.);
#760=ORIENTED_EDGE('',*,*,#2142,.F.);
#761=ORIENTED_EDGE('',*,*,#1924,.T.);
#762=ORIENTED_EDGE('',*,*,#2147,.F.);
#763=ORIENTED_EDGE('',*,*,#2148,.F.);
#764=ORIENTED_EDGE('',*,*,#2149,.T.);
#765=ORIENTED_EDGE('',*,*,#1925,.T.);
#766=ORIENTED_EDGE('',*,*,#2149,.F.);
#767=ORIENTED_EDGE('',*,*,#2150,.F.);
#768=ORIENTED_EDGE('',*,*,#2151,.T.);
#769=ORIENTED_EDGE('',*,*,#1926,.T.);
#770=ORIENTED_EDGE('',*,*,#2151,.F.);
#771=ORIENTED_EDGE('',*,*,#2152,.F.);
#772=ORIENTED_EDGE('',*,*,#2153,.T.);
#773=ORIENTED_EDGE('',*,*,#1927,.T.);
#774=ORIENTED_EDGE('',*,*,#2153,.F.);
#775=ORIENTED_EDGE('',*,*,#2154,.F.);
#776=ORIENTED_EDGE('',*,*,#2147,.T.);
#777=ORIENTED_EDGE('',*,*,#2148,.T.);
#778=ORIENTED_EDGE('',*,*,#2154,.T.);
#779=ORIENTED_EDGE('',*,*,#2152,.T.);
#780=ORIENTED_EDGE('',*,*,#2150,.T.);
#781=ORIENTED_EDGE('',*,*,#1941,.F.);
#782=ORIENTED_EDGE('',*,*,#2155,.F.);
#783=ORIENTED_EDGE('',*,*,#2156,.T.);
#784=ORIENTED_EDGE('',*,*,#2157,.T.);
#785=ORIENTED_EDGE('',*,*,#1942,.F.);
#786=ORIENTED_EDGE('',*,*,#2157,.F.);
#787=ORIENTED_EDGE('',*,*,#2158,.T.);
#788=ORIENTED_EDGE('',*,*,#2159,.T.);
#789=ORIENTED_EDGE('',*,*,#1943,.F.);
#790=ORIENTED_EDGE('',*,*,#2159,.F.);
#791=ORIENTED_EDGE('',*,*,#2160,.T.);
#792=ORIENTED_EDGE('',*,*,#2161,.T.);
#793=ORIENTED_EDGE('',*,*,#1940,.F.);
#794=ORIENTED_EDGE('',*,*,#2161,.F.);
#795=ORIENTED_EDGE('',*,*,#2162,.T.);
#796=ORIENTED_EDGE('',*,*,#2155,.T.);
#797=ORIENTED_EDGE('',*,*,#2156,.F.);
#798=ORIENTED_EDGE('',*,*,#2162,.F.);
#799=ORIENTED_EDGE('',*,*,#2160,.F.);
#800=ORIENTED_EDGE('',*,*,#2158,.F.);
#801=ORIENTED_EDGE('',*,*,#1944,.T.);
#802=ORIENTED_EDGE('',*,*,#2163,.F.);
#803=ORIENTED_EDGE('',*,*,#2164,.F.);
#804=ORIENTED_EDGE('',*,*,#2165,.T.);
#805=ORIENTED_EDGE('',*,*,#1945,.T.);
#806=ORIENTED_EDGE('',*,*,#2165,.F.);
#807=ORIENTED_EDGE('',*,*,#2166,.F.);
#808=ORIENTED_EDGE('',*,*,#2167,.T.);
#809=ORIENTED_EDGE('',*,*,#1946,.T.);
#810=ORIENTED_EDGE('',*,*,#2167,.F.);
#811=ORIENTED_EDGE('',*,*,#2168,.F.);
#812=ORIENTED_EDGE('',*,*,#2169,.T.);
#813=ORIENTED_EDGE('',*,*,#1947,.T.);
#814=ORIENTED_EDGE('',*,*,#2169,.F.);
#815=ORIENTED_EDGE('',*,*,#2170,.F.);
#816=ORIENTED_EDGE('',*,*,#2163,.T.);
#817=ORIENTED_EDGE('',*,*,#2164,.T.);
#818=ORIENTED_EDGE('',*,*,#2170,.T.);
#819=ORIENTED_EDGE('',*,*,#2168,.T.);
#820=ORIENTED_EDGE('',*,*,#2166,.T.);
#821=ORIENTED_EDGE('',*,*,#2171,.T.);
#822=ORIENTED_EDGE('',*,*,#2172,.F.);
#823=ORIENTED_EDGE('',*,*,#2173,.F.);
#824=ORIENTED_EDGE('',*,*,#1840,.T.);
#825=ORIENTED_EDGE('',*,*,#2174,.T.);
#826=ORIENTED_EDGE('',*,*,#2175,.F.);
#827=ORIENTED_EDGE('',*,*,#2176,.F.);
#828=ORIENTED_EDGE('',*,*,#2172,.T.);
#829=ORIENTED_EDGE('',*,*,#2177,.T.);
#830=ORIENTED_EDGE('',*,*,#1842,.F.);
#831=ORIENTED_EDGE('',*,*,#2178,.F.);
#832=ORIENTED_EDGE('',*,*,#2175,.T.);
#833=ORIENTED_EDGE('',*,*,#1841,.F.);
#834=ORIENTED_EDGE('',*,*,#2173,.T.);
#835=ORIENTED_EDGE('',*,*,#2176,.T.);
#836=ORIENTED_EDGE('',*,*,#2178,.T.);
#837=ORIENTED_EDGE('',*,*,#1843,.T.);
#838=ORIENTED_EDGE('',*,*,#2177,.F.);
#839=ORIENTED_EDGE('',*,*,#2174,.F.);
#840=ORIENTED_EDGE('',*,*,#2171,.F.);
#841=ORIENTED_EDGE('',*,*,#2179,.T.);
#842=ORIENTED_EDGE('',*,*,#2180,.F.);
#843=ORIENTED_EDGE('',*,*,#2181,.F.);
#844=ORIENTED_EDGE('',*,*,#1844,.T.);
#845=ORIENTED_EDGE('',*,*,#2182,.T.);
#846=ORIENTED_EDGE('',*,*,#2183,.F.);
#847=ORIENTED_EDGE('',*,*,#2184,.F.);
#848=ORIENTED_EDGE('',*,*,#2180,.T.);
#849=ORIENTED_EDGE('',*,*,#2185,.T.);
#850=ORIENTED_EDGE('',*,*,#1846,.F.);
#851=ORIENTED_EDGE('',*,*,#2186,.F.);
#852=ORIENTED_EDGE('',*,*,#2183,.T.);
#853=ORIENTED_EDGE('',*,*,#1845,.F.);
#854=ORIENTED_EDGE('',*,*,#2181,.T.);
#855=ORIENTED_EDGE('',*,*,#2184,.T.);
#856=ORIENTED_EDGE('',*,*,#2186,.T.);
#857=ORIENTED_EDGE('',*,*,#1847,.T.);
#858=ORIENTED_EDGE('',*,*,#2185,.F.);
#859=ORIENTED_EDGE('',*,*,#2182,.F.);
#860=ORIENTED_EDGE('',*,*,#2179,.F.);
#861=ORIENTED_EDGE('',*,*,#2187,.T.);
#862=ORIENTED_EDGE('',*,*,#2188,.F.);
#863=ORIENTED_EDGE('',*,*,#2189,.F.);
#864=ORIENTED_EDGE('',*,*,#1848,.T.);
#865=ORIENTED_EDGE('',*,*,#2190,.T.);
#866=ORIENTED_EDGE('',*,*,#2191,.F.);
#867=ORIENTED_EDGE('',*,*,#2192,.F.);
#868=ORIENTED_EDGE('',*,*,#2188,.T.);
#869=ORIENTED_EDGE('',*,*,#2193,.T.);
#870=ORIENTED_EDGE('',*,*,#1850,.F.);
#871=ORIENTED_EDGE('',*,*,#2194,.F.);
#872=ORIENTED_EDGE('',*,*,#2191,.T.);
#873=ORIENTED_EDGE('',*,*,#1849,.F.);
#874=ORIENTED_EDGE('',*,*,#2189,.T.);
#875=ORIENTED_EDGE('',*,*,#2192,.T.);
#876=ORIENTED_EDGE('',*,*,#2194,.T.);
#877=ORIENTED_EDGE('',*,*,#1851,.T.);
#878=ORIENTED_EDGE('',*,*,#2193,.F.);
#879=ORIENTED_EDGE('',*,*,#2190,.F.);
#880=ORIENTED_EDGE('',*,*,#2187,.F.);
#881=ORIENTED_EDGE('',*,*,#2195,.T.);
#882=ORIENTED_EDGE('',*,*,#2196,.F.);
#883=ORIENTED_EDGE('',*,*,#2197,.F.);
#884=ORIENTED_EDGE('',*,*,#1852,.T.);
#885=ORIENTED_EDGE('',*,*,#2198,.T.);
#886=ORIENTED_EDGE('',*,*,#2199,.F.);
#887=ORIENTED_EDGE('',*,*,#2200,.F.);
#888=ORIENTED_EDGE('',*,*,#2196,.T.);
#889=ORIENTED_EDGE('',*,*,#2201,.T.);
#890=ORIENTED_EDGE('',*,*,#1854,.F.);
#891=ORIENTED_EDGE('',*,*,#2202,.F.);
#892=ORIENTED_EDGE('',*,*,#2199,.T.);
#893=ORIENTED_EDGE('',*,*,#1853,.F.);
#894=ORIENTED_EDGE('',*,*,#2197,.T.);
#895=ORIENTED_EDGE('',*,*,#2200,.T.);
#896=ORIENTED_EDGE('',*,*,#2202,.T.);
#897=ORIENTED_EDGE('',*,*,#1855,.T.);
#898=ORIENTED_EDGE('',*,*,#2201,.F.);
#899=ORIENTED_EDGE('',*,*,#2198,.F.);
#900=ORIENTED_EDGE('',*,*,#2195,.F.);
#901=ORIENTED_EDGE('',*,*,#2203,.T.);
#902=ORIENTED_EDGE('',*,*,#2204,.F.);
#903=ORIENTED_EDGE('',*,*,#2205,.F.);
#904=ORIENTED_EDGE('',*,*,#1856,.T.);
#905=ORIENTED_EDGE('',*,*,#2206,.T.);
#906=ORIENTED_EDGE('',*,*,#2207,.F.);
#907=ORIENTED_EDGE('',*,*,#2208,.F.);
#908=ORIENTED_EDGE('',*,*,#2204,.T.);
#909=ORIENTED_EDGE('',*,*,#2209,.T.);
#910=ORIENTED_EDGE('',*,*,#1858,.F.);
#911=ORIENTED_EDGE('',*,*,#2210,.F.);
#912=ORIENTED_EDGE('',*,*,#2207,.T.);
#913=ORIENTED_EDGE('',*,*,#1857,.F.);
#914=ORIENTED_EDGE('',*,*,#2205,.T.);
#915=ORIENTED_EDGE('',*,*,#2208,.T.);
#916=ORIENTED_EDGE('',*,*,#2210,.T.);
#917=ORIENTED_EDGE('',*,*,#1859,.T.);
#918=ORIENTED_EDGE('',*,*,#2209,.F.);
#919=ORIENTED_EDGE('',*,*,#2206,.F.);
#920=ORIENTED_EDGE('',*,*,#2203,.F.);
#921=ORIENTED_EDGE('',*,*,#2211,.T.);
#922=ORIENTED_EDGE('',*,*,#2212,.F.);
#923=ORIENTED_EDGE('',*,*,#2213,.F.);
#924=ORIENTED_EDGE('',*,*,#1860,.T.);
#925=ORIENTED_EDGE('',*,*,#2214,.T.);
#926=ORIENTED_EDGE('',*,*,#2215,.F.);
#927=ORIENTED_EDGE('',*,*,#2216,.F.);
#928=ORIENTED_EDGE('',*,*,#2212,.T.);
#929=ORIENTED_EDGE('',*,*,#2217,.T.);
#930=ORIENTED_EDGE('',*,*,#1862,.F.);
#931=ORIENTED_EDGE('',*,*,#2218,.F.);
#932=ORIENTED_EDGE('',*,*,#2215,.T.);
#933=ORIENTED_EDGE('',*,*,#1861,.F.);
#934=ORIENTED_EDGE('',*,*,#2213,.T.);
#935=ORIENTED_EDGE('',*,*,#2216,.T.);
#936=ORIENTED_EDGE('',*,*,#2218,.T.);
#937=ORIENTED_EDGE('',*,*,#1863,.T.);
#938=ORIENTED_EDGE('',*,*,#2217,.F.);
#939=ORIENTED_EDGE('',*,*,#2214,.F.);
#940=ORIENTED_EDGE('',*,*,#2211,.F.);
#941=ORIENTED_EDGE('',*,*,#2219,.T.);
#942=ORIENTED_EDGE('',*,*,#2220,.F.);
#943=ORIENTED_EDGE('',*,*,#2221,.F.);
#944=ORIENTED_EDGE('',*,*,#1864,.T.);
#945=ORIENTED_EDGE('',*,*,#2222,.T.);
#946=ORIENTED_EDGE('',*,*,#2223,.F.);
#947=ORIENTED_EDGE('',*,*,#2224,.F.);
#948=ORIENTED_EDGE('',*,*,#2220,.T.);
#949=ORIENTED_EDGE('',*,*,#2225,.T.);
#950=ORIENTED_EDGE('',*,*,#1866,.F.);
#951=ORIENTED_EDGE('',*,*,#2226,.F.);
#952=ORIENTED_EDGE('',*,*,#2223,.T.);
#953=ORIENTED_EDGE('',*,*,#1865,.F.);
#954=ORIENTED_EDGE('',*,*,#2221,.T.);
#955=ORIENTED_EDGE('',*,*,#2224,.T.);
#956=ORIENTED_EDGE('',*,*,#2226,.T.);
#957=ORIENTED_EDGE('',*,*,#1867,.T.);
#958=ORIENTED_EDGE('',*,*,#2225,.F.);
#959=ORIENTED_EDGE('',*,*,#2222,.F.);
#960=ORIENTED_EDGE('',*,*,#2219,.F.);
#961=ORIENTED_EDGE('',*,*,#2227,.T.);
#962=ORIENTED_EDGE('',*,*,#2228,.F.);
#963=ORIENTED_EDGE('',*,*,#2229,.F.);
#964=ORIENTED_EDGE('',*,*,#1868,.T.);
#965=ORIENTED_EDGE('',*,*,#2230,.T.);
#966=ORIENTED_EDGE('',*,*,#2231,.F.);
#967=ORIENTED_EDGE('',*,*,#2232,.F.);
#968=ORIENTED_EDGE('',*,*,#2228,.T.);
#969=ORIENTED_EDGE('',*,*,#2233,.T.);
#970=ORIENTED_EDGE('',*,*,#1870,.F.);
#971=ORIENTED_EDGE('',*,*,#2234,.F.);
#972=ORIENTED_EDGE('',*,*,#2231,.T.);
#973=ORIENTED_EDGE('',*,*,#1869,.F.);
#974=ORIENTED_EDGE('',*,*,#2229,.T.);
#975=ORIENTED_EDGE('',*,*,#2232,.T.);
#976=ORIENTED_EDGE('',*,*,#2234,.T.);
#977=ORIENTED_EDGE('',*,*,#1871,.T.);
#978=ORIENTED_EDGE('',*,*,#2233,.F.);
#979=ORIENTED_EDGE('',*,*,#2230,.F.);
#980=ORIENTED_EDGE('',*,*,#2227,.F.);
#981=ORIENTED_EDGE('',*,*,#2235,.T.);
#982=ORIENTED_EDGE('',*,*,#2236,.F.);
#983=ORIENTED_EDGE('',*,*,#2237,.F.);
#984=ORIENTED_EDGE('',*,*,#1872,.T.);
#985=ORIENTED_EDGE('',*,*,#2238,.T.);
#986=ORIENTED_EDGE('',*,*,#2239,.F.);
#987=ORIENTED_EDGE('',*,*,#2240,.F.);
#988=ORIENTED_EDGE('',*,*,#2236,.T.);
#989=ORIENTED_EDGE('',*,*,#2241,.T.);
#990=ORIENTED_EDGE('',*,*,#1874,.F.);
#991=ORIENTED_EDGE('',*,*,#2242,.F.);
#992=ORIENTED_EDGE('',*,*,#2239,.T.);
#993=ORIENTED_EDGE('',*,*,#1873,.F.);
#994=ORIENTED_EDGE('',*,*,#2237,.T.);
#995=ORIENTED_EDGE('',*,*,#2240,.T.);
#996=ORIENTED_EDGE('',*,*,#2242,.T.);
#997=ORIENTED_EDGE('',*,*,#1875,.T.);
#998=ORIENTED_EDGE('',*,*,#2241,.F.);
#999=ORIENTED_EDGE('',*,*,#2238,.F.);
#1000=ORIENTED_EDGE('',*,*,#2235,.F.);
#1001=ORIENTED_EDGE('',*,*,#2243,.T.);
#1002=ORIENTED_EDGE('',*,*,#2244,.F.);
#1003=ORIENTED_EDGE('',*,*,#2245,.F.);
#1004=ORIENTED_EDGE('',*,*,#1876,.T.);
#1005=ORIENTED_EDGE('',*,*,#2246,.T.);
#1006=ORIENTED_EDGE('',*,*,#2247,.F.);
#1007=ORIENTED_EDGE('',*,*,#2248,.F.);
#1008=ORIENTED_EDGE('',*,*,#2244,.T.);
#1009=ORIENTED_EDGE('',*,*,#2249,.T.);
#1010=ORIENTED_EDGE('',*,*,#1878,.F.);
#1011=ORIENTED_EDGE('',*,*,#2250,.F.);
#1012=ORIENTED_EDGE('',*,*,#2247,.T.);
#1013=ORIENTED_EDGE('',*,*,#1877,.F.);
#1014=ORIENTED_EDGE('',*,*,#2245,.T.);
#1015=ORIENTED_EDGE('',*,*,#2248,.T.);
#1016=ORIENTED_EDGE('',*,*,#2250,.T.);
#1017=ORIENTED_EDGE('',*,*,#1879,.T.);
#1018=ORIENTED_EDGE('',*,*,#2249,.F.);
#1019=ORIENTED_EDGE('',*,*,#2246,.F.);
#1020=ORIENTED_EDGE('',*,*,#2243,.F.);
#1021=ORIENTED_EDGE('',*,*,#2251,.F.);
#1022=ORIENTED_EDGE('',*,*,#2252,.F.);
#1023=ORIENTED_EDGE('',*,*,#1999,.T.);
#1024=ORIENTED_EDGE('',*,*,#2253,.T.);
#1025=ORIENTED_EDGE('',*,*,#2254,.F.);
#1026=ORIENTED_EDGE('',*,*,#2253,.F.);
#1027=ORIENTED_EDGE('',*,*,#1998,.T.);
#1028=ORIENTED_EDGE('',*,*,#2255,.T.);
#1029=ORIENTED_EDGE('',*,*,#2256,.F.);
#1030=ORIENTED_EDGE('',*,*,#2255,.F.);
#1031=ORIENTED_EDGE('',*,*,#1997,.T.);
#1032=ORIENTED_EDGE('',*,*,#2257,.T.);
#1033=ORIENTED_EDGE('',*,*,#1901,.F.);
#1034=ORIENTED_EDGE('',*,*,#2258,.T.);
#1035=ORIENTED_EDGE('',*,*,#2000,.F.);
#1036=ORIENTED_EDGE('',*,*,#2252,.T.);
#1037=ORIENTED_EDGE('',*,*,#2259,.F.);
#1038=ORIENTED_EDGE('',*,*,#2257,.F.);
#1039=ORIENTED_EDGE('',*,*,#1996,.F.);
#1040=ORIENTED_EDGE('',*,*,#1793,.T.);
#1041=ORIENTED_EDGE('',*,*,#1977,.F.);
#1042=ORIENTED_EDGE('',*,*,#1980,.F.);
#1043=ORIENTED_EDGE('',*,*,#2011,.T.);
#1044=ORIENTED_EDGE('',*,*,#2260,.T.);
#1045=ORIENTED_EDGE('',*,*,#1889,.F.);
#1046=ORIENTED_EDGE('',*,*,#1987,.F.);
#1047=ORIENTED_EDGE('',*,*,#1948,.T.);
#1048=ORIENTED_EDGE('',*,*,#1789,.T.);
#1049=ORIENTED_EDGE('',*,*,#2012,.T.);
#1050=ORIENTED_EDGE('',*,*,#1916,.F.);
#1051=ORIENTED_EDGE('',*,*,#2261,.T.);
#1052=ORIENTED_EDGE('',*,*,#1921,.T.);
#1053=ORIENTED_EDGE('',*,*,#2256,.T.);
#1054=ORIENTED_EDGE('',*,*,#2259,.T.);
#1055=ORIENTED_EDGE('',*,*,#2251,.T.);
#1056=ORIENTED_EDGE('',*,*,#2254,.T.);
#1057=ORIENTED_EDGE('',*,*,#1915,.F.);
#1058=ORIENTED_EDGE('',*,*,#1919,.F.);
#1059=ORIENTED_EDGE('',*,*,#1922,.F.);
#1060=ORIENTED_EDGE('',*,*,#2261,.F.);
#1061=ORIENTED_EDGE('',*,*,#2262,.F.);
#1062=ORIENTED_EDGE('',*,*,#1837,.F.);
#1063=ORIENTED_EDGE('',*,*,#2263,.T.);
#1064=ORIENTED_EDGE('',*,*,#2264,.T.);
#1065=ORIENTED_EDGE('',*,*,#2265,.F.);
#1066=ORIENTED_EDGE('',*,*,#2264,.F.);
#1067=ORIENTED_EDGE('',*,*,#2266,.T.);
#1068=ORIENTED_EDGE('',*,*,#2267,.T.);
#1069=ORIENTED_EDGE('',*,*,#2268,.F.);
#1070=ORIENTED_EDGE('',*,*,#2267,.F.);
#1071=ORIENTED_EDGE('',*,*,#2269,.T.);
#1072=ORIENTED_EDGE('',*,*,#1839,.T.);
#1073=ORIENTED_EDGE('',*,*,#1836,.T.);
#1074=ORIENTED_EDGE('',*,*,#2269,.F.);
#1075=ORIENTED_EDGE('',*,*,#2266,.F.);
#1076=ORIENTED_EDGE('',*,*,#2263,.F.);
#1077=ORIENTED_EDGE('',*,*,#1838,.F.);
#1078=ORIENTED_EDGE('',*,*,#2262,.T.);
#1079=ORIENTED_EDGE('',*,*,#2265,.T.);
#1080=ORIENTED_EDGE('',*,*,#2268,.T.);
#1081=ORIENTED_EDGE('',*,*,#2270,.F.);
#1082=ORIENTED_EDGE('',*,*,#1833,.F.);
#1083=ORIENTED_EDGE('',*,*,#2271,.T.);
#1084=ORIENTED_EDGE('',*,*,#2272,.T.);
#1085=ORIENTED_EDGE('',*,*,#2273,.F.);
#1086=ORIENTED_EDGE('',*,*,#2272,.F.);
#1087=ORIENTED_EDGE('',*,*,#2274,.T.);
#1088=ORIENTED_EDGE('',*,*,#2275,.T.);
#1089=ORIENTED_EDGE('',*,*,#2276,.F.);
#1090=ORIENTED_EDGE('',*,*,#2275,.F.);
#1091=ORIENTED_EDGE('',*,*,#2277,.T.);
#1092=ORIENTED_EDGE('',*,*,#1835,.T.);
#1093=ORIENTED_EDGE('',*,*,#1832,.T.);
#1094=ORIENTED_EDGE('',*,*,#2277,.F.);
#1095=ORIENTED_EDGE('',*,*,#2274,.F.);
#1096=ORIENTED_EDGE('',*,*,#2271,.F.);
#1097=ORIENTED_EDGE('',*,*,#1834,.F.);
#1098=ORIENTED_EDGE('',*,*,#2270,.T.);
#1099=ORIENTED_EDGE('',*,*,#2273,.T.);
#1100=ORIENTED_EDGE('',*,*,#2276,.T.);
#1101=ORIENTED_EDGE('',*,*,#2278,.F.);
#1102=ORIENTED_EDGE('',*,*,#1829,.F.);
#1103=ORIENTED_EDGE('',*,*,#2279,.T.);
#1104=ORIENTED_EDGE('',*,*,#2280,.T.);
#1105=ORIENTED_EDGE('',*,*,#2281,.F.);
#1106=ORIENTED_EDGE('',*,*,#2280,.F.);
#1107=ORIENTED_EDGE('',*,*,#2282,.T.);
#1108=ORIENTED_EDGE('',*,*,#2283,.T.);
#1109=ORIENTED_EDGE('',*,*,#2284,.F.);
#1110=ORIENTED_EDGE('',*,*,#2283,.F.);
#1111=ORIENTED_EDGE('',*,*,#2285,.T.);
#1112=ORIENTED_EDGE('',*,*,#1831,.T.);
#1113=ORIENTED_EDGE('',*,*,#1828,.T.);
#1114=ORIENTED_EDGE('',*,*,#2285,.F.);
#1115=ORIENTED_EDGE('',*,*,#2282,.F.);
#1116=ORIENTED_EDGE('',*,*,#2279,.F.);
#1117=ORIENTED_EDGE('',*,*,#1830,.F.);
#1118=ORIENTED_EDGE('',*,*,#2278,.T.);
#1119=ORIENTED_EDGE('',*,*,#2281,.T.);
#1120=ORIENTED_EDGE('',*,*,#2284,.T.);
#1121=ORIENTED_EDGE('',*,*,#2286,.F.);
#1122=ORIENTED_EDGE('',*,*,#1825,.F.);
#1123=ORIENTED_EDGE('',*,*,#2287,.T.);
#1124=ORIENTED_EDGE('',*,*,#2288,.T.);
#1125=ORIENTED_EDGE('',*,*,#2289,.F.);
#1126=ORIENTED_EDGE('',*,*,#2288,.F.);
#1127=ORIENTED_EDGE('',*,*,#2290,.T.);
#1128=ORIENTED_EDGE('',*,*,#2291,.T.);
#1129=ORIENTED_EDGE('',*,*,#2292,.F.);
#1130=ORIENTED_EDGE('',*,*,#2291,.F.);
#1131=ORIENTED_EDGE('',*,*,#2293,.T.);
#1132=ORIENTED_EDGE('',*,*,#1827,.T.);
#1133=ORIENTED_EDGE('',*,*,#1824,.T.);
#1134=ORIENTED_EDGE('',*,*,#2293,.F.);
#1135=ORIENTED_EDGE('',*,*,#2290,.F.);
#1136=ORIENTED_EDGE('',*,*,#2287,.F.);
#1137=ORIENTED_EDGE('',*,*,#1826,.F.);
#1138=ORIENTED_EDGE('',*,*,#2286,.T.);
#1139=ORIENTED_EDGE('',*,*,#2289,.T.);
#1140=ORIENTED_EDGE('',*,*,#2292,.T.);
#1141=ORIENTED_EDGE('',*,*,#2294,.F.);
#1142=ORIENTED_EDGE('',*,*,#1821,.F.);
#1143=ORIENTED_EDGE('',*,*,#2295,.T.);
#1144=ORIENTED_EDGE('',*,*,#2296,.T.);
#1145=ORIENTED_EDGE('',*,*,#2297,.F.);
#1146=ORIENTED_EDGE('',*,*,#2296,.F.);
#1147=ORIENTED_EDGE('',*,*,#2298,.T.);
#1148=ORIENTED_EDGE('',*,*,#2299,.T.);
#1149=ORIENTED_EDGE('',*,*,#2300,.F.);
#1150=ORIENTED_EDGE('',*,*,#2299,.F.);
#1151=ORIENTED_EDGE('',*,*,#2301,.T.);
#1152=ORIENTED_EDGE('',*,*,#1823,.T.);
#1153=ORIENTED_EDGE('',*,*,#1820,.T.);
#1154=ORIENTED_EDGE('',*,*,#2301,.F.);
#1155=ORIENTED_EDGE('',*,*,#2298,.F.);
#1156=ORIENTED_EDGE('',*,*,#2295,.F.);
#1157=ORIENTED_EDGE('',*,*,#1822,.F.);
#1158=ORIENTED_EDGE('',*,*,#2294,.T.);
#1159=ORIENTED_EDGE('',*,*,#2297,.T.);
#1160=ORIENTED_EDGE('',*,*,#2300,.T.);
#1161=ORIENTED_EDGE('',*,*,#2302,.F.);
#1162=ORIENTED_EDGE('',*,*,#1817,.F.);
#1163=ORIENTED_EDGE('',*,*,#2303,.T.);
#1164=ORIENTED_EDGE('',*,*,#2304,.T.);
#1165=ORIENTED_EDGE('',*,*,#2305,.F.);
#1166=ORIENTED_EDGE('',*,*,#2304,.F.);
#1167=ORIENTED_EDGE('',*,*,#2306,.T.);
#1168=ORIENTED_EDGE('',*,*,#2307,.T.);
#1169=ORIENTED_EDGE('',*,*,#2308,.F.);
#1170=ORIENTED_EDGE('',*,*,#2307,.F.);
#1171=ORIENTED_EDGE('',*,*,#2309,.T.);
#1172=ORIENTED_EDGE('',*,*,#1819,.T.);
#1173=ORIENTED_EDGE('',*,*,#1816,.T.);
#1174=ORIENTED_EDGE('',*,*,#2309,.F.);
#1175=ORIENTED_EDGE('',*,*,#2306,.F.);
#1176=ORIENTED_EDGE('',*,*,#2303,.F.);
#1177=ORIENTED_EDGE('',*,*,#1818,.F.);
#1178=ORIENTED_EDGE('',*,*,#2302,.T.);
#1179=ORIENTED_EDGE('',*,*,#2305,.T.);
#1180=ORIENTED_EDGE('',*,*,#2308,.T.);
#1181=ORIENTED_EDGE('',*,*,#2310,.F.);
#1182=ORIENTED_EDGE('',*,*,#1813,.F.);
#1183=ORIENTED_EDGE('',*,*,#2311,.T.);
#1184=ORIENTED_EDGE('',*,*,#2312,.T.);
#1185=ORIENTED_EDGE('',*,*,#2313,.F.);
#1186=ORIENTED_EDGE('',*,*,#2312,.F.);
#1187=ORIENTED_EDGE('',*,*,#2314,.T.);
#1188=ORIENTED_EDGE('',*,*,#2315,.T.);
#1189=ORIENTED_EDGE('',*,*,#2316,.F.);
#1190=ORIENTED_EDGE('',*,*,#2315,.F.);
#1191=ORIENTED_EDGE('',*,*,#2317,.T.);
#1192=ORIENTED_EDGE('',*,*,#1815,.T.);
#1193=ORIENTED_EDGE('',*,*,#1812,.T.);
#1194=ORIENTED_EDGE('',*,*,#2317,.F.);
#1195=ORIENTED_EDGE('',*,*,#2314,.F.);
#1196=ORIENTED_EDGE('',*,*,#2311,.F.);
#1197=ORIENTED_EDGE('',*,*,#1814,.F.);
#1198=ORIENTED_EDGE('',*,*,#2310,.T.);
#1199=ORIENTED_EDGE('',*,*,#2313,.T.);
#1200=ORIENTED_EDGE('',*,*,#2316,.T.);
#1201=ORIENTED_EDGE('',*,*,#2318,.F.);
#1202=ORIENTED_EDGE('',*,*,#1809,.F.);
#1203=ORIENTED_EDGE('',*,*,#2319,.T.);
#1204=ORIENTED_EDGE('',*,*,#2320,.T.);
#1205=ORIENTED_EDGE('',*,*,#2321,.F.);
#1206=ORIENTED_EDGE('',*,*,#2320,.F.);
#1207=ORIENTED_EDGE('',*,*,#2322,.T.);
#1208=ORIENTED_EDGE('',*,*,#2323,.T.);
#1209=ORIENTED_EDGE('',*,*,#2324,.F.);
#1210=ORIENTED_EDGE('',*,*,#2323,.F.);
#1211=ORIENTED_EDGE('',*,*,#2325,.T.);
#1212=ORIENTED_EDGE('',*,*,#1811,.T.);
#1213=ORIENTED_EDGE('',*,*,#1808,.T.);
#1214=ORIENTED_EDGE('',*,*,#2325,.F.);
#1215=ORIENTED_EDGE('',*,*,#2322,.F.);
#1216=ORIENTED_EDGE('',*,*,#2319,.F.);
#1217=ORIENTED_EDGE('',*,*,#1810,.F.);
#1218=ORIENTED_EDGE('',*,*,#2318,.T.);
#1219=ORIENTED_EDGE('',*,*,#2321,.T.);
#1220=ORIENTED_EDGE('',*,*,#2324,.T.);
#1221=ORIENTED_EDGE('',*,*,#2326,.F.);
#1222=ORIENTED_EDGE('',*,*,#1805,.F.);
#1223=ORIENTED_EDGE('',*,*,#2327,.T.);
#1224=ORIENTED_EDGE('',*,*,#2328,.T.);
#1225=ORIENTED_EDGE('',*,*,#2329,.F.);
#1226=ORIENTED_EDGE('',*,*,#2328,.F.);
#1227=ORIENTED_EDGE('',*,*,#2330,.T.);
#1228=ORIENTED_EDGE('',*,*,#2331,.T.);
#1229=ORIENTED_EDGE('',*,*,#2332,.F.);
#1230=ORIENTED_EDGE('',*,*,#2331,.F.);
#1231=ORIENTED_EDGE('',*,*,#2333,.T.);
#1232=ORIENTED_EDGE('',*,*,#1807,.T.);
#1233=ORIENTED_EDGE('',*,*,#1804,.T.);
#1234=ORIENTED_EDGE('',*,*,#2333,.F.);
#1235=ORIENTED_EDGE('',*,*,#2330,.F.);
#1236=ORIENTED_EDGE('',*,*,#2327,.F.);
#1237=ORIENTED_EDGE('',*,*,#1806,.F.);
#1238=ORIENTED_EDGE('',*,*,#2326,.T.);
#1239=ORIENTED_EDGE('',*,*,#2329,.T.);
#1240=ORIENTED_EDGE('',*,*,#2332,.T.);
#1241=ORIENTED_EDGE('',*,*,#2334,.F.);
#1242=ORIENTED_EDGE('',*,*,#1801,.F.);
#1243=ORIENTED_EDGE('',*,*,#2335,.T.);
#1244=ORIENTED_EDGE('',*,*,#2336,.T.);
#1245=ORIENTED_EDGE('',*,*,#2337,.F.);
#1246=ORIENTED_EDGE('',*,*,#2336,.F.);
#1247=ORIENTED_EDGE('',*,*,#2338,.T.);
#1248=ORIENTED_EDGE('',*,*,#2339,.T.);
#1249=ORIENTED_EDGE('',*,*,#2340,.F.);
#1250=ORIENTED_EDGE('',*,*,#2339,.F.);
#1251=ORIENTED_EDGE('',*,*,#2341,.T.);
#1252=ORIENTED_EDGE('',*,*,#1803,.T.);
#1253=ORIENTED_EDGE('',*,*,#1800,.T.);
#1254=ORIENTED_EDGE('',*,*,#2341,.F.);
#1255=ORIENTED_EDGE('',*,*,#2338,.F.);
#1256=ORIENTED_EDGE('',*,*,#2335,.F.);
#1257=ORIENTED_EDGE('',*,*,#1802,.F.);
#1258=ORIENTED_EDGE('',*,*,#2334,.T.);
#1259=ORIENTED_EDGE('',*,*,#2337,.T.);
#1260=ORIENTED_EDGE('',*,*,#2340,.T.);
#1261=ORIENTED_EDGE('',*,*,#2034,.F.);
#1262=ORIENTED_EDGE('',*,*,#1695,.F.);
#1263=ORIENTED_EDGE('',*,*,#2342,.F.);
#1264=ORIENTED_EDGE('',*,*,#1899,.F.);
#1265=ORIENTED_EDGE('',*,*,#2342,.T.);
#1266=ORIENTED_EDGE('',*,*,#2001,.F.);
#1267=ORIENTED_EDGE('',*,*,#2258,.F.);
#1268=ORIENTED_EDGE('',*,*,#1900,.F.);
#1269=ORIENTED_EDGE('',*,*,#2260,.F.);
#1270=ORIENTED_EDGE('',*,*,#2010,.F.);
#1271=ORIENTED_EDGE('',*,*,#2343,.F.);
#1272=ORIENTED_EDGE('',*,*,#1890,.F.);
#1273=ORIENTED_EDGE('',*,*,#2343,.T.);
#1274=ORIENTED_EDGE('',*,*,#1708,.F.);
#1275=ORIENTED_EDGE('',*,*,#2043,.F.);
#1276=ORIENTED_EDGE('',*,*,#1891,.F.);
#1277=ORIENTED_EDGE('',*,*,#2027,.F.);
#1278=ORIENTED_EDGE('',*,*,#2061,.F.);
#1279=ORIENTED_EDGE('',*,*,#2344,.F.);
#1280=ORIENTED_EDGE('',*,*,#2039,.F.);
#1281=ORIENTED_EDGE('',*,*,#2344,.T.);
#1282=ORIENTED_EDGE('',*,*,#2117,.F.);
#1283=ORIENTED_EDGE('',*,*,#2040,.F.);
#1284=ORIENTED_EDGE('',*,*,#2029,.F.);
#1285=ORIENTED_EDGE('',*,*,#2038,.F.);
#1286=ORIENTED_EDGE('',*,*,#2345,.F.);
#1287=ORIENTED_EDGE('',*,*,#2057,.F.);
#1288=ORIENTED_EDGE('',*,*,#2037,.F.);
#1289=ORIENTED_EDGE('',*,*,#2122,.F.);
#1290=ORIENTED_EDGE('',*,*,#2345,.T.);
#1291=ORIENTED_EDGE('',*,*,#2346,.F.);
#1292=ORIENTED_EDGE('',*,*,#2347,.T.);
#1293=ORIENTED_EDGE('',*,*,#2348,.T.);
#1294=ORIENTED_EDGE('',*,*,#2020,.T.);
#1295=ORIENTED_EDGE('',*,*,#2349,.F.);
#1296=ORIENTED_EDGE('',*,*,#2350,.T.);
#1297=ORIENTED_EDGE('',*,*,#2351,.F.);
#1298=ORIENTED_EDGE('',*,*,#2352,.T.);
#1299=ORIENTED_EDGE('',*,*,#2346,.T.);
#1300=ORIENTED_EDGE('',*,*,#2353,.T.);
#1301=ORIENTED_EDGE('',*,*,#2354,.T.);
#1302=ORIENTED_EDGE('',*,*,#2355,.T.);
#1303=ORIENTED_EDGE('',*,*,#2351,.T.);
#1304=ORIENTED_EDGE('',*,*,#2356,.T.);
#1305=ORIENTED_EDGE('',*,*,#2357,.F.);
#1306=ORIENTED_EDGE('',*,*,#1912,.F.);
#1307=ORIENTED_EDGE('',*,*,#2348,.F.);
#1308=ORIENTED_EDGE('',*,*,#2358,.T.);
#1309=ORIENTED_EDGE('',*,*,#2354,.F.);
#1310=ORIENTED_EDGE('',*,*,#1983,.T.);
#1311=ORIENTED_EDGE('',*,*,#2357,.T.);
#1312=ORIENTED_EDGE('',*,*,#2359,.T.);
#1313=ORIENTED_EDGE('',*,*,#2349,.T.);
#1314=ORIENTED_EDGE('',*,*,#1991,.F.);
#1315=ORIENTED_EDGE('',*,*,#2360,.F.);
#1316=ORIENTED_EDGE('',*,*,#2361,.T.);
#1317=ORIENTED_EDGE('',*,*,#2362,.T.);
#1318=ORIENTED_EDGE('',*,*,#1910,.T.);
#1319=ORIENTED_EDGE('',*,*,#2363,.F.);
#1320=ORIENTED_EDGE('',*,*,#2364,.T.);
#1321=ORIENTED_EDGE('',*,*,#2365,.F.);
#1322=ORIENTED_EDGE('',*,*,#2366,.T.);
#1323=ORIENTED_EDGE('',*,*,#2360,.T.);
#1324=ORIENTED_EDGE('',*,*,#2367,.T.);
#1325=ORIENTED_EDGE('',*,*,#2368,.T.);
#1326=ORIENTED_EDGE('',*,*,#2369,.T.);
#1327=ORIENTED_EDGE('',*,*,#2365,.T.);
#1328=ORIENTED_EDGE('',*,*,#2370,.T.);
#1329=ORIENTED_EDGE('',*,*,#2371,.F.);
#1330=ORIENTED_EDGE('',*,*,#1908,.F.);
#1331=ORIENTED_EDGE('',*,*,#2362,.F.);
#1332=ORIENTED_EDGE('',*,*,#2372,.T.);
#1333=ORIENTED_EDGE('',*,*,#2368,.F.);
#1334=ORIENTED_EDGE('',*,*,#1984,.T.);
#1335=ORIENTED_EDGE('',*,*,#2371,.T.);
#1336=ORIENTED_EDGE('',*,*,#2373,.T.);
#1337=ORIENTED_EDGE('',*,*,#2363,.T.);
#1338=ORIENTED_EDGE('',*,*,#1990,.F.);
#1339=ORIENTED_EDGE('',*,*,#2374,.F.);
#1340=ORIENTED_EDGE('',*,*,#2375,.F.);
#1341=ORIENTED_EDGE('',*,*,#2376,.T.);
#1342=ORIENTED_EDGE('',*,*,#2377,.T.);
#1343=ORIENTED_EDGE('',*,*,#2378,.F.);
#1344=ORIENTED_EDGE('',*,*,#2379,.T.);
#1345=ORIENTED_EDGE('',*,*,#2380,.T.);
#1346=ORIENTED_EDGE('',*,*,#2375,.T.);
#1347=ORIENTED_EDGE('',*,*,#2381,.F.);
#1348=ORIENTED_EDGE('',*,*,#2382,.T.);
#1349=ORIENTED_EDGE('',*,*,#2383,.F.);
#1350=ORIENTED_EDGE('',*,*,#2384,.T.);
#1351=ORIENTED_EDGE('',*,*,#2378,.T.);
#1352=ORIENTED_EDGE('',*,*,#2385,.T.);
#1353=ORIENTED_EDGE('',*,*,#2386,.T.);
#1354=ORIENTED_EDGE('',*,*,#2387,.T.);
#1355=ORIENTED_EDGE('',*,*,#2383,.T.);
#1356=ORIENTED_EDGE('',*,*,#2388,.T.);
#1357=ORIENTED_EDGE('',*,*,#2389,.F.);
#1358=ORIENTED_EDGE('',*,*,#2390,.F.);
#1359=ORIENTED_EDGE('',*,*,#2391,.F.);
#1360=ORIENTED_EDGE('',*,*,#2392,.F.);
#1361=ORIENTED_EDGE('',*,*,#2393,.T.);
#1362=ORIENTED_EDGE('',*,*,#2390,.T.);
#1363=ORIENTED_EDGE('',*,*,#2394,.F.);
#1364=ORIENTED_EDGE('',*,*,#1904,.F.);
#1365=ORIENTED_EDGE('',*,*,#2395,.T.);
#1366=ORIENTED_EDGE('',*,*,#2392,.T.);
#1367=ORIENTED_EDGE('',*,*,#2396,.F.);
#1368=ORIENTED_EDGE('',*,*,#2377,.F.);
#1369=ORIENTED_EDGE('',*,*,#2397,.T.);
#1370=ORIENTED_EDGE('',*,*,#1906,.T.);
#1371=ORIENTED_EDGE('',*,*,#2380,.F.);
#1372=ORIENTED_EDGE('',*,*,#2398,.T.);
#1373=ORIENTED_EDGE('',*,*,#2386,.F.);
#1374=ORIENTED_EDGE('',*,*,#2393,.F.);
#1375=ORIENTED_EDGE('',*,*,#2395,.F.);
#1376=ORIENTED_EDGE('',*,*,#1985,.T.);
#1377=ORIENTED_EDGE('',*,*,#2397,.F.);
#1378=ORIENTED_EDGE('',*,*,#2376,.F.);
#1379=ORIENTED_EDGE('',*,*,#2389,.T.);
#1380=ORIENTED_EDGE('',*,*,#2399,.T.);
#1381=ORIENTED_EDGE('',*,*,#2381,.T.);
#1382=ORIENTED_EDGE('',*,*,#2374,.T.);
#1383=ORIENTED_EDGE('',*,*,#2396,.T.);
#1384=ORIENTED_EDGE('',*,*,#1989,.F.);
#1385=ORIENTED_EDGE('',*,*,#2394,.T.);
#1386=ORIENTED_EDGE('',*,*,#2391,.T.);
#1387=ORIENTED_EDGE('',*,*,#2400,.F.);
#1388=ORIENTED_EDGE('',*,*,#2401,.F.);
#1389=ORIENTED_EDGE('',*,*,#2402,.T.);
#1390=ORIENTED_EDGE('',*,*,#2403,.T.);
#1391=ORIENTED_EDGE('',*,*,#2404,.F.);
#1392=ORIENTED_EDGE('',*,*,#2405,.T.);
#1393=ORIENTED_EDGE('',*,*,#2406,.T.);
#1394=ORIENTED_EDGE('',*,*,#2401,.T.);
#1395=ORIENTED_EDGE('',*,*,#2407,.F.);
#1396=ORIENTED_EDGE('',*,*,#2408,.T.);
#1397=ORIENTED_EDGE('',*,*,#2409,.F.);
#1398=ORIENTED_EDGE('',*,*,#2410,.T.);
#1399=ORIENTED_EDGE('',*,*,#2404,.T.);
#1400=ORIENTED_EDGE('',*,*,#2411,.T.);
#1401=ORIENTED_EDGE('',*,*,#2412,.T.);
#1402=ORIENTED_EDGE('',*,*,#2413,.T.);
#1403=ORIENTED_EDGE('',*,*,#1882,.T.);
#1404=ORIENTED_EDGE('',*,*,#2414,.T.);
#1405=ORIENTED_EDGE('',*,*,#2415,.F.);
#1406=ORIENTED_EDGE('',*,*,#2416,.F.);
#1407=ORIENTED_EDGE('',*,*,#2417,.F.);
#1408=ORIENTED_EDGE('',*,*,#2418,.F.);
#1409=ORIENTED_EDGE('',*,*,#2419,.T.);
#1410=ORIENTED_EDGE('',*,*,#2416,.T.);
#1411=ORIENTED_EDGE('',*,*,#2420,.F.);
#1412=ORIENTED_EDGE('',*,*,#1887,.F.);
#1413=ORIENTED_EDGE('',*,*,#2421,.T.);
#1414=ORIENTED_EDGE('',*,*,#2418,.T.);
#1415=ORIENTED_EDGE('',*,*,#2422,.F.);
#1416=ORIENTED_EDGE('',*,*,#2403,.F.);
#1417=ORIENTED_EDGE('',*,*,#2423,.T.);
#1418=ORIENTED_EDGE('',*,*,#1902,.T.);
#1419=ORIENTED_EDGE('',*,*,#2406,.F.);
#1420=ORIENTED_EDGE('',*,*,#2424,.T.);
#1421=ORIENTED_EDGE('',*,*,#2412,.F.);
#1422=ORIENTED_EDGE('',*,*,#2419,.F.);
#1423=ORIENTED_EDGE('',*,*,#2421,.F.);
#1424=ORIENTED_EDGE('',*,*,#1986,.T.);
#1425=ORIENTED_EDGE('',*,*,#2423,.F.);
#1426=ORIENTED_EDGE('',*,*,#2402,.F.);
#1427=ORIENTED_EDGE('',*,*,#2415,.T.);
#1428=ORIENTED_EDGE('',*,*,#2425,.T.);
#1429=ORIENTED_EDGE('',*,*,#2407,.T.);
#1430=ORIENTED_EDGE('',*,*,#2400,.T.);
#1431=ORIENTED_EDGE('',*,*,#2422,.T.);
#1432=ORIENTED_EDGE('',*,*,#1988,.F.);
#1433=ORIENTED_EDGE('',*,*,#2420,.T.);
#1434=ORIENTED_EDGE('',*,*,#2417,.T.);
#1435=ORIENTED_EDGE('',*,*,#2426,.F.);
#1436=ORIENTED_EDGE('',*,*,#2409,.T.);
#1437=ORIENTED_EDGE('',*,*,#2427,.T.);
#1438=ORIENTED_EDGE('',*,*,#1884,.T.);
#1439=ORIENTED_EDGE('',*,*,#2428,.T.);
#1440=ORIENTED_EDGE('',*,*,#2426,.T.);
#1441=ORIENTED_EDGE('',*,*,#2355,.F.);
#1442=ORIENTED_EDGE('',*,*,#2358,.F.);
#1443=ORIENTED_EDGE('',*,*,#2347,.F.);
#1444=ORIENTED_EDGE('',*,*,#2352,.F.);
#1445=ORIENTED_EDGE('',*,*,#2356,.F.);
#1446=ORIENTED_EDGE('',*,*,#2353,.F.);
#1447=ORIENTED_EDGE('',*,*,#2350,.F.);
#1448=ORIENTED_EDGE('',*,*,#2359,.F.);
#1449=ORIENTED_EDGE('',*,*,#2369,.F.);
#1450=ORIENTED_EDGE('',*,*,#2372,.F.);
#1451=ORIENTED_EDGE('',*,*,#2361,.F.);
#1452=ORIENTED_EDGE('',*,*,#2366,.F.);
#1453=ORIENTED_EDGE('',*,*,#2370,.F.);
#1454=ORIENTED_EDGE('',*,*,#2367,.F.);
#1455=ORIENTED_EDGE('',*,*,#2364,.F.);
#1456=ORIENTED_EDGE('',*,*,#2373,.F.);
#1457=ORIENTED_EDGE('',*,*,#2387,.F.);
#1458=ORIENTED_EDGE('',*,*,#2398,.F.);
#1459=ORIENTED_EDGE('',*,*,#2379,.F.);
#1460=ORIENTED_EDGE('',*,*,#2384,.F.);
#1461=ORIENTED_EDGE('',*,*,#2388,.F.);
#1462=ORIENTED_EDGE('',*,*,#2385,.F.);
#1463=ORIENTED_EDGE('',*,*,#2382,.F.);
#1464=ORIENTED_EDGE('',*,*,#2399,.F.);
#1465=ORIENTED_EDGE('',*,*,#2413,.F.);
#1466=ORIENTED_EDGE('',*,*,#2424,.F.);
#1467=ORIENTED_EDGE('',*,*,#2405,.F.);
#1468=ORIENTED_EDGE('',*,*,#2410,.F.);
#1469=ORIENTED_EDGE('',*,*,#2428,.F.);
#1470=ORIENTED_EDGE('',*,*,#1883,.F.);
#1471=ORIENTED_EDGE('',*,*,#2427,.F.);
#1472=ORIENTED_EDGE('',*,*,#2411,.F.);
#1473=ORIENTED_EDGE('',*,*,#2408,.F.);
#1474=ORIENTED_EDGE('',*,*,#2425,.F.);
#1475=ORIENTED_EDGE('',*,*,#2414,.F.);
#1476=ORIENTED_EDGE('',*,*,#1885,.F.);
#1477=ORIENTED_EDGE('',*,*,#1712,.F.);
#1478=ORIENTED_EDGE('',*,*,#2033,.F.);
#1479=ORIENTED_EDGE('',*,*,#2429,.F.);
#1480=ORIENTED_EDGE('',*,*,#2053,.F.);
#1481=ORIENTED_EDGE('',*,*,#2429,.T.);
#1482=ORIENTED_EDGE('',*,*,#2032,.F.);
#1483=ORIENTED_EDGE('',*,*,#2430,.F.);
#1484=ORIENTED_EDGE('',*,*,#2055,.F.);
#1485=ORIENTED_EDGE('',*,*,#2048,.F.);
#1486=ORIENTED_EDGE('',*,*,#2054,.F.);
#1487=ORIENTED_EDGE('',*,*,#2430,.T.);
#1488=ORIENTED_EDGE('',*,*,#2031,.F.);
#1489=ORIENTED_EDGE('',*,*,#1716,.F.);
#1490=ORIENTED_EDGE('',*,*,#2056,.F.);
#1491=ORIENTED_EDGE('',*,*,#2431,.F.);
#1492=ORIENTED_EDGE('',*,*,#2432,.F.);
#1493=ORIENTED_EDGE('',*,*,#2433,.T.);
#1494=ORIENTED_EDGE('',*,*,#1703,.T.);
#1495=ORIENTED_EDGE('',*,*,#2434,.T.);
#1496=ORIENTED_EDGE('',*,*,#2008,.F.);
#1497=ORIENTED_EDGE('',*,*,#2435,.F.);
#1498=ORIENTED_EDGE('',*,*,#2432,.T.);
#1499=ORIENTED_EDGE('',*,*,#2007,.T.);
#1500=ORIENTED_EDGE('',*,*,#1704,.F.);
#1501=ORIENTED_EDGE('',*,*,#2433,.F.);
#1502=ORIENTED_EDGE('',*,*,#2435,.T.);
#1503=ORIENTED_EDGE('',*,*,#1702,.T.);
#1504=ORIENTED_EDGE('',*,*,#2009,.F.);
#1505=ORIENTED_EDGE('',*,*,#2434,.F.);
#1506=ORIENTED_EDGE('',*,*,#2431,.T.);
#1507=ORIENTED_EDGE('',*,*,#2436,.F.);
#1508=ORIENTED_EDGE('',*,*,#2437,.F.);
#1509=ORIENTED_EDGE('',*,*,#2438,.T.);
#1510=ORIENTED_EDGE('',*,*,#2003,.T.);
#1511=ORIENTED_EDGE('',*,*,#2439,.T.);
#1512=ORIENTED_EDGE('',*,*,#1700,.F.);
#1513=ORIENTED_EDGE('',*,*,#2440,.F.);
#1514=ORIENTED_EDGE('',*,*,#2437,.T.);
#1515=ORIENTED_EDGE('',*,*,#1699,.F.);
#1516=ORIENTED_EDGE('',*,*,#2004,.F.);
#1517=ORIENTED_EDGE('',*,*,#2438,.F.);
#1518=ORIENTED_EDGE('',*,*,#2440,.T.);
#1519=ORIENTED_EDGE('',*,*,#1693,.T.);
#1520=ORIENTED_EDGE('',*,*,#2439,.F.);
#1521=ORIENTED_EDGE('',*,*,#2436,.T.);
#1522=ORIENTED_EDGE('',*,*,#2002,.T.);
#1523=ORIENTED_EDGE('',*,*,#2441,.F.);
#1524=ORIENTED_EDGE('',*,*,#2442,.F.);
#1525=ORIENTED_EDGE('',*,*,#2443,.T.);
#1526=ORIENTED_EDGE('',*,*,#1738,.T.);
#1527=ORIENTED_EDGE('',*,*,#2444,.F.);
#1528=ORIENTED_EDGE('',*,*,#1736,.F.);
#1529=ORIENTED_EDGE('',*,*,#2445,.T.);
#1530=ORIENTED_EDGE('',*,*,#2446,.T.);
#1531=ORIENTED_EDGE('',*,*,#2447,.F.);
#1532=ORIENTED_EDGE('',*,*,#2446,.F.);
#1533=ORIENTED_EDGE('',*,*,#2448,.T.);
#1534=ORIENTED_EDGE('',*,*,#2442,.T.);
#1535=ORIENTED_EDGE('',*,*,#2443,.F.);
#1536=ORIENTED_EDGE('',*,*,#2448,.F.);
#1537=ORIENTED_EDGE('',*,*,#2445,.F.);
#1538=ORIENTED_EDGE('',*,*,#1735,.T.);
#1539=ORIENTED_EDGE('',*,*,#2441,.T.);
#1540=ORIENTED_EDGE('',*,*,#1737,.F.);
#1541=ORIENTED_EDGE('',*,*,#2444,.T.);
#1542=ORIENTED_EDGE('',*,*,#2447,.T.);
#1543=ORIENTED_EDGE('',*,*,#2449,.F.);
#1544=ORIENTED_EDGE('',*,*,#1732,.F.);
#1545=ORIENTED_EDGE('',*,*,#2450,.T.);
#1546=ORIENTED_EDGE('',*,*,#2451,.T.);
#1547=ORIENTED_EDGE('',*,*,#2452,.F.);
#1548=ORIENTED_EDGE('',*,*,#2451,.F.);
#1549=ORIENTED_EDGE('',*,*,#2453,.T.);
#1550=ORIENTED_EDGE('',*,*,#2454,.T.);
#1551=ORIENTED_EDGE('',*,*,#2455,.T.);
#1552=ORIENTED_EDGE('',*,*,#2454,.F.);
#1553=ORIENTED_EDGE('',*,*,#2456,.F.);
#1554=ORIENTED_EDGE('',*,*,#1734,.T.);
#1555=ORIENTED_EDGE('',*,*,#2450,.F.);
#1556=ORIENTED_EDGE('',*,*,#1731,.T.);
#1557=ORIENTED_EDGE('',*,*,#2456,.T.);
#1558=ORIENTED_EDGE('',*,*,#2453,.F.);
#1559=ORIENTED_EDGE('',*,*,#2449,.T.);
#1560=ORIENTED_EDGE('',*,*,#2452,.T.);
#1561=ORIENTED_EDGE('',*,*,#2455,.F.);
#1562=ORIENTED_EDGE('',*,*,#1733,.F.);
#1563=ORIENTED_EDGE('',*,*,#1727,.T.);
#1564=ORIENTED_EDGE('',*,*,#2457,.F.);
#1565=ORIENTED_EDGE('',*,*,#2458,.F.);
#1566=ORIENTED_EDGE('',*,*,#2459,.T.);
#1567=ORIENTED_EDGE('',*,*,#1728,.T.);
#1568=ORIENTED_EDGE('',*,*,#2459,.F.);
#1569=ORIENTED_EDGE('',*,*,#2460,.F.);
#1570=ORIENTED_EDGE('',*,*,#2461,.T.);
#1571=ORIENTED_EDGE('',*,*,#1729,.T.);
#1572=ORIENTED_EDGE('',*,*,#2461,.F.);
#1573=ORIENTED_EDGE('',*,*,#2462,.F.);
#1574=ORIENTED_EDGE('',*,*,#2463,.T.);
#1575=ORIENTED_EDGE('',*,*,#1730,.F.);
#1576=ORIENTED_EDGE('',*,*,#2463,.F.);
#1577=ORIENTED_EDGE('',*,*,#2464,.T.);
#1578=ORIENTED_EDGE('',*,*,#2457,.T.);
#1579=ORIENTED_EDGE('',*,*,#2458,.T.);
#1580=ORIENTED_EDGE('',*,*,#2464,.F.);
#1581=ORIENTED_EDGE('',*,*,#2462,.T.);
#1582=ORIENTED_EDGE('',*,*,#2460,.T.);
#1583=ORIENTED_EDGE('',*,*,#1723,.T.);
#1584=ORIENTED_EDGE('',*,*,#2465,.F.);
#1585=ORIENTED_EDGE('',*,*,#2466,.F.);
#1586=ORIENTED_EDGE('',*,*,#2467,.T.);
#1587=ORIENTED_EDGE('',*,*,#1724,.T.);
#1588=ORIENTED_EDGE('',*,*,#2467,.F.);
#1589=ORIENTED_EDGE('',*,*,#2468,.F.);
#1590=ORIENTED_EDGE('',*,*,#2469,.T.);
#1591=ORIENTED_EDGE('',*,*,#1725,.F.);
#1592=ORIENTED_EDGE('',*,*,#2469,.F.);
#1593=ORIENTED_EDGE('',*,*,#2470,.T.);
#1594=ORIENTED_EDGE('',*,*,#2471,.T.);
#1595=ORIENTED_EDGE('',*,*,#1726,.T.);
#1596=ORIENTED_EDGE('',*,*,#2471,.F.);
#1597=ORIENTED_EDGE('',*,*,#2472,.F.);
#1598=ORIENTED_EDGE('',*,*,#2465,.T.);
#1599=ORIENTED_EDGE('',*,*,#2466,.T.);
#1600=ORIENTED_EDGE('',*,*,#2472,.T.);
#1601=ORIENTED_EDGE('',*,*,#2470,.F.);
#1602=ORIENTED_EDGE('',*,*,#2468,.T.);
#1603=ORIENTED_EDGE('',*,*,#1880,.F.);
#1604=ORIENTED_EDGE('',*,*,#1797,.F.);
#1605=ORIENTED_EDGE('',*,*,#2473,.T.);
#1606=ORIENTED_EDGE('',*,*,#1759,.T.);
#1607=ORIENTED_EDGE('',*,*,#1995,.T.);
#1608=ORIENTED_EDGE('',*,*,#1761,.F.);
#1609=ORIENTED_EDGE('',*,*,#2474,.F.);
#1610=ORIENTED_EDGE('',*,*,#1795,.T.);
#1611=ORIENTED_EDGE('',*,*,#1760,.T.);
#1612=ORIENTED_EDGE('',*,*,#2473,.F.);
#1613=ORIENTED_EDGE('',*,*,#1796,.F.);
#1614=ORIENTED_EDGE('',*,*,#2474,.T.);
#1615=ORIENTED_EDGE('',*,*,#1782,.T.);
#1616=ORIENTED_EDGE('',*,*,#1751,.F.);
#1617=ORIENTED_EDGE('',*,*,#2475,.F.);
#1618=ORIENTED_EDGE('',*,*,#1785,.T.);
#1619=ORIENTED_EDGE('',*,*,#2005,.F.);
#1620=ORIENTED_EDGE('',*,*,#1787,.F.);
#1621=ORIENTED_EDGE('',*,*,#2476,.T.);
#1622=ORIENTED_EDGE('',*,*,#1768,.T.);
#1623=ORIENTED_EDGE('',*,*,#2476,.F.);
#1624=ORIENTED_EDGE('',*,*,#1786,.T.);
#1625=ORIENTED_EDGE('',*,*,#2475,.T.);
#1626=ORIENTED_EDGE('',*,*,#1750,.F.);
#1627=ORIENTED_EDGE('',*,*,#2477,.F.);
#1628=ORIENTED_EDGE('',*,*,#1749,.T.);
#1629=ORIENTED_EDGE('',*,*,#2477,.T.);
#1630=ORIENTED_EDGE('',*,*,#2478,.F.);
#1631=ORIENTED_EDGE('',*,*,#1748,.T.);
#1632=ORIENTED_EDGE('',*,*,#2478,.T.);
#1633=ORIENTED_EDGE('',*,*,#2479,.F.);
#1634=ORIENTED_EDGE('',*,*,#2015,.F.);
#1635=ORIENTED_EDGE('',*,*,#2480,.F.);
#1636=ORIENTED_EDGE('',*,*,#2481,.T.);
#1637=ORIENTED_EDGE('',*,*,#2482,.T.);
#1638=ORIENTED_EDGE('',*,*,#1779,.T.);
#1639=ORIENTED_EDGE('',*,*,#1756,.F.);
#1640=ORIENTED_EDGE('',*,*,#2483,.F.);
#1641=ORIENTED_EDGE('',*,*,#2480,.T.);
#1642=ORIENTED_EDGE('',*,*,#1776,.T.);
#1643=ORIENTED_EDGE('',*,*,#2482,.F.);
#1644=ORIENTED_EDGE('',*,*,#2484,.F.);
#1645=ORIENTED_EDGE('',*,*,#1754,.T.);
#1646=ORIENTED_EDGE('',*,*,#2481,.F.);
#1647=ORIENTED_EDGE('',*,*,#2483,.T.);
#1648=ORIENTED_EDGE('',*,*,#1755,.T.);
#1649=ORIENTED_EDGE('',*,*,#2484,.T.);
#1650=ORIENTED_EDGE('',*,*,#2479,.T.);
#1651=ORIENTED_EDGE('',*,*,#1747,.F.);
#1652=ORIENTED_EDGE('',*,*,#1769,.T.);
#1653=ORIENTED_EDGE('',*,*,#1764,.T.);
#1654=ORIENTED_EDGE('',*,*,#2485,.F.);
#1655=ORIENTED_EDGE('',*,*,#1722,.T.);
#1656=ORIENTED_EDGE('',*,*,#1773,.F.);
#1657=ORIENTED_EDGE('',*,*,#1763,.T.);
#1658=ORIENTED_EDGE('',*,*,#1994,.T.);
#1659=ORIENTED_EDGE('',*,*,#1709,.F.);
#1660=ORIENTED_EDGE('',*,*,#2485,.T.);
#1661=ORIENTED_EDGE('',*,*,#2486,.T.);
#1662=ORIENTED_EDGE('',*,*,#1741,.F.);
#1663=ORIENTED_EDGE('',*,*,#2487,.F.);
#1664=ORIENTED_EDGE('',*,*,#2488,.T.);
#1665=ORIENTED_EDGE('',*,*,#2489,.T.);
#1666=ORIENTED_EDGE('',*,*,#2490,.F.);
#1667=ORIENTED_EDGE('',*,*,#2491,.F.);
#1668=ORIENTED_EDGE('',*,*,#1739,.T.);
#1669=ORIENTED_EDGE('',*,*,#2492,.T.);
#1670=ORIENTED_EDGE('',*,*,#2488,.F.);
#1671=ORIENTED_EDGE('',*,*,#2493,.F.);
#1672=ORIENTED_EDGE('',*,*,#2490,.T.);
#1673=ORIENTED_EDGE('',*,*,#2487,.T.);
#1674=ORIENTED_EDGE('',*,*,#1740,.F.);
#1675=ORIENTED_EDGE('',*,*,#2491,.T.);
#1676=ORIENTED_EDGE('',*,*,#2493,.T.);
#1677=ORIENTED_EDGE('',*,*,#2486,.F.);
#1678=ORIENTED_EDGE('',*,*,#2492,.F.);
#1679=ORIENTED_EDGE('',*,*,#2489,.F.);
#1680=ORIENTED_EDGE('',*,*,#1742,.T.);
#1681=ORIENTED_EDGE('',*,*,#2494,.T.);
#1682=ORIENTED_EDGE('',*,*,#1746,.F.);
#1683=ORIENTED_EDGE('',*,*,#2494,.F.);
#1684=ORIENTED_EDGE('',*,*,#2495,.T.);
#1685=ORIENTED_EDGE('',*,*,#1745,.F.);
#1686=ORIENTED_EDGE('',*,*,#2495,.F.);
#1687=ORIENTED_EDGE('',*,*,#2496,.T.);
#1688=ORIENTED_EDGE('',*,*,#1744,.F.);
#1689=ORIENTED_EDGE('',*,*,#2496,.F.);
#1690=ORIENTED_EDGE('',*,*,#2497,.T.);
#1691=ORIENTED_EDGE('',*,*,#1743,.F.);
#1692=ORIENTED_EDGE('',*,*,#2497,.F.);
#1693=EDGE_CURVE('',#2498,#2499,#3031,.F.);
#1694=EDGE_CURVE('',#2500,#2498,#3032,.T.);
#1695=EDGE_CURVE('',#2500,#2501,#3033,.F.);
#1696=EDGE_CURVE('',#2502,#2501,#3034,.T.);
#1697=EDGE_CURVE('',#2503,#2502,#3035,.F.);
#1698=EDGE_CURVE('',#2504,#2503,#3036,.T.);
#1699=EDGE_CURVE('',#2504,#2505,#3037,.F.);
#1700=EDGE_CURVE('',#2505,#2499,#3038,.T.);
#1701=EDGE_CURVE('',#2506,#2507,#3039,.T.);
#1702=EDGE_CURVE('',#2508,#2506,#3040,.T.);
#1703=EDGE_CURVE('',#2509,#2508,#3041,.T.);
#1704=EDGE_CURVE('',#2509,#2510,#3042,.T.);
#1705=EDGE_CURVE('',#2511,#2510,#3043,.T.);
#1706=EDGE_CURVE('',#2512,#2511,#3044,.T.);
#1707=EDGE_CURVE('',#2513,#2512,#3045,.T.);
#1708=EDGE_CURVE('',#2513,#2507,#3046,.T.);
#1709=EDGE_CURVE('',#2514,#2515,#3047,.T.);
#1710=EDGE_CURVE('',#2515,#2503,#3048,.T.);
#1711=EDGE_CURVE('',#2502,#2516,#3049,.T.);
#1712=EDGE_CURVE('',#2516,#2517,#56,.T.);
#1713=EDGE_CURVE('',#2518,#2517,#3050,.T.);
#1714=EDGE_CURVE('',#2518,#2519,#3051,.T.);
#1715=EDGE_CURVE('',#2519,#2520,#3052,.F.);
#1716=EDGE_CURVE('',#2520,#2521,#57,.T.);
#1717=EDGE_CURVE('',#2521,#2512,#3053,.T.);
#1718=EDGE_CURVE('',#2522,#2511,#3054,.T.);
#1719=EDGE_CURVE('',#2522,#2523,#3055,.T.);
#1720=EDGE_CURVE('',#2524,#2523,#3056,.T.);
#1721=EDGE_CURVE('',#2524,#2525,#3057,.F.);
#1722=EDGE_CURVE('',#2514,#2525,#3058,.T.);
#1723=EDGE_CURVE('',#2526,#2527,#3059,.T.);
#1724=EDGE_CURVE('',#2528,#2526,#3060,.T.);
#1725=EDGE_CURVE('',#2528,#2529,#3061,.T.);
#1726=EDGE_CURVE('',#2527,#2529,#3062,.T.);
#1727=EDGE_CURVE('',#2530,#2531,#3063,.T.);
#1728=EDGE_CURVE('',#2532,#2530,#3064,.T.);
#1729=EDGE_CURVE('',#2533,#2532,#3065,.T.);
#1730=EDGE_CURVE('',#2533,#2531,#3066,.T.);
#1731=EDGE_CURVE('',#2534,#2535,#3067,.T.);
#1732=EDGE_CURVE('',#2534,#2536,#3068,.T.);
#1733=EDGE_CURVE('',#2536,#2537,#3069,.T.);
#1734=EDGE_CURVE('',#2535,#2537,#3070,.T.);
#1735=EDGE_CURVE('',#2538,#2539,#3071,.T.);
#1736=EDGE_CURVE('',#2538,#2540,#3072,.T.);
#1737=EDGE_CURVE('',#2540,#2541,#3073,.T.);
#1738=EDGE_CURVE('',#2539,#2541,#3074,.T.);
#1739=EDGE_CURVE('',#2542,#2543,#3075,.T.);
#1740=EDGE_CURVE('',#2542,#2544,#3076,.T.);
#1741=EDGE_CURVE('',#2544,#2545,#3077,.T.);
#1742=EDGE_CURVE('',#2543,#2545,#3078,.T.);
#1743=EDGE_CURVE('',#2546,#2546,#58,.T.);
#1744=EDGE_CURVE('',#2547,#2547,#59,.T.);
#1745=EDGE_CURVE('',#2548,#2548,#60,.T.);
#1746=EDGE_CURVE('',#2549,#2549,#61,.T.);
#1747=EDGE_CURVE('',#2550,#2550,#62,.T.);
#1748=EDGE_CURVE('',#2551,#2551,#63,.T.);
#1749=EDGE_CURVE('',#2552,#2552,#64,.T.);
#1750=EDGE_CURVE('',#2553,#2554,#3079,.T.);
#1751=EDGE_CURVE('',#2554,#2555,#3080,.T.);
#1752=EDGE_CURVE('',#2555,#2556,#3081,.T.);
#1753=EDGE_CURVE('',#2557,#2556,#3082,.T.);
#1754=EDGE_CURVE('',#2558,#2557,#3083,.T.);
#1755=EDGE_CURVE('',#2559,#2558,#3084,.T.);
#1756=EDGE_CURVE('',#2559,#2560,#3085,.T.);
#1757=EDGE_CURVE('',#2561,#2560,#3086,.T.);
#1758=EDGE_CURVE('',#2562,#2561,#3087,.T.);
#1759=EDGE_CURVE('',#2563,#2562,#3088,.T.);
#1760=EDGE_CURVE('',#2564,#2563,#3089,.T.);
#1761=EDGE_CURVE('',#2564,#2565,#3090,.T.);
#1762=EDGE_CURVE('',#2566,#2565,#3091,.T.);
#1763=EDGE_CURVE('',#2567,#2566,#3092,.T.);
#1764=EDGE_CURVE('',#2568,#2567,#3093,.T.);
#1765=EDGE_CURVE('',#2568,#2569,#3094,.F.);
#1766=EDGE_CURVE('',#2569,#2570,#3095,.T.);
#1767=EDGE_CURVE('',#2570,#2571,#3096,.T.);
#1768=EDGE_CURVE('',#2553,#2571,#3097,.T.);
#1769=EDGE_CURVE('',#2572,#2568,#3098,.F.);
#1770=EDGE_CURVE('',#2572,#2573,#3099,.T.);
#1771=EDGE_CURVE('',#2573,#2574,#3100,.F.);
#1772=EDGE_CURVE('',#2574,#2569,#3101,.F.);
#1773=EDGE_CURVE('',#2572,#2525,#3102,.F.);
#1774=EDGE_CURVE('',#2575,#2524,#3103,.T.);
#1775=EDGE_CURVE('',#2573,#2575,#3104,.F.);
#1776=EDGE_CURVE('',#2557,#2576,#3105,.T.);
#1777=EDGE_CURVE('',#2556,#2577,#3106,.T.);
#1778=EDGE_CURVE('',#2576,#2577,#3107,.T.);
#1779=EDGE_CURVE('',#2578,#2560,#3108,.T.);
#1780=EDGE_CURVE('',#2579,#2578,#3109,.T.);
#1781=EDGE_CURVE('',#2561,#2579,#3110,.T.);
#1782=EDGE_CURVE('',#2580,#2555,#3111,.T.);
#1783=EDGE_CURVE('',#2580,#2581,#3112,.T.);
#1784=EDGE_CURVE('',#2581,#2577,#3113,.T.);
#1785=EDGE_CURVE('',#2582,#2580,#3114,.T.);
#1786=EDGE_CURVE('',#2583,#2582,#3115,.T.);
#1787=EDGE_CURVE('',#2583,#2584,#3116,.T.);
#1788=EDGE_CURVE('',#2585,#2584,#3117,.T.);
#1789=EDGE_CURVE('',#2586,#2585,#3118,.T.);
#1790=EDGE_CURVE('',#2586,#2587,#3119,.T.);
#1791=EDGE_CURVE('',#2588,#2587,#3120,.T.);
#1792=EDGE_CURVE('',#2589,#2588,#3121,.T.);
#1793=EDGE_CURVE('',#2590,#2589,#3122,.T.);
#1794=EDGE_CURVE('',#2590,#2591,#3123,.T.);
#1795=EDGE_CURVE('',#2592,#2591,#3124,.T.);
#1796=EDGE_CURVE('',#2592,#2593,#3125,.T.);
#1797=EDGE_CURVE('',#2593,#2594,#3126,.T.);
#1798=EDGE_CURVE('',#2594,#2595,#3127,.T.);
#1799=EDGE_CURVE('',#2595,#2581,#3128,.T.);
#1800=EDGE_CURVE('',#2596,#2597,#3129,.T.);
#1801=EDGE_CURVE('',#2596,#2598,#3130,.T.);
#1802=EDGE_CURVE('',#2598,#2599,#3131,.T.);
#1803=EDGE_CURVE('',#2597,#2599,#3132,.T.);
#1804=EDGE_CURVE('',#2600,#2601,#3133,.T.);
#1805=EDGE_CURVE('',#2600,#2602,#3134,.T.);
#1806=EDGE_CURVE('',#2602,#2603,#3135,.T.);
#1807=EDGE_CURVE('',#2601,#2603,#3136,.T.);
#1808=EDGE_CURVE('',#2604,#2605,#3137,.T.);
#1809=EDGE_CURVE('',#2604,#2606,#3138,.T.);
#1810=EDGE_CURVE('',#2606,#2607,#3139,.T.);
#1811=EDGE_CURVE('',#2605,#2607,#3140,.T.);
#1812=EDGE_CURVE('',#2608,#2609,#3141,.T.);
#1813=EDGE_CURVE('',#2608,#2610,#3142,.T.);
#1814=EDGE_CURVE('',#2610,#2611,#3143,.T.);
#1815=EDGE_CURVE('',#2609,#2611,#3144,.T.);
#1816=EDGE_CURVE('',#2612,#2613,#3145,.T.);
#1817=EDGE_CURVE('',#2612,#2614,#3146,.T.);
#1818=EDGE_CURVE('',#2614,#2615,#3147,.T.);
#1819=EDGE_CURVE('',#2613,#2615,#3148,.T.);
#1820=EDGE_CURVE('',#2616,#2617,#3149,.T.);
#1821=EDGE_CURVE('',#2616,#2618,#3150,.T.);
#1822=EDGE_CURVE('',#2618,#2619,#3151,.T.);
#1823=EDGE_CURVE('',#2617,#2619,#3152,.T.);
#1824=EDGE_CURVE('',#2620,#2621,#3153,.T.);
#1825=EDGE_CURVE('',#2620,#2622,#3154,.T.);
#1826=EDGE_CURVE('',#2622,#2623,#3155,.T.);
#1827=EDGE_CURVE('',#2621,#2623,#3156,.T.);
#1828=EDGE_CURVE('',#2624,#2625,#3157,.T.);
#1829=EDGE_CURVE('',#2624,#2626,#3158,.T.);
#1830=EDGE_CURVE('',#2626,#2627,#3159,.T.);
#1831=EDGE_CURVE('',#2625,#2627,#3160,.T.);
#1832=EDGE_CURVE('',#2628,#2629,#3161,.T.);
#1833=EDGE_CURVE('',#2628,#2630,#3162,.T.);
#1834=EDGE_CURVE('',#2630,#2631,#3163,.T.);
#1835=EDGE_CURVE('',#2629,#2631,#3164,.T.);
#1836=EDGE_CURVE('',#2632,#2633,#3165,.T.);
#1837=EDGE_CURVE('',#2632,#2634,#3166,.T.);
#1838=EDGE_CURVE('',#2634,#2635,#3167,.T.);
#1839=EDGE_CURVE('',#2633,#2635,#3168,.T.);
#1840=EDGE_CURVE('',#2636,#2637,#3169,.T.);
#1841=EDGE_CURVE('',#2636,#2638,#3170,.T.);
#1842=EDGE_CURVE('',#2638,#2639,#3171,.T.);
#1843=EDGE_CURVE('',#2637,#2639,#3172,.T.);
#1844=EDGE_CURVE('',#2640,#2641,#3173,.T.);
#1845=EDGE_CURVE('',#2640,#2642,#3174,.T.);
#1846=EDGE_CURVE('',#2642,#2643,#3175,.T.);
#1847=EDGE_CURVE('',#2641,#2643,#3176,.T.);
#1848=EDGE_CURVE('',#2644,#2645,#3177,.T.);
#1849=EDGE_CURVE('',#2644,#2646,#3178,.T.);
#1850=EDGE_CURVE('',#2646,#2647,#3179,.T.);
#1851=EDGE_CURVE('',#2645,#2647,#3180,.T.);
#1852=EDGE_CURVE('',#2648,#2649,#3181,.T.);
#1853=EDGE_CURVE('',#2648,#2650,#3182,.T.);
#1854=EDGE_CURVE('',#2650,#2651,#3183,.T.);
#1855=EDGE_CURVE('',#2649,#2651,#3184,.T.);
#1856=EDGE_CURVE('',#2652,#2653,#3185,.T.);
#1857=EDGE_CURVE('',#2652,#2654,#3186,.T.);
#1858=EDGE_CURVE('',#2654,#2655,#3187,.T.);
#1859=EDGE_CURVE('',#2653,#2655,#3188,.T.);
#1860=EDGE_CURVE('',#2656,#2657,#3189,.T.);
#1861=EDGE_CURVE('',#2656,#2658,#3190,.T.);
#1862=EDGE_CURVE('',#2658,#2659,#3191,.T.);
#1863=EDGE_CURVE('',#2657,#2659,#3192,.T.);
#1864=EDGE_CURVE('',#2660,#2661,#3193,.T.);
#1865=EDGE_CURVE('',#2660,#2662,#3194,.T.);
#1866=EDGE_CURVE('',#2662,#2663,#3195,.T.);
#1867=EDGE_CURVE('',#2661,#2663,#3196,.T.);
#1868=EDGE_CURVE('',#2664,#2665,#3197,.T.);
#1869=EDGE_CURVE('',#2664,#2666,#3198,.T.);
#1870=EDGE_CURVE('',#2666,#2667,#3199,.T.);
#1871=EDGE_CURVE('',#2665,#2667,#3200,.T.);
#1872=EDGE_CURVE('',#2668,#2669,#3201,.T.);
#1873=EDGE_CURVE('',#2668,#2670,#3202,.T.);
#1874=EDGE_CURVE('',#2670,#2671,#3203,.T.);
#1875=EDGE_CURVE('',#2669,#2671,#3204,.T.);
#1876=EDGE_CURVE('',#2672,#2673,#3205,.T.);
#1877=EDGE_CURVE('',#2672,#2674,#3206,.T.);
#1878=EDGE_CURVE('',#2674,#2675,#3207,.T.);
#1879=EDGE_CURVE('',#2673,#2675,#3208,.T.);
#1880=EDGE_CURVE('',#2594,#2562,#3209,.T.);
#1881=EDGE_CURVE('',#2595,#2579,#3210,.T.);
#1882=EDGE_CURVE('',#2676,#2677,#3211,.T.);
#1883=EDGE_CURVE('',#2676,#2678,#3212,.T.);
#1884=EDGE_CURVE('',#2679,#2678,#65,.T.);
#1885=EDGE_CURVE('',#2679,#2677,#3213,.T.);
#1886=EDGE_CURVE('',#2680,#2681,#3214,.T.);
#1887=EDGE_CURVE('',#2681,#2682,#3215,.T.);
#1888=EDGE_CURVE('',#2682,#2683,#3216,.T.);
#1889=EDGE_CURVE('',#2683,#2684,#3217,.T.);
#1890=EDGE_CURVE('',#2684,#2685,#3218,.T.);
#1891=EDGE_CURVE('',#2685,#2686,#3219,.T.);
#1892=EDGE_CURVE('',#2687,#2686,#3220,.T.);
#1893=EDGE_CURVE('',#2687,#2688,#3221,.T.);
#1894=EDGE_CURVE('',#2688,#2689,#3222,.T.);
#1895=EDGE_CURVE('',#2689,#2690,#3223,.F.);
#1896=EDGE_CURVE('',#2690,#2691,#3224,.F.);
#1897=EDGE_CURVE('',#2691,#2692,#3225,.T.);
#1898=EDGE_CURVE('',#2693,#2692,#3226,.T.);
#1899=EDGE_CURVE('',#2693,#2694,#3227,.T.);
#1900=EDGE_CURVE('',#2694,#2695,#3228,.T.);
#1901=EDGE_CURVE('',#2695,#2680,#3229,.T.);
#1902=EDGE_CURVE('',#2696,#2697,#3230,.T.);
#1903=EDGE_CURVE('',#2696,#2698,#3231,.T.);
#1904=EDGE_CURVE('',#2698,#2699,#3232,.T.);
#1905=EDGE_CURVE('',#2699,#2697,#3233,.T.);
#1906=EDGE_CURVE('',#2700,#2701,#3234,.T.);
#1907=EDGE_CURVE('',#2700,#2702,#3235,.T.);
#1908=EDGE_CURVE('',#2702,#2703,#3236,.T.);
#1909=EDGE_CURVE('',#2703,#2701,#3237,.T.);
#1910=EDGE_CURVE('',#2704,#2705,#3238,.T.);
#1911=EDGE_CURVE('',#2704,#2706,#3239,.T.);
#1912=EDGE_CURVE('',#2706,#2707,#3240,.T.);
#1913=EDGE_CURVE('',#2707,#2705,#3241,.T.);
#1914=EDGE_CURVE('',#2708,#2709,#3242,.T.);
#1915=EDGE_CURVE('',#2708,#2710,#3243,.T.);
#1916=EDGE_CURVE('',#2710,#2711,#3244,.T.);
#1917=EDGE_CURVE('',#2709,#2711,#3245,.T.);
#1918=EDGE_CURVE('',#2712,#2713,#3246,.T.);
#1919=EDGE_CURVE('',#2712,#2708,#3247,.T.);
#1920=EDGE_CURVE('',#2713,#2709,#3248,.T.);
#1921=EDGE_CURVE('',#2714,#2715,#3249,.T.);
#1922=EDGE_CURVE('',#2714,#2712,#3250,.T.);
#1923=EDGE_CURVE('',#2715,#2713,#3251,.T.);
#1924=EDGE_CURVE('',#2716,#2717,#3252,.T.);
#1925=EDGE_CURVE('',#2718,#2716,#3253,.T.);
#1926=EDGE_CURVE('',#2719,#2718,#3254,.T.);
#1927=EDGE_CURVE('',#2717,#2719,#3255,.T.);
#1928=EDGE_CURVE('',#2720,#2721,#3256,.T.);
#1929=EDGE_CURVE('',#2721,#2722,#3257,.T.);
#1930=EDGE_CURVE('',#2722,#2723,#3258,.T.);
#1931=EDGE_CURVE('',#2723,#2720,#3259,.T.);
#1932=EDGE_CURVE('',#2724,#2725,#3260,.T.);
#1933=EDGE_CURVE('',#2725,#2726,#3261,.T.);
#1934=EDGE_CURVE('',#2726,#2727,#3262,.T.);
#1935=EDGE_CURVE('',#2727,#2724,#3263,.T.);
#1936=EDGE_CURVE('',#2728,#2729,#3264,.T.);
#1937=EDGE_CURVE('',#2730,#2728,#3265,.T.);
#1938=EDGE_CURVE('',#2731,#2730,#3266,.T.);
#1939=EDGE_CURVE('',#2729,#2731,#3267,.T.);
#1940=EDGE_CURVE('',#2732,#2733,#3268,.T.);
#1941=EDGE_CURVE('',#2733,#2734,#3269,.T.);
#1942=EDGE_CURVE('',#2734,#2735,#3270,.T.);
#1943=EDGE_CURVE('',#2735,#2732,#3271,.T.);
#1944=EDGE_CURVE('',#2736,#2737,#3272,.T.);
#1945=EDGE_CURVE('',#2738,#2736,#3273,.T.);
#1946=EDGE_CURVE('',#2739,#2738,#3274,.T.);
#1947=EDGE_CURVE('',#2737,#2739,#3275,.T.);
#1948=EDGE_CURVE('',#2740,#2586,#3276,.T.);
#1949=EDGE_CURVE('',#2740,#2741,#3277,.T.);
#1950=EDGE_CURVE('',#2741,#2742,#36,.F.);
#1951=EDGE_CURVE('',#2742,#2587,#3278,.T.);
#1952=EDGE_CURVE('',#2743,#2744,#3279,.T.);
#1953=EDGE_CURVE('',#2744,#2745,#3280,.T.);
#1954=EDGE_CURVE('',#2745,#2746,#3281,.T.);
#1955=EDGE_CURVE('',#2746,#2743,#3282,.T.);
#1956=EDGE_CURVE('',#2747,#2748,#3283,.T.);
#1957=EDGE_CURVE('',#2748,#2749,#3284,.T.);
#1958=EDGE_CURVE('',#2749,#2750,#3285,.T.);
#1959=EDGE_CURVE('',#2750,#2747,#3286,.T.);
#1960=EDGE_CURVE('',#2751,#2752,#3287,.T.);
#1961=EDGE_CURVE('',#2752,#2753,#3288,.T.);
#1962=EDGE_CURVE('',#2753,#2754,#3289,.T.);
#1963=EDGE_CURVE('',#2754,#2751,#3290,.T.);
#1964=EDGE_CURVE('',#2755,#2756,#3291,.T.);
#1965=EDGE_CURVE('',#2757,#2755,#3292,.T.);
#1966=EDGE_CURVE('',#2758,#2757,#3293,.T.);
#1967=EDGE_CURVE('',#2756,#2758,#3294,.T.);
#1968=EDGE_CURVE('',#2759,#2760,#3295,.T.);
#1969=EDGE_CURVE('',#2761,#2759,#3296,.T.);
#1970=EDGE_CURVE('',#2762,#2761,#3297,.T.);
#1971=EDGE_CURVE('',#2760,#2762,#3298,.T.);
#1972=EDGE_CURVE('',#2763,#2764,#3299,.T.);
#1973=EDGE_CURVE('',#2765,#2763,#3300,.T.);
#1974=EDGE_CURVE('',#2766,#2765,#3301,.T.);
#1975=EDGE_CURVE('',#2764,#2766,#3302,.T.);
#1976=EDGE_CURVE('',#2767,#2768,#3303,.T.);
#1977=EDGE_CURVE('',#2768,#2589,#3304,.T.);
#1978=EDGE_CURVE('',#2769,#2588,#3305,.T.);
#1979=EDGE_CURVE('',#2769,#2767,#37,.T.);
#1980=EDGE_CURVE('',#2680,#2768,#3306,.F.);
#1981=EDGE_CURVE('',#2767,#2770,#3307,.F.);
#1982=EDGE_CURVE('',#2771,#2770,#3308,.T.);
#1983=EDGE_CURVE('',#2706,#2771,#3309,.F.);
#1984=EDGE_CURVE('',#2702,#2704,#3310,.F.);
#1985=EDGE_CURVE('',#2698,#2700,#3311,.F.);
#1986=EDGE_CURVE('',#2681,#2696,#3312,.F.);
#1987=EDGE_CURVE('',#2740,#2683,#3313,.T.);
#1988=EDGE_CURVE('',#2682,#2697,#3314,.T.);
#1989=EDGE_CURVE('',#2699,#2701,#3315,.T.);
#1990=EDGE_CURVE('',#2703,#2705,#3316,.T.);
#1991=EDGE_CURVE('',#2707,#2772,#3317,.T.);
#1992=EDGE_CURVE('',#2773,#2772,#3318,.T.);
#1993=EDGE_CURVE('',#2773,#2741,#3319,.F.);
#1994=EDGE_CURVE('',#2566,#2515,#3320,.T.);
#1995=EDGE_CURVE('',#2591,#2565,#3321,.T.);
#1996=EDGE_CURVE('',#2590,#2774,#3322,.T.);
#1997=EDGE_CURVE('',#2775,#2774,#3323,.T.);
#1998=EDGE_CURVE('',#2776,#2775,#3324,.T.);
#1999=EDGE_CURVE('',#2777,#2776,#3325,.T.);
#2000=EDGE_CURVE('',#2777,#2778,#3326,.T.);
#2001=EDGE_CURVE('',#2778,#2500,#3327,.T.);
#2002=EDGE_CURVE('',#2779,#2498,#3328,.T.);
#2003=EDGE_CURVE('',#2780,#2779,#3329,.T.);
#2004=EDGE_CURVE('',#2780,#2504,#3330,.T.);
#2005=EDGE_CURVE('',#2584,#2571,#3331,.T.);
#2006=EDGE_CURVE('',#2570,#2522,#3332,.T.);
#2007=EDGE_CURVE('',#2781,#2510,#3333,.T.);
#2008=EDGE_CURVE('',#2781,#2782,#3334,.T.);
#2009=EDGE_CURVE('',#2782,#2506,#3335,.T.);
#2010=EDGE_CURVE('',#2507,#2783,#3336,.T.);
#2011=EDGE_CURVE('',#2715,#2783,#3337,.T.);
#2012=EDGE_CURVE('',#2585,#2711,#3338,.T.);
#2013=EDGE_CURVE('',#2575,#2784,#3339,.T.);
#2014=EDGE_CURVE('',#2784,#2574,#3340,.T.);
#2015=EDGE_CURVE('',#2578,#2576,#3341,.T.);
#2016=EDGE_CURVE('',#2523,#2784,#3342,.T.);
#2017=EDGE_CURVE('',#2742,#2785,#3343,.T.);
#2018=EDGE_CURVE('',#2785,#2786,#3344,.F.);
#2019=EDGE_CURVE('',#2786,#2769,#3345,.F.);
#2020=EDGE_CURVE('',#2771,#2772,#3346,.T.);
#2021=EDGE_CURVE('',#2770,#2773,#3347,.T.);
#2022=EDGE_CURVE('',#2787,#2788,#3348,.T.);
#2023=EDGE_CURVE('',#2788,#2789,#3349,.T.);
#2024=EDGE_CURVE('',#2789,#2790,#3350,.T.);
#2025=EDGE_CURVE('',#2787,#2790,#3351,.T.);
#2026=EDGE_CURVE('',#2790,#2791,#3352,.T.);
#2027=EDGE_CURVE('',#2791,#2792,#66,.T.);
#2028=EDGE_CURVE('',#2793,#2792,#3353,.T.);
#2029=EDGE_CURVE('',#2793,#2794,#67,.T.);
#2030=EDGE_CURVE('',#2794,#2787,#3354,.F.);
#2031=EDGE_CURVE('',#2521,#2795,#3355,.T.);
#2032=EDGE_CURVE('',#2795,#2796,#3356,.F.);
#2033=EDGE_CURVE('',#2796,#2516,#3357,.T.);
#2034=EDGE_CURVE('',#2501,#2693,#3358,.T.);
#2035=EDGE_CURVE('',#2692,#2797,#3359,.F.);
#2036=EDGE_CURVE('',#2797,#2798,#38,.F.);
#2037=EDGE_CURVE('',#2798,#2799,#68,.F.);
#2038=EDGE_CURVE('',#2799,#2793,#3360,.F.);
#2039=EDGE_CURVE('',#2792,#2800,#3361,.F.);
#2040=EDGE_CURVE('',#2800,#2801,#69,.F.);
#2041=EDGE_CURVE('',#2801,#2802,#39,.F.);
#2042=EDGE_CURVE('',#2802,#2687,#3362,.T.);
#2043=EDGE_CURVE('',#2686,#2513,#3363,.F.);
#2044=EDGE_CURVE('',#2519,#2803,#3364,.F.);
#2045=EDGE_CURVE('',#2518,#2804,#3365,.T.);
#2046=EDGE_CURVE('',#2804,#2803,#3366,.T.);
#2047=EDGE_CURVE('',#2805,#2806,#3367,.T.);
#2048=EDGE_CURVE('',#2806,#2807,#3368,.T.);
#2049=EDGE_CURVE('',#2808,#2807,#3369,.F.);
#2050=EDGE_CURVE('',#2805,#2808,#3370,.T.);
#2051=EDGE_CURVE('',#2808,#2803,#40,.F.);
#2052=EDGE_CURVE('',#2805,#2804,#41,.T.);
#2053=EDGE_CURVE('',#2517,#2809,#3371,.F.);
#2054=EDGE_CURVE('',#2809,#2806,#42,.F.);
#2055=EDGE_CURVE('',#2807,#2810,#43,.F.);
#2056=EDGE_CURVE('',#2810,#2520,#3372,.T.);
#2057=EDGE_CURVE('',#2794,#2811,#3373,.F.);
#2058=EDGE_CURVE('',#2811,#2812,#3374,.F.);
#2059=EDGE_CURVE('',#2812,#2788,#3375,.F.);
#2060=EDGE_CURVE('',#2813,#2814,#3376,.T.);
#2061=EDGE_CURVE('',#2814,#2791,#3377,.F.);
#2062=EDGE_CURVE('',#2789,#2813,#3378,.F.);
#2063=EDGE_CURVE('',#2815,#2755,#3379,.T.);
#2064=EDGE_CURVE('',#2816,#2815,#3380,.T.);
#2065=EDGE_CURVE('',#2816,#2757,#3381,.T.);
#2066=EDGE_CURVE('',#2817,#2756,#3382,.T.);
#2067=EDGE_CURVE('',#2815,#2817,#3383,.T.);
#2068=EDGE_CURVE('',#2818,#2758,#3384,.T.);
#2069=EDGE_CURVE('',#2817,#2818,#3385,.T.);
#2070=EDGE_CURVE('',#2818,#2816,#3386,.T.);
#2071=EDGE_CURVE('',#2819,#2751,#3387,.T.);
#2072=EDGE_CURVE('',#2819,#2820,#3388,.T.);
#2073=EDGE_CURVE('',#2820,#2752,#3389,.T.);
#2074=EDGE_CURVE('',#2821,#2754,#3390,.T.);
#2075=EDGE_CURVE('',#2821,#2819,#3391,.T.);
#2076=EDGE_CURVE('',#2822,#2753,#3392,.T.);
#2077=EDGE_CURVE('',#2822,#2821,#3393,.T.);
#2078=EDGE_CURVE('',#2820,#2822,#3394,.T.);
#2079=EDGE_CURVE('',#2823,#2759,#3395,.T.);
#2080=EDGE_CURVE('',#2824,#2823,#3396,.T.);
#2081=EDGE_CURVE('',#2824,#2761,#3397,.T.);
#2082=EDGE_CURVE('',#2825,#2760,#3398,.T.);
#2083=EDGE_CURVE('',#2823,#2825,#3399,.T.);
#2084=EDGE_CURVE('',#2826,#2762,#3400,.T.);
#2085=EDGE_CURVE('',#2825,#2826,#3401,.T.);
#2086=EDGE_CURVE('',#2826,#2824,#3402,.T.);
#2087=EDGE_CURVE('',#2827,#2747,#3403,.T.);
#2088=EDGE_CURVE('',#2827,#2828,#3404,.T.);
#2089=EDGE_CURVE('',#2828,#2748,#3405,.T.);
#2090=EDGE_CURVE('',#2829,#2750,#3406,.T.);
#2091=EDGE_CURVE('',#2829,#2827,#3407,.T.);
#2092=EDGE_CURVE('',#2830,#2749,#3408,.T.);
#2093=EDGE_CURVE('',#2830,#2829,#3409,.T.);
#2094=EDGE_CURVE('',#2828,#2830,#3410,.T.);
#2095=EDGE_CURVE('',#2831,#2763,#3411,.T.);
#2096=EDGE_CURVE('',#2832,#2831,#3412,.T.);
#2097=EDGE_CURVE('',#2832,#2765,#3413,.T.);
#2098=EDGE_CURVE('',#2833,#2764,#3414,.T.);
#2099=EDGE_CURVE('',#2831,#2833,#3415,.T.);
#2100=EDGE_CURVE('',#2834,#2766,#3416,.T.);
#2101=EDGE_CURVE('',#2833,#2834,#3417,.T.);
#2102=EDGE_CURVE('',#2834,#2832,#3418,.T.);
#2103=EDGE_CURVE('',#2835,#2743,#3419,.T.);
#2104=EDGE_CURVE('',#2835,#2836,#3420,.T.);
#2105=EDGE_CURVE('',#2836,#2744,#3421,.T.);
#2106=EDGE_CURVE('',#2837,#2746,#3422,.T.);
#2107=EDGE_CURVE('',#2837,#2835,#3423,.T.);
#2108=EDGE_CURVE('',#2838,#2745,#3424,.T.);
#2109=EDGE_CURVE('',#2838,#2837,#3425,.T.);
#2110=EDGE_CURVE('',#2836,#2838,#3426,.T.);
#2111=EDGE_CURVE('',#2691,#2839,#44,.F.);
#2112=EDGE_CURVE('',#2839,#2797,#3427,.T.);
#2113=EDGE_CURVE('',#2802,#2840,#3428,.F.);
#2114=EDGE_CURVE('',#2840,#2688,#45,.T.);
#2115=EDGE_CURVE('',#2770,#2786,#46,.T.);
#2116=EDGE_CURVE('',#2773,#2785,#47,.T.);
#2117=EDGE_CURVE('',#2801,#2814,#70,.F.);
#2118=EDGE_CURVE('',#2840,#2813,#48,.F.);
#2119=EDGE_CURVE('',#2689,#2789,#49,.T.);
#2120=EDGE_CURVE('',#2690,#2788,#50,.F.);
#2121=EDGE_CURVE('',#2839,#2812,#51,.F.);
#2122=EDGE_CURVE('',#2811,#2798,#71,.T.);
#2123=EDGE_CURVE('',#2841,#2725,#3429,.T.);
#2124=EDGE_CURVE('',#2841,#2842,#3430,.T.);
#2125=EDGE_CURVE('',#2842,#2726,#3431,.T.);
#2126=EDGE_CURVE('',#2842,#2843,#3432,.T.);
#2127=EDGE_CURVE('',#2843,#2727,#3433,.T.);
#2128=EDGE_CURVE('',#2843,#2844,#3434,.T.);
#2129=EDGE_CURVE('',#2844,#2724,#3435,.T.);
#2130=EDGE_CURVE('',#2844,#2841,#3436,.T.);
#2131=EDGE_CURVE('',#2845,#2729,#3437,.T.);
#2132=EDGE_CURVE('',#2846,#2845,#3438,.T.);
#2133=EDGE_CURVE('',#2846,#2728,#3439,.T.);
#2134=EDGE_CURVE('',#2847,#2846,#3440,.T.);
#2135=EDGE_CURVE('',#2847,#2730,#3441,.T.);
#2136=EDGE_CURVE('',#2848,#2847,#3442,.T.);
#2137=EDGE_CURVE('',#2848,#2731,#3443,.T.);
#2138=EDGE_CURVE('',#2845,#2848,#3444,.T.);
#2139=EDGE_CURVE('',#2849,#2721,#3445,.T.);
#2140=EDGE_CURVE('',#2849,#2850,#3446,.T.);
#2141=EDGE_CURVE('',#2850,#2722,#3447,.T.);
#2142=EDGE_CURVE('',#2850,#2851,#3448,.T.);
#2143=EDGE_CURVE('',#2851,#2723,#3449,.T.);
#2144=EDGE_CURVE('',#2851,#2852,#3450,.T.);
#2145=EDGE_CURVE('',#2852,#2720,#3451,.T.);
#2146=EDGE_CURVE('',#2852,#2849,#3452,.T.);
#2147=EDGE_CURVE('',#2853,#2717,#3453,.T.);
#2148=EDGE_CURVE('',#2854,#2853,#3454,.T.);
#2149=EDGE_CURVE('',#2854,#2716,#3455,.T.);
#2150=EDGE_CURVE('',#2855,#2854,#3456,.T.);
#2151=EDGE_CURVE('',#2855,#2718,#3457,.T.);
#2152=EDGE_CURVE('',#2856,#2855,#3458,.T.);
#2153=EDGE_CURVE('',#2856,#2719,#3459,.T.);
#2154=EDGE_CURVE('',#2853,#2856,#3460,.T.);
#2155=EDGE_CURVE('',#2857,#2733,#3461,.T.);
#2156=EDGE_CURVE('',#2857,#2858,#3462,.T.);
#2157=EDGE_CURVE('',#2858,#2734,#3463,.T.);
#2158=EDGE_CURVE('',#2858,#2859,#3464,.T.);
#2159=EDGE_CURVE('',#2859,#2735,#3465,.T.);
#2160=EDGE_CURVE('',#2859,#2860,#3466,.T.);
#2161=EDGE_CURVE('',#2860,#2732,#3467,.T.);
#2162=EDGE_CURVE('',#2860,#2857,#3468,.T.);
#2163=EDGE_CURVE('',#2861,#2737,#3469,.T.);
#2164=EDGE_CURVE('',#2862,#2861,#3470,.T.);
#2165=EDGE_CURVE('',#2862,#2736,#3471,.T.);
#2166=EDGE_CURVE('',#2863,#2862,#3472,.T.);
#2167=EDGE_CURVE('',#2863,#2738,#3473,.T.);
#2168=EDGE_CURVE('',#2864,#2863,#3474,.T.);
#2169=EDGE_CURVE('',#2864,#2739,#3475,.T.);
#2170=EDGE_CURVE('',#2861,#2864,#3476,.T.);
#2171=EDGE_CURVE('',#2637,#2865,#3477,.T.);
#2172=EDGE_CURVE('',#2866,#2865,#3478,.T.);
#2173=EDGE_CURVE('',#2636,#2866,#3479,.T.);
#2174=EDGE_CURVE('',#2865,#2867,#3480,.T.);
#2175=EDGE_CURVE('',#2868,#2867,#3481,.T.);
#2176=EDGE_CURVE('',#2866,#2868,#3482,.T.);
#2177=EDGE_CURVE('',#2867,#2639,#3483,.T.);
#2178=EDGE_CURVE('',#2868,#2638,#3484,.T.);
#2179=EDGE_CURVE('',#2641,#2869,#3485,.T.);
#2180=EDGE_CURVE('',#2870,#2869,#3486,.T.);
#2181=EDGE_CURVE('',#2640,#2870,#3487,.T.);
#2182=EDGE_CURVE('',#2869,#2871,#3488,.T.);
#2183=EDGE_CURVE('',#2872,#2871,#3489,.T.);
#2184=EDGE_CURVE('',#2870,#2872,#3490,.T.);
#2185=EDGE_CURVE('',#2871,#2643,#3491,.T.);
#2186=EDGE_CURVE('',#2872,#2642,#3492,.T.);
#2187=EDGE_CURVE('',#2645,#2873,#3493,.T.);
#2188=EDGE_CURVE('',#2874,#2873,#3494,.T.);
#2189=EDGE_CURVE('',#2644,#2874,#3495,.T.);
#2190=EDGE_CURVE('',#2873,#2875,#3496,.T.);
#2191=EDGE_CURVE('',#2876,#2875,#3497,.T.);
#2192=EDGE_CURVE('',#2874,#2876,#3498,.T.);
#2193=EDGE_CURVE('',#2875,#2647,#3499,.T.);
#2194=EDGE_CURVE('',#2876,#2646,#3500,.T.);
#2195=EDGE_CURVE('',#2649,#2877,#3501,.T.);
#2196=EDGE_CURVE('',#2878,#2877,#3502,.T.);
#2197=EDGE_CURVE('',#2648,#2878,#3503,.T.);
#2198=EDGE_CURVE('',#2877,#2879,#3504,.T.);
#2199=EDGE_CURVE('',#2880,#2879,#3505,.T.);
#2200=EDGE_CURVE('',#2878,#2880,#3506,.T.);
#2201=EDGE_CURVE('',#2879,#2651,#3507,.T.);
#2202=EDGE_CURVE('',#2880,#2650,#3508,.T.);
#2203=EDGE_CURVE('',#2653,#2881,#3509,.T.);
#2204=EDGE_CURVE('',#2882,#2881,#3510,.T.);
#2205=EDGE_CURVE('',#2652,#2882,#3511,.T.);
#2206=EDGE_CURVE('',#2881,#2883,#3512,.T.);
#2207=EDGE_CURVE('',#2884,#2883,#3513,.T.);
#2208=EDGE_CURVE('',#2882,#2884,#3514,.T.);
#2209=EDGE_CURVE('',#2883,#2655,#3515,.T.);
#2210=EDGE_CURVE('',#2884,#2654,#3516,.T.);
#2211=EDGE_CURVE('',#2657,#2885,#3517,.T.);
#2212=EDGE_CURVE('',#2886,#2885,#3518,.T.);
#2213=EDGE_CURVE('',#2656,#2886,#3519,.T.);
#2214=EDGE_CURVE('',#2885,#2887,#3520,.T.);
#2215=EDGE_CURVE('',#2888,#2887,#3521,.T.);
#2216=EDGE_CURVE('',#2886,#2888,#3522,.T.);
#2217=EDGE_CURVE('',#2887,#2659,#3523,.T.);
#2218=EDGE_CURVE('',#2888,#2658,#3524,.T.);
#2219=EDGE_CURVE('',#2661,#2889,#3525,.T.);
#2220=EDGE_CURVE('',#2890,#2889,#3526,.T.);
#2221=EDGE_CURVE('',#2660,#2890,#3527,.T.);
#2222=EDGE_CURVE('',#2889,#2891,#3528,.T.);
#2223=EDGE_CURVE('',#2892,#2891,#3529,.T.);
#2224=EDGE_CURVE('',#2890,#2892,#3530,.T.);
#2225=EDGE_CURVE('',#2891,#2663,#3531,.T.);
#2226=EDGE_CURVE('',#2892,#2662,#3532,.T.);
#2227=EDGE_CURVE('',#2665,#2893,#3533,.T.);
#2228=EDGE_CURVE('',#2894,#2893,#3534,.T.);
#2229=EDGE_CURVE('',#2664,#2894,#3535,.T.);
#2230=EDGE_CURVE('',#2893,#2895,#3536,.T.);
#2231=EDGE_CURVE('',#2896,#2895,#3537,.T.);
#2232=EDGE_CURVE('',#2894,#2896,#3538,.T.);
#2233=EDGE_CURVE('',#2895,#2667,#3539,.T.);
#2234=EDGE_CURVE('',#2896,#2666,#3540,.T.);
#2235=EDGE_CURVE('',#2669,#2897,#3541,.T.);
#2236=EDGE_CURVE('',#2898,#2897,#3542,.T.);
#2237=EDGE_CURVE('',#2668,#2898,#3543,.T.);
#2238=EDGE_CURVE('',#2897,#2899,#3544,.T.);
#2239=EDGE_CURVE('',#2900,#2899,#3545,.T.);
#2240=EDGE_CURVE('',#2898,#2900,#3546,.T.);
#2241=EDGE_CURVE('',#2899,#2671,#3547,.T.);
#2242=EDGE_CURVE('',#2900,#2670,#3548,.T.);
#2243=EDGE_CURVE('',#2673,#2901,#3549,.T.);
#2244=EDGE_CURVE('',#2902,#2901,#3550,.T.);
#2245=EDGE_CURVE('',#2672,#2902,#3551,.T.);
#2246=EDGE_CURVE('',#2901,#2903,#3552,.T.);
#2247=EDGE_CURVE('',#2904,#2903,#3553,.T.);
#2248=EDGE_CURVE('',#2902,#2904,#3554,.T.);
#2249=EDGE_CURVE('',#2903,#2675,#3555,.T.);
#2250=EDGE_CURVE('',#2904,#2674,#3556,.T.);
#2251=EDGE_CURVE('',#2905,#2906,#3557,.T.);
#2252=EDGE_CURVE('',#2777,#2905,#3558,.T.);
#2253=EDGE_CURVE('',#2776,#2906,#3559,.T.);
#2254=EDGE_CURVE('',#2906,#2907,#3560,.T.);
#2255=EDGE_CURVE('',#2775,#2907,#3561,.T.);
#2256=EDGE_CURVE('',#2907,#2908,#3562,.T.);
#2257=EDGE_CURVE('',#2774,#2908,#3563,.T.);
#2258=EDGE_CURVE('',#2695,#2778,#3564,.F.);
#2259=EDGE_CURVE('',#2908,#2905,#3565,.T.);
#2260=EDGE_CURVE('',#2783,#2684,#3566,.T.);
#2261=EDGE_CURVE('',#2710,#2714,#3567,.T.);
#2262=EDGE_CURVE('',#2634,#2909,#3568,.T.);
#2263=EDGE_CURVE('',#2632,#2910,#3569,.T.);
#2264=EDGE_CURVE('',#2910,#2909,#3570,.T.);
#2265=EDGE_CURVE('',#2909,#2911,#3571,.T.);
#2266=EDGE_CURVE('',#2910,#2912,#3572,.T.);
#2267=EDGE_CURVE('',#2912,#2911,#3573,.T.);
#2268=EDGE_CURVE('',#2911,#2635,#3574,.T.);
#2269=EDGE_CURVE('',#2912,#2633,#3575,.T.);
#2270=EDGE_CURVE('',#2630,#2913,#3576,.T.);
#2271=EDGE_CURVE('',#2628,#2914,#3577,.T.);
#2272=EDGE_CURVE('',#2914,#2913,#3578,.T.);
#2273=EDGE_CURVE('',#2913,#2915,#3579,.T.);
#2274=EDGE_CURVE('',#2914,#2916,#3580,.T.);
#2275=EDGE_CURVE('',#2916,#2915,#3581,.T.);
#2276=EDGE_CURVE('',#2915,#2631,#3582,.T.);
#2277=EDGE_CURVE('',#2916,#2629,#3583,.T.);
#2278=EDGE_CURVE('',#2626,#2917,#3584,.T.);
#2279=EDGE_CURVE('',#2624,#2918,#3585,.T.);
#2280=EDGE_CURVE('',#2918,#2917,#3586,.T.);
#2281=EDGE_CURVE('',#2917,#2919,#3587,.T.);
#2282=EDGE_CURVE('',#2918,#2920,#3588,.T.);
#2283=EDGE_CURVE('',#2920,#2919,#3589,.T.);
#2284=EDGE_CURVE('',#2919,#2627,#3590,.T.);
#2285=EDGE_CURVE('',#2920,#2625,#3591,.T.);
#2286=EDGE_CURVE('',#2622,#2921,#3592,.T.);
#2287=EDGE_CURVE('',#2620,#2922,#3593,.T.);
#2288=EDGE_CURVE('',#2922,#2921,#3594,.T.);
#2289=EDGE_CURVE('',#2921,#2923,#3595,.T.);
#2290=EDGE_CURVE('',#2922,#2924,#3596,.T.);
#2291=EDGE_CURVE('',#2924,#2923,#3597,.T.);
#2292=EDGE_CURVE('',#2923,#2623,#3598,.T.);
#2293=EDGE_CURVE('',#2924,#2621,#3599,.T.);
#2294=EDGE_CURVE('',#2618,#2925,#3600,.T.);
#2295=EDGE_CURVE('',#2616,#2926,#3601,.T.);
#2296=EDGE_CURVE('',#2926,#2925,#3602,.T.);
#2297=EDGE_CURVE('',#2925,#2927,#3603,.T.);
#2298=EDGE_CURVE('',#2926,#2928,#3604,.T.);
#2299=EDGE_CURVE('',#2928,#2927,#3605,.T.);
#2300=EDGE_CURVE('',#2927,#2619,#3606,.T.);
#2301=EDGE_CURVE('',#2928,#2617,#3607,.T.);
#2302=EDGE_CURVE('',#2614,#2929,#3608,.T.);
#2303=EDGE_CURVE('',#2612,#2930,#3609,.T.);
#2304=EDGE_CURVE('',#2930,#2929,#3610,.T.);
#2305=EDGE_CURVE('',#2929,#2931,#3611,.T.);
#2306=EDGE_CURVE('',#2930,#2932,#3612,.T.);
#2307=EDGE_CURVE('',#2932,#2931,#3613,.T.);
#2308=EDGE_CURVE('',#2931,#2615,#3614,.T.);
#2309=EDGE_CURVE('',#2932,#2613,#3615,.T.);
#2310=EDGE_CURVE('',#2610,#2933,#3616,.T.);
#2311=EDGE_CURVE('',#2608,#2934,#3617,.T.);
#2312=EDGE_CURVE('',#2934,#2933,#3618,.T.);
#2313=EDGE_CURVE('',#2933,#2935,#3619,.T.);
#2314=EDGE_CURVE('',#2934,#2936,#3620,.T.);
#2315=EDGE_CURVE('',#2936,#2935,#3621,.T.);
#2316=EDGE_CURVE('',#2935,#2611,#3622,.T.);
#2317=EDGE_CURVE('',#2936,#2609,#3623,.T.);
#2318=EDGE_CURVE('',#2606,#2937,#3624,.T.);
#2319=EDGE_CURVE('',#2604,#2938,#3625,.T.);
#2320=EDGE_CURVE('',#2938,#2937,#3626,.T.);
#2321=EDGE_CURVE('',#2937,#2939,#3627,.T.);
#2322=EDGE_CURVE('',#2938,#2940,#3628,.T.);
#2323=EDGE_CURVE('',#2940,#2939,#3629,.T.);
#2324=EDGE_CURVE('',#2939,#2607,#3630,.T.);
#2325=EDGE_CURVE('',#2940,#2605,#3631,.T.);
#2326=EDGE_CURVE('',#2602,#2941,#3632,.T.);
#2327=EDGE_CURVE('',#2600,#2942,#3633,.T.);
#2328=EDGE_CURVE('',#2942,#2941,#3634,.T.);
#2329=EDGE_CURVE('',#2941,#2943,#3635,.T.);
#2330=EDGE_CURVE('',#2942,#2944,#3636,.T.);
#2331=EDGE_CURVE('',#2944,#2943,#3637,.T.);
#2332=EDGE_CURVE('',#2943,#2603,#3638,.T.);
#2333=EDGE_CURVE('',#2944,#2601,#3639,.T.);
#2334=EDGE_CURVE('',#2598,#2945,#3640,.T.);
#2335=EDGE_CURVE('',#2596,#2946,#3641,.T.);
#2336=EDGE_CURVE('',#2946,#2945,#3642,.T.);
#2337=EDGE_CURVE('',#2945,#2947,#3643,.T.);
#2338=EDGE_CURVE('',#2946,#2948,#3644,.T.);
#2339=EDGE_CURVE('',#2948,#2947,#3645,.T.);
#2340=EDGE_CURVE('',#2947,#2599,#3646,.T.);
#2341=EDGE_CURVE('',#2948,#2597,#3647,.T.);
#2342=EDGE_CURVE('',#2694,#2500,#3648,.T.);
#2343=EDGE_CURVE('',#2685,#2507,#3649,.T.);
#2344=EDGE_CURVE('',#2800,#2814,#72,.T.);
#2345=EDGE_CURVE('',#2811,#2799,#73,.T.);
#2346=EDGE_CURVE('',#2949,#2950,#3650,.T.);
#2347=EDGE_CURVE('',#2949,#2951,#3651,.F.);
#2348=EDGE_CURVE('',#2951,#2771,#3652,.T.);
#2349=EDGE_CURVE('',#2952,#2772,#3653,.T.);
#2350=EDGE_CURVE('',#2952,#2950,#3654,.T.);
#2351=EDGE_CURVE('',#2953,#2954,#3655,.T.);
#2352=EDGE_CURVE('',#2953,#2949,#3656,.T.);
#2353=EDGE_CURVE('',#2950,#2954,#3657,.T.);
#2354=EDGE_CURVE('',#2706,#2955,#3658,.T.);
#2355=EDGE_CURVE('',#2955,#2953,#3659,.F.);
#2356=EDGE_CURVE('',#2954,#2956,#3660,.T.);
#2357=EDGE_CURVE('',#2707,#2956,#3661,.T.);
#2358=EDGE_CURVE('',#2951,#2955,#3662,.T.);
#2359=EDGE_CURVE('',#2956,#2952,#3663,.T.);
#2360=EDGE_CURVE('',#2957,#2958,#3664,.T.);
#2361=EDGE_CURVE('',#2957,#2959,#3665,.F.);
#2362=EDGE_CURVE('',#2959,#2704,#3666,.T.);
#2363=EDGE_CURVE('',#2960,#2705,#3667,.T.);
#2364=EDGE_CURVE('',#2960,#2958,#3668,.T.);
#2365=EDGE_CURVE('',#2961,#2962,#3669,.T.);
#2366=EDGE_CURVE('',#2961,#2957,#3670,.T.);
#2367=EDGE_CURVE('',#2958,#2962,#3671,.T.);
#2368=EDGE_CURVE('',#2702,#2963,#3672,.T.);
#2369=EDGE_CURVE('',#2963,#2961,#3673,.F.);
#2370=EDGE_CURVE('',#2962,#2964,#3674,.T.);
#2371=EDGE_CURVE('',#2703,#2964,#3675,.T.);
#2372=EDGE_CURVE('',#2959,#2963,#3676,.T.);
#2373=EDGE_CURVE('',#2964,#2960,#3677,.T.);
#2374=EDGE_CURVE('',#2965,#2966,#3678,.T.);
#2375=EDGE_CURVE('',#2967,#2965,#3679,.T.);
#2376=EDGE_CURVE('',#2967,#2968,#3680,.T.);
#2377=EDGE_CURVE('',#2968,#2966,#3681,.T.);
#2378=EDGE_CURVE('',#2969,#2970,#3682,.T.);
#2379=EDGE_CURVE('',#2969,#2971,#3683,.F.);
#2380=EDGE_CURVE('',#2971,#2967,#3684,.T.);
#2381=EDGE_CURVE('',#2972,#2965,#3685,.T.);
#2382=EDGE_CURVE('',#2972,#2970,#3686,.T.);
#2383=EDGE_CURVE('',#2973,#2974,#3687,.T.);
#2384=EDGE_CURVE('',#2973,#2969,#3688,.T.);
#2385=EDGE_CURVE('',#2970,#2974,#3689,.T.);
#2386=EDGE_CURVE('',#2975,#2976,#3690,.T.);
#2387=EDGE_CURVE('',#2976,#2973,#3691,.F.);
#2388=EDGE_CURVE('',#2974,#2977,#3692,.T.);
#2389=EDGE_CURVE('',#2978,#2977,#3693,.T.);
#2390=EDGE_CURVE('',#2975,#2978,#3694,.T.);
#2391=EDGE_CURVE('',#2979,#2978,#3695,.T.);
#2392=EDGE_CURVE('',#2980,#2979,#3696,.T.);
#2393=EDGE_CURVE('',#2980,#2975,#3697,.T.);
#2394=EDGE_CURVE('',#2699,#2979,#3698,.T.);
#2395=EDGE_CURVE('',#2698,#2980,#3699,.T.);
#2396=EDGE_CURVE('',#2966,#2701,#3700,.T.);
#2397=EDGE_CURVE('',#2968,#2700,#3701,.T.);
#2398=EDGE_CURVE('',#2971,#2976,#3702,.T.);
#2399=EDGE_CURVE('',#2977,#2972,#3703,.T.);
#2400=EDGE_CURVE('',#2981,#2982,#3704,.T.);
#2401=EDGE_CURVE('',#2983,#2981,#3705,.T.);
#2402=EDGE_CURVE('',#2983,#2984,#3706,.T.);
#2403=EDGE_CURVE('',#2984,#2982,#3707,.T.);
#2404=EDGE_CURVE('',#2985,#2986,#3708,.T.);
#2405=EDGE_CURVE('',#2985,#2987,#3709,.F.);
#2406=EDGE_CURVE('',#2987,#2983,#3710,.T.);
#2407=EDGE_CURVE('',#2988,#2981,#3711,.T.);
#2408=EDGE_CURVE('',#2988,#2986,#3712,.T.);
#2409=EDGE_CURVE('',#2989,#2990,#74,.T.);
#2410=EDGE_CURVE('',#2989,#2985,#3713,.T.);
#2411=EDGE_CURVE('',#2986,#2990,#3714,.T.);
#2412=EDGE_CURVE('',#2991,#2992,#3715,.T.);
#2413=EDGE_CURVE('',#2992,#2676,#3716,.F.);
#2414=EDGE_CURVE('',#2677,#2993,#3717,.T.);
#2415=EDGE_CURVE('',#2994,#2993,#3718,.T.);
#2416=EDGE_CURVE('',#2991,#2994,#3719,.T.);
#2417=EDGE_CURVE('',#2995,#2994,#3720,.T.);
#2418=EDGE_CURVE('',#2996,#2995,#3721,.T.);
#2419=EDGE_CURVE('',#2996,#2991,#3722,.T.);
#2420=EDGE_CURVE('',#2682,#2995,#3723,.T.);
#2421=EDGE_CURVE('',#2681,#2996,#3724,.T.);
#2422=EDGE_CURVE('',#2982,#2697,#3725,.T.);
#2423=EDGE_CURVE('',#2984,#2696,#3726,.T.);
#2424=EDGE_CURVE('',#2987,#2992,#3727,.T.);
#2425=EDGE_CURVE('',#2993,#2988,#3728,.T.);
#2426=EDGE_CURVE('',#2997,#2997,#75,.T.);
#2427=EDGE_CURVE('',#2990,#2679,#52,.T.);
#2428=EDGE_CURVE('',#2678,#2989,#53,.F.);
#2429=EDGE_CURVE('',#2809,#2796,#54,.T.);
#2430=EDGE_CURVE('',#2810,#2795,#55,.T.);
#2431=EDGE_CURVE('',#2998,#2508,#3729,.T.);
#2432=EDGE_CURVE('',#2999,#2998,#3730,.T.);
#2433=EDGE_CURVE('',#2999,#2509,#3731,.T.);
#2434=EDGE_CURVE('',#2998,#2782,#3732,.T.);
#2435=EDGE_CURVE('',#2999,#2781,#3733,.T.);
#2436=EDGE_CURVE('',#3000,#2779,#3734,.T.);
#2437=EDGE_CURVE('',#3001,#3000,#3735,.T.);
#2438=EDGE_CURVE('',#3001,#2780,#3736,.T.);
#2439=EDGE_CURVE('',#3000,#2499,#3737,.T.);
#2440=EDGE_CURVE('',#3001,#2505,#3738,.T.);
#2441=EDGE_CURVE('',#3002,#2541,#3739,.T.);
#2442=EDGE_CURVE('',#3003,#3002,#3740,.T.);
#2443=EDGE_CURVE('',#3003,#2539,#3741,.T.);
#2444=EDGE_CURVE('',#2540,#3004,#3742,.T.);
#2445=EDGE_CURVE('',#2538,#3005,#3743,.T.);
#2446=EDGE_CURVE('',#3005,#3004,#3744,.T.);
#2447=EDGE_CURVE('',#3004,#3002,#3745,.T.);
#2448=EDGE_CURVE('',#3005,#3003,#3746,.T.);
#2449=EDGE_CURVE('',#2536,#3006,#3747,.T.);
#2450=EDGE_CURVE('',#2534,#3007,#3748,.T.);
#2451=EDGE_CURVE('',#3007,#3006,#3749,.T.);
#2452=EDGE_CURVE('',#3006,#3008,#3750,.T.);
#2453=EDGE_CURVE('',#3007,#3009,#3751,.T.);
#2454=EDGE_CURVE('',#3009,#3008,#3752,.T.);
#2455=EDGE_CURVE('',#2537,#3008,#3753,.T.);
#2456=EDGE_CURVE('',#2535,#3009,#3754,.T.);
#2457=EDGE_CURVE('',#3010,#2531,#3755,.T.);
#2458=EDGE_CURVE('',#3011,#3010,#3756,.T.);
#2459=EDGE_CURVE('',#3011,#2530,#3757,.T.);
#2460=EDGE_CURVE('',#3012,#3011,#3758,.T.);
#2461=EDGE_CURVE('',#3012,#2532,#3759,.T.);
#2462=EDGE_CURVE('',#3013,#3012,#3760,.T.);
#2463=EDGE_CURVE('',#3013,#2533,#3761,.T.);
#2464=EDGE_CURVE('',#3013,#3010,#3762,.T.);
#2465=EDGE_CURVE('',#3014,#2527,#3763,.T.);
#2466=EDGE_CURVE('',#3015,#3014,#3764,.T.);
#2467=EDGE_CURVE('',#3015,#2526,#3765,.T.);
#2468=EDGE_CURVE('',#3016,#3015,#3766,.T.);
#2469=EDGE_CURVE('',#3016,#2528,#3767,.T.);
#2470=EDGE_CURVE('',#3016,#3017,#3768,.T.);
#2471=EDGE_CURVE('',#3017,#2529,#3769,.T.);
#2472=EDGE_CURVE('',#3014,#3017,#3770,.T.);
#2473=EDGE_CURVE('',#2593,#2563,#3771,.T.);
#2474=EDGE_CURVE('',#2592,#2564,#3772,.T.);
#2475=EDGE_CURVE('',#2582,#2554,#3773,.T.);
#2476=EDGE_CURVE('',#2583,#2553,#3774,.T.);
#2477=EDGE_CURVE('',#3018,#3018,#76,.T.);
#2478=EDGE_CURVE('',#3019,#3019,#77,.T.);
#2479=EDGE_CURVE('',#3020,#3020,#78,.T.);
#2480=EDGE_CURVE('',#3021,#2578,#3775,.T.);
#2481=EDGE_CURVE('',#3021,#3022,#3776,.T.);
#2482=EDGE_CURVE('',#3022,#2576,#3777,.T.);
#2483=EDGE_CURVE('',#3021,#2559,#3778,.T.);
#2484=EDGE_CURVE('',#2558,#3022,#3779,.T.);
#2485=EDGE_CURVE('',#2514,#2567,#3780,.T.);
#2486=EDGE_CURVE('',#3023,#2545,#3781,.T.);
#2487=EDGE_CURVE('',#3024,#2544,#3782,.T.);
#2488=EDGE_CURVE('',#3024,#3023,#3783,.T.);
#2489=EDGE_CURVE('',#2543,#3025,#3784,.T.);
#2490=EDGE_CURVE('',#3026,#3025,#3785,.T.);
#2491=EDGE_CURVE('',#2542,#3026,#3786,.T.);
#2492=EDGE_CURVE('',#3025,#3023,#3787,.T.);
#2493=EDGE_CURVE('',#3026,#3024,#3788,.T.);
#2494=EDGE_CURVE('',#3027,#3027,#79,.T.);
#2495=EDGE_CURVE('',#3028,#3028,#80,.T.);
#2496=EDGE_CURVE('',#3029,#3029,#81,.T.);
#2497=EDGE_CURVE('',#3030,#3030,#82,.T.);
#2498=VERTEX_POINT('',#7821);
#2499=VERTEX_POINT('',#7822);
#2500=VERTEX_POINT('',#7824);
#2501=VERTEX_POINT('',#7826);
#2502=VERTEX_POINT('',#7828);
#2503=VERTEX_POINT('',#7830);
#2504=VERTEX_POINT('',#7832);
#2505=VERTEX_POINT('',#7834);
#2506=VERTEX_POINT('',#7838);
#2507=VERTEX_POINT('',#7839);
#2508=VERTEX_POINT('',#7841);
#2509=VERTEX_POINT('',#7843);
#2510=VERTEX_POINT('',#7845);
#2511=VERTEX_POINT('',#7847);
#2512=VERTEX_POINT('',#7849);
#2513=VERTEX_POINT('',#7851);
#2514=VERTEX_POINT('',#7855);
#2515=VERTEX_POINT('',#7856);
#2516=VERTEX_POINT('',#7859);
#2517=VERTEX_POINT('',#7861);
#2518=VERTEX_POINT('',#7863);
#2519=VERTEX_POINT('',#7865);
#2520=VERTEX_POINT('',#7867);
#2521=VERTEX_POINT('',#7869);
#2522=VERTEX_POINT('',#7872);
#2523=VERTEX_POINT('',#7874);
#2524=VERTEX_POINT('',#7876);
#2525=VERTEX_POINT('',#7878);
#2526=VERTEX_POINT('',#7881);
#2527=VERTEX_POINT('',#7882);
#2528=VERTEX_POINT('',#7884);
#2529=VERTEX_POINT('',#7886);
#2530=VERTEX_POINT('',#7889);
#2531=VERTEX_POINT('',#7890);
#2532=VERTEX_POINT('',#7892);
#2533=VERTEX_POINT('',#7894);
#2534=VERTEX_POINT('',#7897);
#2535=VERTEX_POINT('',#7898);
#2536=VERTEX_POINT('',#7900);
#2537=VERTEX_POINT('',#7902);
#2538=VERTEX_POINT('',#7905);
#2539=VERTEX_POINT('',#7906);
#2540=VERTEX_POINT('',#7908);
#2541=VERTEX_POINT('',#7910);
#2542=VERTEX_POINT('',#7913);
#2543=VERTEX_POINT('',#7914);
#2544=VERTEX_POINT('',#7916);
#2545=VERTEX_POINT('',#7918);
#2546=VERTEX_POINT('',#7922);
#2547=VERTEX_POINT('',#7924);
#2548=VERTEX_POINT('',#7926);
#2549=VERTEX_POINT('',#7928);
#2550=VERTEX_POINT('',#7930);
#2551=VERTEX_POINT('',#7932);
#2552=VERTEX_POINT('',#7934);
#2553=VERTEX_POINT('',#7936);
#2554=VERTEX_POINT('',#7937);
#2555=VERTEX_POINT('',#7939);
#2556=VERTEX_POINT('',#7941);
#2557=VERTEX_POINT('',#7943);
#2558=VERTEX_POINT('',#7945);
#2559=VERTEX_POINT('',#7947);
#2560=VERTEX_POINT('',#7949);
#2561=VERTEX_POINT('',#7951);
#2562=VERTEX_POINT('',#7953);
#2563=VERTEX_POINT('',#7955);
#2564=VERTEX_POINT('',#7957);
#2565=VERTEX_POINT('',#7959);
#2566=VERTEX_POINT('',#7961);
#2567=VERTEX_POINT('',#7963);
#2568=VERTEX_POINT('',#7965);
#2569=VERTEX_POINT('',#7967);
#2570=VERTEX_POINT('',#7969);
#2571=VERTEX_POINT('',#7971);
#2572=VERTEX_POINT('',#7975);
#2573=VERTEX_POINT('',#7977);
#2574=VERTEX_POINT('',#7979);
#2575=VERTEX_POINT('',#7984);
#2576=VERTEX_POINT('',#7988);
#2577=VERTEX_POINT('',#7990);
#2578=VERTEX_POINT('',#7994);
#2579=VERTEX_POINT('',#7996);
#2580=VERTEX_POINT('',#8000);
#2581=VERTEX_POINT('',#8002);
#2582=VERTEX_POINT('',#8006);
#2583=VERTEX_POINT('',#8008);
#2584=VERTEX_POINT('',#8010);
#2585=VERTEX_POINT('',#8012);
#2586=VERTEX_POINT('',#8014);
#2587=VERTEX_POINT('',#8016);
#2588=VERTEX_POINT('',#8018);
#2589=VERTEX_POINT('',#8020);
#2590=VERTEX_POINT('',#8022);
#2591=VERTEX_POINT('',#8024);
#2592=VERTEX_POINT('',#8026);
#2593=VERTEX_POINT('',#8028);
#2594=VERTEX_POINT('',#8030);
#2595=VERTEX_POINT('',#8032);
#2596=VERTEX_POINT('',#8035);
#2597=VERTEX_POINT('',#8036);
#2598=VERTEX_POINT('',#8038);
#2599=VERTEX_POINT('',#8040);
#2600=VERTEX_POINT('',#8043);
#2601=VERTEX_POINT('',#8044);
#2602=VERTEX_POINT('',#8046);
#2603=VERTEX_POINT('',#8048);
#2604=VERTEX_POINT('',#8051);
#2605=VERTEX_POINT('',#8052);
#2606=VERTEX_POINT('',#8054);
#2607=VERTEX_POINT('',#8056);
#2608=VERTEX_POINT('',#8059);
#2609=VERTEX_POINT('',#8060);
#2610=VERTEX_POINT('',#8062);
#2611=VERTEX_POINT('',#8064);
#2612=VERTEX_POINT('',#8067);
#2613=VERTEX_POINT('',#8068);
#2614=VERTEX_POINT('',#8070);
#2615=VERTEX_POINT('',#8072);
#2616=VERTEX_POINT('',#8075);
#2617=VERTEX_POINT('',#8076);
#2618=VERTEX_POINT('',#8078);
#2619=VERTEX_POINT('',#8080);
#2620=VERTEX_POINT('',#8083);
#2621=VERTEX_POINT('',#8084);
#2622=VERTEX_POINT('',#8086);
#2623=VERTEX_POINT('',#8088);
#2624=VERTEX_POINT('',#8091);
#2625=VERTEX_POINT('',#8092);
#2626=VERTEX_POINT('',#8094);
#2627=VERTEX_POINT('',#8096);
#2628=VERTEX_POINT('',#8099);
#2629=VERTEX_POINT('',#8100);
#2630=VERTEX_POINT('',#8102);
#2631=VERTEX_POINT('',#8104);
#2632=VERTEX_POINT('',#8107);
#2633=VERTEX_POINT('',#8108);
#2634=VERTEX_POINT('',#8110);
#2635=VERTEX_POINT('',#8112);
#2636=VERTEX_POINT('',#8115);
#2637=VERTEX_POINT('',#8116);
#2638=VERTEX_POINT('',#8118);
#2639=VERTEX_POINT('',#8120);
#2640=VERTEX_POINT('',#8123);
#2641=VERTEX_POINT('',#8124);
#2642=VERTEX_POINT('',#8126);
#2643=VERTEX_POINT('',#8128);
#2644=VERTEX_POINT('',#8131);
#2645=VERTEX_POINT('',#8132);
#2646=VERTEX_POINT('',#8134);
#2647=VERTEX_POINT('',#8136);
#2648=VERTEX_POINT('',#8139);
#2649=VERTEX_POINT('',#8140);
#2650=VERTEX_POINT('',#8142);
#2651=VERTEX_POINT('',#8144);
#2652=VERTEX_POINT('',#8147);
#2653=VERTEX_POINT('',#8148);
#2654=VERTEX_POINT('',#8150);
#2655=VERTEX_POINT('',#8152);
#2656=VERTEX_POINT('',#8155);
#2657=VERTEX_POINT('',#8156);
#2658=VERTEX_POINT('',#8158);
#2659=VERTEX_POINT('',#8160);
#2660=VERTEX_POINT('',#8163);
#2661=VERTEX_POINT('',#8164);
#2662=VERTEX_POINT('',#8166);
#2663=VERTEX_POINT('',#8168);
#2664=VERTEX_POINT('',#8171);
#2665=VERTEX_POINT('',#8172);
#2666=VERTEX_POINT('',#8174);
#2667=VERTEX_POINT('',#8176);
#2668=VERTEX_POINT('',#8179);
#2669=VERTEX_POINT('',#8180);
#2670=VERTEX_POINT('',#8182);
#2671=VERTEX_POINT('',#8184);
#2672=VERTEX_POINT('',#8187);
#2673=VERTEX_POINT('',#8188);
#2674=VERTEX_POINT('',#8190);
#2675=VERTEX_POINT('',#8192);
#2676=VERTEX_POINT('',#8199);
#2677=VERTEX_POINT('',#8200);
#2678=VERTEX_POINT('',#8202);
#2679=VERTEX_POINT('',#8204);
#2680=VERTEX_POINT('',#8208);
#2681=VERTEX_POINT('',#8209);
#2682=VERTEX_POINT('',#8211);
#2683=VERTEX_POINT('',#8213);
#2684=VERTEX_POINT('',#8215);
#2685=VERTEX_POINT('',#8217);
#2686=VERTEX_POINT('',#8219);
#2687=VERTEX_POINT('',#8221);
#2688=VERTEX_POINT('',#8223);
#2689=VERTEX_POINT('',#8225);
#2690=VERTEX_POINT('',#8227);
#2691=VERTEX_POINT('',#8229);
#2692=VERTEX_POINT('',#8231);
#2693=VERTEX_POINT('',#8233);
#2694=VERTEX_POINT('',#8235);
#2695=VERTEX_POINT('',#8237);
#2696=VERTEX_POINT('',#8241);
#2697=VERTEX_POINT('',#8242);
#2698=VERTEX_POINT('',#8244);
#2699=VERTEX_POINT('',#8246);
#2700=VERTEX_POINT('',#8250);
#2701=VERTEX_POINT('',#8251);
#2702=VERTEX_POINT('',#8253);
#2703=VERTEX_POINT('',#8255);
#2704=VERTEX_POINT('',#8259);
#2705=VERTEX_POINT('',#8260);
#2706=VERTEX_POINT('',#8262);
#2707=VERTEX_POINT('',#8264);
#2708=VERTEX_POINT('',#8268);
#2709=VERTEX_POINT('',#8269);
#2710=VERTEX_POINT('',#8271);
#2711=VERTEX_POINT('',#8273);
#2712=VERTEX_POINT('',#8277);
#2713=VERTEX_POINT('',#8278);
#2714=VERTEX_POINT('',#8283);
#2715=VERTEX_POINT('',#8284);
#2716=VERTEX_POINT('',#8289);
#2717=VERTEX_POINT('',#8290);
#2718=VERTEX_POINT('',#8292);
#2719=VERTEX_POINT('',#8294);
#2720=VERTEX_POINT('',#8297);
#2721=VERTEX_POINT('',#8298);
#2722=VERTEX_POINT('',#8300);
#2723=VERTEX_POINT('',#8302);
#2724=VERTEX_POINT('',#8305);
#2725=VERTEX_POINT('',#8306);
#2726=VERTEX_POINT('',#8308);
#2727=VERTEX_POINT('',#8310);
#2728=VERTEX_POINT('',#8313);
#2729=VERTEX_POINT('',#8314);
#2730=VERTEX_POINT('',#8316);
#2731=VERTEX_POINT('',#8318);
#2732=VERTEX_POINT('',#8321);
#2733=VERTEX_POINT('',#8322);
#2734=VERTEX_POINT('',#8324);
#2735=VERTEX_POINT('',#8326);
#2736=VERTEX_POINT('',#8329);
#2737=VERTEX_POINT('',#8330);
#2738=VERTEX_POINT('',#8332);
#2739=VERTEX_POINT('',#8334);
#2740=VERTEX_POINT('',#8337);
#2741=VERTEX_POINT('',#8339);
#2742=VERTEX_POINT('',#8341);
#2743=VERTEX_POINT('',#8345);
#2744=VERTEX_POINT('',#8346);
#2745=VERTEX_POINT('',#8348);
#2746=VERTEX_POINT('',#8350);
#2747=VERTEX_POINT('',#8353);
#2748=VERTEX_POINT('',#8354);
#2749=VERTEX_POINT('',#8356);
#2750=VERTEX_POINT('',#8358);
#2751=VERTEX_POINT('',#8361);
#2752=VERTEX_POINT('',#8362);
#2753=VERTEX_POINT('',#8364);
#2754=VERTEX_POINT('',#8366);
#2755=VERTEX_POINT('',#8369);
#2756=VERTEX_POINT('',#8370);
#2757=VERTEX_POINT('',#8372);
#2758=VERTEX_POINT('',#8374);
#2759=VERTEX_POINT('',#8377);
#2760=VERTEX_POINT('',#8378);
#2761=VERTEX_POINT('',#8380);
#2762=VERTEX_POINT('',#8382);
#2763=VERTEX_POINT('',#8385);
#2764=VERTEX_POINT('',#8386);
#2765=VERTEX_POINT('',#8388);
#2766=VERTEX_POINT('',#8390);
#2767=VERTEX_POINT('',#8393);
#2768=VERTEX_POINT('',#8394);
#2769=VERTEX_POINT('',#8397);
#2770=VERTEX_POINT('',#8402);
#2771=VERTEX_POINT('',#8404);
#2772=VERTEX_POINT('',#8415);
#2773=VERTEX_POINT('',#8417);
#2774=VERTEX_POINT('',#8423);
#2775=VERTEX_POINT('',#8425);
#2776=VERTEX_POINT('',#8427);
#2777=VERTEX_POINT('',#8429);
#2778=VERTEX_POINT('',#8431);
#2779=VERTEX_POINT('',#8434);
#2780=VERTEX_POINT('',#8436);
#2781=VERTEX_POINT('',#8442);
#2782=VERTEX_POINT('',#8444);
#2783=VERTEX_POINT('',#8447);
#2784=VERTEX_POINT('',#8452);
#2785=VERTEX_POINT('',#8460);
#2786=VERTEX_POINT('',#8462);
#2787=VERTEX_POINT('',#8469);
#2788=VERTEX_POINT('',#8470);
#2789=VERTEX_POINT('',#8472);
#2790=VERTEX_POINT('',#8474);
#2791=VERTEX_POINT('',#8478);
#2792=VERTEX_POINT('',#8480);
#2793=VERTEX_POINT('',#8482);
#2794=VERTEX_POINT('',#8484);
#2795=VERTEX_POINT('',#8488);
#2796=VERTEX_POINT('',#8490);
#2797=VERTEX_POINT('',#8494);
#2798=VERTEX_POINT('',#8496);
#2799=VERTEX_POINT('',#8498);
#2800=VERTEX_POINT('',#8501);
#2801=VERTEX_POINT('',#8503);
#2802=VERTEX_POINT('',#8505);
#2803=VERTEX_POINT('',#8510);
#2804=VERTEX_POINT('',#8512);
#2805=VERTEX_POINT('',#8516);
#2806=VERTEX_POINT('',#8517);
#2807=VERTEX_POINT('',#8519);
#2808=VERTEX_POINT('',#8521);
#2809=VERTEX_POINT('',#8528);
#2810=VERTEX_POINT('',#8532);
#2811=VERTEX_POINT('',#8536);
#2812=VERTEX_POINT('',#8538);
#2813=VERTEX_POINT('',#8542);
#2814=VERTEX_POINT('',#8543);
#2815=VERTEX_POINT('',#8549);
#2816=VERTEX_POINT('',#8551);
#2817=VERTEX_POINT('',#8555);
#2818=VERTEX_POINT('',#8559);
#2819=VERTEX_POINT('',#8566);
#2820=VERTEX_POINT('',#8568);
#2821=VERTEX_POINT('',#8572);
#2822=VERTEX_POINT('',#8576);
#2823=VERTEX_POINT('',#8583);
#2824=VERTEX_POINT('',#8585);
#2825=VERTEX_POINT('',#8589);
#2826=VERTEX_POINT('',#8593);
#2827=VERTEX_POINT('',#8600);
#2828=VERTEX_POINT('',#8602);
#2829=VERTEX_POINT('',#8606);
#2830=VERTEX_POINT('',#8610);
#2831=VERTEX_POINT('',#8617);
#2832=VERTEX_POINT('',#8619);
#2833=VERTEX_POINT('',#8623);
#2834=VERTEX_POINT('',#8627);
#2835=VERTEX_POINT('',#8634);
#2836=VERTEX_POINT('',#8636);
#2837=VERTEX_POINT('',#8640);
#2838=VERTEX_POINT('',#8644);
#2839=VERTEX_POINT('',#8651);
#2840=VERTEX_POINT('',#8655);
#2841=VERTEX_POINT('',#8675);
#2842=VERTEX_POINT('',#8677);
#2843=VERTEX_POINT('',#8681);
#2844=VERTEX_POINT('',#8685);
#2845=VERTEX_POINT('',#8692);
#2846=VERTEX_POINT('',#8694);
#2847=VERTEX_POINT('',#8698);
#2848=VERTEX_POINT('',#8702);
#2849=VERTEX_POINT('',#8709);
#2850=VERTEX_POINT('',#8711);
#2851=VERTEX_POINT('',#8715);
#2852=VERTEX_POINT('',#8719);
#2853=VERTEX_POINT('',#8726);
#2854=VERTEX_POINT('',#8728);
#2855=VERTEX_POINT('',#8732);
#2856=VERTEX_POINT('',#8736);
#2857=VERTEX_POINT('',#8743);
#2858=VERTEX_POINT('',#8745);
#2859=VERTEX_POINT('',#8749);
#2860=VERTEX_POINT('',#8753);
#2861=VERTEX_POINT('',#8760);
#2862=VERTEX_POINT('',#8762);
#2863=VERTEX_POINT('',#8766);
#2864=VERTEX_POINT('',#8770);
#2865=VERTEX_POINT('',#8777);
#2866=VERTEX_POINT('',#8779);
#2867=VERTEX_POINT('',#8783);
#2868=VERTEX_POINT('',#8785);
#2869=VERTEX_POINT('',#8794);
#2870=VERTEX_POINT('',#8796);
#2871=VERTEX_POINT('',#8800);
#2872=VERTEX_POINT('',#8802);
#2873=VERTEX_POINT('',#8811);
#2874=VERTEX_POINT('',#8813);
#2875=VERTEX_POINT('',#8817);
#2876=VERTEX_POINT('',#8819);
#2877=VERTEX_POINT('',#8828);
#2878=VERTEX_POINT('',#8830);
#2879=VERTEX_POINT('',#8834);
#2880=VERTEX_POINT('',#8836);
#2881=VERTEX_POINT('',#8845);
#2882=VERTEX_POINT('',#8847);
#2883=VERTEX_POINT('',#8851);
#2884=VERTEX_POINT('',#8853);
#2885=VERTEX_POINT('',#8862);
#2886=VERTEX_POINT('',#8864);
#2887=VERTEX_POINT('',#8868);
#2888=VERTEX_POINT('',#8870);
#2889=VERTEX_POINT('',#8879);
#2890=VERTEX_POINT('',#8881);
#2891=VERTEX_POINT('',#8885);
#2892=VERTEX_POINT('',#8887);
#2893=VERTEX_POINT('',#8896);
#2894=VERTEX_POINT('',#8898);
#2895=VERTEX_POINT('',#8902);
#2896=VERTEX_POINT('',#8904);
#2897=VERTEX_POINT('',#8913);
#2898=VERTEX_POINT('',#8915);
#2899=VERTEX_POINT('',#8919);
#2900=VERTEX_POINT('',#8921);
#2901=VERTEX_POINT('',#8930);
#2902=VERTEX_POINT('',#8932);
#2903=VERTEX_POINT('',#8936);
#2904=VERTEX_POINT('',#8938);
#2905=VERTEX_POINT('',#8947);
#2906=VERTEX_POINT('',#8948);
#2907=VERTEX_POINT('',#8953);
#2908=VERTEX_POINT('',#8957);
#2909=VERTEX_POINT('',#8969);
#2910=VERTEX_POINT('',#8971);
#2911=VERTEX_POINT('',#8975);
#2912=VERTEX_POINT('',#8977);
#2913=VERTEX_POINT('',#8986);
#2914=VERTEX_POINT('',#8988);
#2915=VERTEX_POINT('',#8992);
#2916=VERTEX_POINT('',#8994);
#2917=VERTEX_POINT('',#9003);
#2918=VERTEX_POINT('',#9005);
#2919=VERTEX_POINT('',#9009);
#2920=VERTEX_POINT('',#9011);
#2921=VERTEX_POINT('',#9020);
#2922=VERTEX_POINT('',#9022);
#2923=VERTEX_POINT('',#9026);
#2924=VERTEX_POINT('',#9028);
#2925=VERTEX_POINT('',#9037);
#2926=VERTEX_POINT('',#9039);
#2927=VERTEX_POINT('',#9043);
#2928=VERTEX_POINT('',#9045);
#2929=VERTEX_POINT('',#9054);
#2930=VERTEX_POINT('',#9056);
#2931=VERTEX_POINT('',#9060);
#2932=VERTEX_POINT('',#9062);
#2933=VERTEX_POINT('',#9071);
#2934=VERTEX_POINT('',#9073);
#2935=VERTEX_POINT('',#9077);
#2936=VERTEX_POINT('',#9079);
#2937=VERTEX_POINT('',#9088);
#2938=VERTEX_POINT('',#9090);
#2939=VERTEX_POINT('',#9094);
#2940=VERTEX_POINT('',#9096);
#2941=VERTEX_POINT('',#9105);
#2942=VERTEX_POINT('',#9107);
#2943=VERTEX_POINT('',#9111);
#2944=VERTEX_POINT('',#9113);
#2945=VERTEX_POINT('',#9122);
#2946=VERTEX_POINT('',#9124);
#2947=VERTEX_POINT('',#9128);
#2948=VERTEX_POINT('',#9130);
#2949=VERTEX_POINT('',#9151);
#2950=VERTEX_POINT('',#9152);
#2951=VERTEX_POINT('',#9154);
#2952=VERTEX_POINT('',#9157);
#2953=VERTEX_POINT('',#9161);
#2954=VERTEX_POINT('',#9162);
#2955=VERTEX_POINT('',#9167);
#2956=VERTEX_POINT('',#9170);
#2957=VERTEX_POINT('',#9178);
#2958=VERTEX_POINT('',#9179);
#2959=VERTEX_POINT('',#9181);
#2960=VERTEX_POINT('',#9184);
#2961=VERTEX_POINT('',#9188);
#2962=VERTEX_POINT('',#9189);
#2963=VERTEX_POINT('',#9194);
#2964=VERTEX_POINT('',#9197);
#2965=VERTEX_POINT('',#9205);
#2966=VERTEX_POINT('',#9206);
#2967=VERTEX_POINT('',#9208);
#2968=VERTEX_POINT('',#9210);
#2969=VERTEX_POINT('',#9214);
#2970=VERTEX_POINT('',#9215);
#2971=VERTEX_POINT('',#9217);
#2972=VERTEX_POINT('',#9220);
#2973=VERTEX_POINT('',#9224);
#2974=VERTEX_POINT('',#9225);
#2975=VERTEX_POINT('',#9230);
#2976=VERTEX_POINT('',#9231);
#2977=VERTEX_POINT('',#9234);
#2978=VERTEX_POINT('',#9236);
#2979=VERTEX_POINT('',#9240);
#2980=VERTEX_POINT('',#9242);
#2981=VERTEX_POINT('',#9256);
#2982=VERTEX_POINT('',#9257);
#2983=VERTEX_POINT('',#9259);
#2984=VERTEX_POINT('',#9261);
#2985=VERTEX_POINT('',#9265);
#2986=VERTEX_POINT('',#9266);
#2987=VERTEX_POINT('',#9268);
#2988=VERTEX_POINT('',#9271);
#2989=VERTEX_POINT('',#9275);
#2990=VERTEX_POINT('',#9276);
#2991=VERTEX_POINT('',#9281);
#2992=VERTEX_POINT('',#9282);
#2993=VERTEX_POINT('',#9285);
#2994=VERTEX_POINT('',#9287);
#2995=VERTEX_POINT('',#9291);
#2996=VERTEX_POINT('',#9293);
#2997=VERTEX_POINT('',#9307);
#2998=VERTEX_POINT('',#9326);
#2999=VERTEX_POINT('',#9328);
#3000=VERTEX_POINT('',#9337);
#3001=VERTEX_POINT('',#9339);
#3002=VERTEX_POINT('',#9348);
#3003=VERTEX_POINT('',#9350);
#3004=VERTEX_POINT('',#9354);
#3005=VERTEX_POINT('',#9356);
#3006=VERTEX_POINT('',#9365);
#3007=VERTEX_POINT('',#9367);
#3008=VERTEX_POINT('',#9371);
#3009=VERTEX_POINT('',#9373);
#3010=VERTEX_POINT('',#9382);
#3011=VERTEX_POINT('',#9384);
#3012=VERTEX_POINT('',#9388);
#3013=VERTEX_POINT('',#9392);
#3014=VERTEX_POINT('',#9399);
#3015=VERTEX_POINT('',#9401);
#3016=VERTEX_POINT('',#9405);
#3017=VERTEX_POINT('',#9409);
#3018=VERTEX_POINT('',#9426);
#3019=VERTEX_POINT('',#9430);
#3020=VERTEX_POINT('',#9434);
#3021=VERTEX_POINT('',#9436);
#3022=VERTEX_POINT('',#9438);
#3023=VERTEX_POINT('',#9451);
#3024=VERTEX_POINT('',#9453);
#3025=VERTEX_POINT('',#9457);
#3026=VERTEX_POINT('',#9459);
#3027=VERTEX_POINT('',#9468);
#3028=VERTEX_POINT('',#9472);
#3029=VERTEX_POINT('',#9476);
#3030=VERTEX_POINT('',#9480);
#3031=LINE('',#7820,#3789);
#3032=LINE('',#7823,#3790);
#3033=LINE('',#7825,#3791);
#3034=LINE('',#7827,#3792);
#3035=LINE('',#7829,#3793);
#3036=LINE('',#7831,#3794);
#3037=LINE('',#7833,#3795);
#3038=LINE('',#7835,#3796);
#3039=LINE('',#7837,#3797);
#3040=LINE('',#7840,#3798);
#3041=LINE('',#7842,#3799);
#3042=LINE('',#7844,#3800);
#3043=LINE('',#7846,#3801);
#3044=LINE('',#7848,#3802);
#3045=LINE('',#7850,#3803);
#3046=LINE('',#7852,#3804);
#3047=LINE('',#7854,#3805);
#3048=LINE('',#7857,#3806);
#3049=LINE('',#7858,#3807);
#3050=LINE('',#7862,#3808);
#3051=LINE('',#7864,#3809);
#3052=LINE('',#7866,#3810);
#3053=LINE('',#7870,#3811);
#3054=LINE('',#7871,#3812);
#3055=LINE('',#7873,#3813);
#3056=LINE('',#7875,#3814);
#3057=LINE('',#7877,#3815);
#3058=LINE('',#7879,#3816);
#3059=LINE('',#7880,#3817);
#3060=LINE('',#7883,#3818);
#3061=LINE('',#7885,#3819);
#3062=LINE('',#7887,#3820);
#3063=LINE('',#7888,#3821);
#3064=LINE('',#7891,#3822);
#3065=LINE('',#7893,#3823);
#3066=LINE('',#7895,#3824);
#3067=LINE('',#7896,#3825);
#3068=LINE('',#7899,#3826);
#3069=LINE('',#7901,#3827);
#3070=LINE('',#7903,#3828);
#3071=LINE('',#7904,#3829);
#3072=LINE('',#7907,#3830);
#3073=LINE('',#7909,#3831);
#3074=LINE('',#7911,#3832);
#3075=LINE('',#7912,#3833);
#3076=LINE('',#7915,#3834);
#3077=LINE('',#7917,#3835);
#3078=LINE('',#7919,#3836);
#3079=LINE('',#7935,#3837);
#3080=LINE('',#7938,#3838);
#3081=LINE('',#7940,#3839);
#3082=LINE('',#7942,#3840);
#3083=LINE('',#7944,#3841);
#3084=LINE('',#7946,#3842);
#3085=LINE('',#7948,#3843);
#3086=LINE('',#7950,#3844);
#3087=LINE('',#7952,#3845);
#3088=LINE('',#7954,#3846);
#3089=LINE('',#7956,#3847);
#3090=LINE('',#7958,#3848);
#3091=LINE('',#7960,#3849);
#3092=LINE('',#7962,#3850);
#3093=LINE('',#7964,#3851);
#3094=LINE('',#7966,#3852);
#3095=LINE('',#7968,#3853);
#3096=LINE('',#7970,#3854);
#3097=LINE('',#7972,#3855);
#3098=LINE('',#7974,#3856);
#3099=LINE('',#7976,#3857);
#3100=LINE('',#7978,#3858);
#3101=LINE('',#7980,#3859);
#3102=LINE('',#7982,#3860);
#3103=LINE('',#7983,#3861);
#3104=LINE('',#7985,#3862);
#3105=LINE('',#7987,#3863);
#3106=LINE('',#7989,#3864);
#3107=LINE('',#7991,#3865);
#3108=LINE('',#7993,#3866);
#3109=LINE('',#7995,#3867);
#3110=LINE('',#7997,#3868);
#3111=LINE('',#7999,#3869);
#3112=LINE('',#8001,#3870);
#3113=LINE('',#8003,#3871);
#3114=LINE('',#8005,#3872);
#3115=LINE('',#8007,#3873);
#3116=LINE('',#8009,#3874);
#3117=LINE('',#8011,#3875);
#3118=LINE('',#8013,#3876);
#3119=LINE('',#8015,#3877);
#3120=LINE('',#8017,#3878);
#3121=LINE('',#8019,#3879);
#3122=LINE('',#8021,#3880);
#3123=LINE('',#8023,#3881);
#3124=LINE('',#8025,#3882);
#3125=LINE('',#8027,#3883);
#3126=LINE('',#8029,#3884);
#3127=LINE('',#8031,#3885);
#3128=LINE('',#8033,#3886);
#3129=LINE('',#8034,#3887);
#3130=LINE('',#8037,#3888);
#3131=LINE('',#8039,#3889);
#3132=LINE('',#8041,#3890);
#3133=LINE('',#8042,#3891);
#3134=LINE('',#8045,#3892);
#3135=LINE('',#8047,#3893);
#3136=LINE('',#8049,#3894);
#3137=LINE('',#8050,#3895);
#3138=LINE('',#8053,#3896);
#3139=LINE('',#8055,#3897);
#3140=LINE('',#8057,#3898);
#3141=LINE('',#8058,#3899);
#3142=LINE('',#8061,#3900);
#3143=LINE('',#8063,#3901);
#3144=LINE('',#8065,#3902);
#3145=LINE('',#8066,#3903);
#3146=LINE('',#8069,#3904);
#3147=LINE('',#8071,#3905);
#3148=LINE('',#8073,#3906);
#3149=LINE('',#8074,#3907);
#3150=LINE('',#8077,#3908);
#3151=LINE('',#8079,#3909);
#3152=LINE('',#8081,#3910);
#3153=LINE('',#8082,#3911);
#3154=LINE('',#8085,#3912);
#3155=LINE('',#8087,#3913);
#3156=LINE('',#8089,#3914);
#3157=LINE('',#8090,#3915);
#3158=LINE('',#8093,#3916);
#3159=LINE('',#8095,#3917);
#3160=LINE('',#8097,#3918);
#3161=LINE('',#8098,#3919);
#3162=LINE('',#8101,#3920);
#3163=LINE('',#8103,#3921);
#3164=LINE('',#8105,#3922);
#3165=LINE('',#8106,#3923);
#3166=LINE('',#8109,#3924);
#3167=LINE('',#8111,#3925);
#3168=LINE('',#8113,#3926);
#3169=LINE('',#8114,#3927);
#3170=LINE('',#8117,#3928);
#3171=LINE('',#8119,#3929);
#3172=LINE('',#8121,#3930);
#3173=LINE('',#8122,#3931);
#3174=LINE('',#8125,#3932);
#3175=LINE('',#8127,#3933);
#3176=LINE('',#8129,#3934);
#3177=LINE('',#8130,#3935);
#3178=LINE('',#8133,#3936);
#3179=LINE('',#8135,#3937);
#3180=LINE('',#8137,#3938);
#3181=LINE('',#8138,#3939);
#3182=LINE('',#8141,#3940);
#3183=LINE('',#8143,#3941);
#3184=LINE('',#8145,#3942);
#3185=LINE('',#8146,#3943);
#3186=LINE('',#8149,#3944);
#3187=LINE('',#8151,#3945);
#3188=LINE('',#8153,#3946);
#3189=LINE('',#8154,#3947);
#3190=LINE('',#8157,#3948);
#3191=LINE('',#8159,#3949);
#3192=LINE('',#8161,#3950);
#3193=LINE('',#8162,#3951);
#3194=LINE('',#8165,#3952);
#3195=LINE('',#8167,#3953);
#3196=LINE('',#8169,#3954);
#3197=LINE('',#8170,#3955);
#3198=LINE('',#8173,#3956);
#3199=LINE('',#8175,#3957);
#3200=LINE('',#8177,#3958);
#3201=LINE('',#8178,#3959);
#3202=LINE('',#8181,#3960);
#3203=LINE('',#8183,#3961);
#3204=LINE('',#8185,#3962);
#3205=LINE('',#8186,#3963);
#3206=LINE('',#8189,#3964);
#3207=LINE('',#8191,#3965);
#3208=LINE('',#8193,#3966);
#3209=LINE('',#8195,#3967);
#3210=LINE('',#8196,#3968);
#3211=LINE('',#8198,#3969);
#3212=LINE('',#8201,#3970);
#3213=LINE('',#8205,#3971);
#3214=LINE('',#8207,#3972);
#3215=LINE('',#8210,#3973);
#3216=LINE('',#8212,#3974);
#3217=LINE('',#8214,#3975);
#3218=LINE('',#8216,#3976);
#3219=LINE('',#8218,#3977);
#3220=LINE('',#8220,#3978);
#3221=LINE('',#8222,#3979);
#3222=LINE('',#8224,#3980);
#3223=LINE('',#8226,#3981);
#3224=LINE('',#8228,#3982);
#3225=LINE('',#8230,#3983);
#3226=LINE('',#8232,#3984);
#3227=LINE('',#8234,#3985);
#3228=LINE('',#8236,#3986);
#3229=LINE('',#8238,#3987);
#3230=LINE('',#8240,#3988);
#3231=LINE('',#8243,#3989);
#3232=LINE('',#8245,#3990);
#3233=LINE('',#8247,#3991);
#3234=LINE('',#8249,#3992);
#3235=LINE('',#8252,#3993);
#3236=LINE('',#8254,#3994);
#3237=LINE('',#8256,#3995);
#3238=LINE('',#8258,#3996);
#3239=LINE('',#8261,#3997);
#3240=LINE('',#8263,#3998);
#3241=LINE('',#8265,#3999);
#3242=LINE('',#8267,#4000);
#3243=LINE('',#8270,#4001);
#3244=LINE('',#8272,#4002);
#3245=LINE('',#8274,#4003);
#3246=LINE('',#8276,#4004);
#3247=LINE('',#8279,#4005);
#3248=LINE('',#8280,#4006);
#3249=LINE('',#8282,#4007);
#3250=LINE('',#8285,#4008);
#3251=LINE('',#8286,#4009);
#3252=LINE('',#8288,#4010);
#3253=LINE('',#8291,#4011);
#3254=LINE('',#8293,#4012);
#3255=LINE('',#8295,#4013);
#3256=LINE('',#8296,#4014);
#3257=LINE('',#8299,#4015);
#3258=LINE('',#8301,#4016);
#3259=LINE('',#8303,#4017);
#3260=LINE('',#8304,#4018);
#3261=LINE('',#8307,#4019);
#3262=LINE('',#8309,#4020);
#3263=LINE('',#8311,#4021);
#3264=LINE('',#8312,#4022);
#3265=LINE('',#8315,#4023);
#3266=LINE('',#8317,#4024);
#3267=LINE('',#8319,#4025);
#3268=LINE('',#8320,#4026);
#3269=LINE('',#8323,#4027);
#3270=LINE('',#8325,#4028);
#3271=LINE('',#8327,#4029);
#3272=LINE('',#8328,#4030);
#3273=LINE('',#8331,#4031);
#3274=LINE('',#8333,#4032);
#3275=LINE('',#8335,#4033);
#3276=LINE('',#8336,#4034);
#3277=LINE('',#8338,#4035);
#3278=LINE('',#8342,#4036);
#3279=LINE('',#8344,#4037);
#3280=LINE('',#8347,#4038);
#3281=LINE('',#8349,#4039);
#3282=LINE('',#8351,#4040);
#3283=LINE('',#8352,#4041);
#3284=LINE('',#8355,#4042);
#3285=LINE('',#8357,#4043);
#3286=LINE('',#8359,#4044);
#3287=LINE('',#8360,#4045);
#3288=LINE('',#8363,#4046);
#3289=LINE('',#8365,#4047);
#3290=LINE('',#8367,#4048);
#3291=LINE('',#8368,#4049);
#3292=LINE('',#8371,#4050);
#3293=LINE('',#8373,#4051);
#3294=LINE('',#8375,#4052);
#3295=LINE('',#8376,#4053);
#3296=LINE('',#8379,#4054);
#3297=LINE('',#8381,#4055);
#3298=LINE('',#8383,#4056);
#3299=LINE('',#8384,#4057);
#3300=LINE('',#8387,#4058);
#3301=LINE('',#8389,#4059);
#3302=LINE('',#8391,#4060);
#3303=LINE('',#8392,#4061);
#3304=LINE('',#8395,#4062);
#3305=LINE('',#8396,#4063);
#3306=LINE('',#8400,#4064);
#3307=LINE('',#8401,#4065);
#3308=LINE('',#8403,#4066);
#3309=LINE('',#8405,#4067);
#3310=LINE('',#8406,#4068);
#3311=LINE('',#8407,#4069);
#3312=LINE('',#8408,#4070);
#3313=LINE('',#8410,#4071);
#3314=LINE('',#8411,#4072);
#3315=LINE('',#8412,#4073);
#3316=LINE('',#8413,#4074);
#3317=LINE('',#8414,#4075);
#3318=LINE('',#8416,#4076);
#3319=LINE('',#8418,#4077);
#3320=LINE('',#8420,#4078);
#3321=LINE('',#8421,#4079);
#3322=LINE('',#8422,#4080);
#3323=LINE('',#8424,#4081);
#3324=LINE('',#8426,#4082);
#3325=LINE('',#8428,#4083);
#3326=LINE('',#8430,#4084);
#3327=LINE('',#8432,#4085);
#3328=LINE('',#8433,#4086);
#3329=LINE('',#8435,#4087);
#3330=LINE('',#8437,#4088);
#3331=LINE('',#8439,#4089);
#3332=LINE('',#8440,#4090);
#3333=LINE('',#8441,#4091);
#3334=LINE('',#8443,#4092);
#3335=LINE('',#8445,#4093);
#3336=LINE('',#8446,#4094);
#3337=LINE('',#8448,#4095);
#3338=LINE('',#8449,#4096);
#3339=LINE('',#8451,#4097);
#3340=LINE('',#8453,#4098);
#3341=LINE('',#8455,#4099);
#3342=LINE('',#8457,#4100);
#3343=LINE('',#8459,#4101);
#3344=LINE('',#8461,#4102);
#3345=LINE('',#8463,#4103);
#3346=LINE('',#8465,#4104);
#3347=LINE('',#8466,#4105);
#3348=LINE('',#8468,#4106);
#3349=LINE('',#8471,#4107);
#3350=LINE('',#8473,#4108);
#3351=LINE('',#8475,#4109);
#3352=LINE('',#8477,#4110);
#3353=LINE('',#8481,#4111);
#3354=LINE('',#8485,#4112);
#3355=LINE('',#8487,#4113);
#3356=LINE('',#8489,#4114);
#3357=LINE('',#8491,#4115);
#3358=LINE('',#8492,#4116);
#3359=LINE('',#8493,#4117);
#3360=LINE('',#8499,#4118);
#3361=LINE('',#8500,#4119);
#3362=LINE('',#8506,#4120);
#3363=LINE('',#8507,#4121);
#3364=LINE('',#8509,#4122);
#3365=LINE('',#8511,#4123);
#3366=LINE('',#8513,#4124);
#3367=LINE('',#8515,#4125);
#3368=LINE('',#8518,#4126);
#3369=LINE('',#8520,#4127);
#3370=LINE('',#8522,#4128);
#3371=LINE('',#8527,#4129);
#3372=LINE('',#8533,#4130);
#3373=LINE('',#8535,#4131);
#3374=LINE('',#8537,#4132);
#3375=LINE('',#8539,#4133);
#3376=LINE('',#8541,#4134);
#3377=LINE('',#8544,#4135);
#3378=LINE('',#8545,#4136);
#3379=LINE('',#8548,#4137);
#3380=LINE('',#8550,#4138);
#3381=LINE('',#8552,#4139);
#3382=LINE('',#8554,#4140);
#3383=LINE('',#8556,#4141);
#3384=LINE('',#8558,#4142);
#3385=LINE('',#8560,#4143);
#3386=LINE('',#8562,#4144);
#3387=LINE('',#8565,#4145);
#3388=LINE('',#8567,#4146);
#3389=LINE('',#8569,#4147);
#3390=LINE('',#8571,#4148);
#3391=LINE('',#8573,#4149);
#3392=LINE('',#8575,#4150);
#3393=LINE('',#8577,#4151);
#3394=LINE('',#8579,#4152);
#3395=LINE('',#8582,#4153);
#3396=LINE('',#8584,#4154);
#3397=LINE('',#8586,#4155);
#3398=LINE('',#8588,#4156);
#3399=LINE('',#8590,#4157);
#3400=LINE('',#8592,#4158);
#3401=LINE('',#8594,#4159);
#3402=LINE('',#8596,#4160);
#3403=LINE('',#8599,#4161);
#3404=LINE('',#8601,#4162);
#3405=LINE('',#8603,#4163);
#3406=LINE('',#8605,#4164);
#3407=LINE('',#8607,#4165);
#3408=LINE('',#8609,#4166);
#3409=LINE('',#8611,#4167);
#3410=LINE('',#8613,#4168);
#3411=LINE('',#8616,#4169);
#3412=LINE('',#8618,#4170);
#3413=LINE('',#8620,#4171);
#3414=LINE('',#8622,#4172);
#3415=LINE('',#8624,#4173);
#3416=LINE('',#8626,#4174);
#3417=LINE('',#8628,#4175);
#3418=LINE('',#8630,#4176);
#3419=LINE('',#8633,#4177);
#3420=LINE('',#8635,#4178);
#3421=LINE('',#8637,#4179);
#3422=LINE('',#8639,#4180);
#3423=LINE('',#8641,#4181);
#3424=LINE('',#8643,#4182);
#3425=LINE('',#8645,#4183);
#3426=LINE('',#8647,#4184);
#3427=LINE('',#8652,#4185);
#3428=LINE('',#8654,#4186);
#3429=LINE('',#8674,#4187);
#3430=LINE('',#8676,#4188);
#3431=LINE('',#8678,#4189);
#3432=LINE('',#8680,#4190);
#3433=LINE('',#8682,#4191);
#3434=LINE('',#8684,#4192);
#3435=LINE('',#8686,#4193);
#3436=LINE('',#8688,#4194);
#3437=LINE('',#8691,#4195);
#3438=LINE('',#8693,#4196);
#3439=LINE('',#8695,#4197);
#3440=LINE('',#8697,#4198);
#3441=LINE('',#8699,#4199);
#3442=LINE('',#8701,#4200);
#3443=LINE('',#8703,#4201);
#3444=LINE('',#8705,#4202);
#3445=LINE('',#8708,#4203);
#3446=LINE('',#8710,#4204);
#3447=LINE('',#8712,#4205);
#3448=LINE('',#8714,#4206);
#3449=LINE('',#8716,#4207);
#3450=LINE('',#8718,#4208);
#3451=LINE('',#8720,#4209);
#3452=LINE('',#8722,#4210);
#3453=LINE('',#8725,#4211);
#3454=LINE('',#8727,#4212);
#3455=LINE('',#8729,#4213);
#3456=LINE('',#8731,#4214);
#3457=LINE('',#8733,#4215);
#3458=LINE('',#8735,#4216);
#3459=LINE('',#8737,#4217);
#3460=LINE('',#8739,#4218);
#3461=LINE('',#8742,#4219);
#3462=LINE('',#8744,#4220);
#3463=LINE('',#8746,#4221);
#3464=LINE('',#8748,#4222);
#3465=LINE('',#8750,#4223);
#3466=LINE('',#8752,#4224);
#3467=LINE('',#8754,#4225);
#3468=LINE('',#8756,#4226);
#3469=LINE('',#8759,#4227);
#3470=LINE('',#8761,#4228);
#3471=LINE('',#8763,#4229);
#3472=LINE('',#8765,#4230);
#3473=LINE('',#8767,#4231);
#3474=LINE('',#8769,#4232);
#3475=LINE('',#8771,#4233);
#3476=LINE('',#8773,#4234);
#3477=LINE('',#8776,#4235);
#3478=LINE('',#8778,#4236);
#3479=LINE('',#8780,#4237);
#3480=LINE('',#8782,#4238);
#3481=LINE('',#8784,#4239);
#3482=LINE('',#8786,#4240);
#3483=LINE('',#8788,#4241);
#3484=LINE('',#8789,#4242);
#3485=LINE('',#8793,#4243);
#3486=LINE('',#8795,#4244);
#3487=LINE('',#8797,#4245);
#3488=LINE('',#8799,#4246);
#3489=LINE('',#8801,#4247);
#3490=LINE('',#8803,#4248);
#3491=LINE('',#8805,#4249);
#3492=LINE('',#8806,#4250);
#3493=LINE('',#8810,#4251);
#3494=LINE('',#8812,#4252);
#3495=LINE('',#8814,#4253);
#3496=LINE('',#8816,#4254);
#3497=LINE('',#8818,#4255);
#3498=LINE('',#8820,#4256);
#3499=LINE('',#8822,#4257);
#3500=LINE('',#8823,#4258);
#3501=LINE('',#8827,#4259);
#3502=LINE('',#8829,#4260);
#3503=LINE('',#8831,#4261);
#3504=LINE('',#8833,#4262);
#3505=LINE('',#8835,#4263);
#3506=LINE('',#8837,#4264);
#3507=LINE('',#8839,#4265);
#3508=LINE('',#8840,#4266);
#3509=LINE('',#8844,#4267);
#3510=LINE('',#8846,#4268);
#3511=LINE('',#8848,#4269);
#3512=LINE('',#8850,#4270);
#3513=LINE('',#8852,#4271);
#3514=LINE('',#8854,#4272);
#3515=LINE('',#8856,#4273);
#3516=LINE('',#8857,#4274);
#3517=LINE('',#8861,#4275);
#3518=LINE('',#8863,#4276);
#3519=LINE('',#8865,#4277);
#3520=LINE('',#8867,#4278);
#3521=LINE('',#8869,#4279);
#3522=LINE('',#8871,#4280);
#3523=LINE('',#8873,#4281);
#3524=LINE('',#8874,#4282);
#3525=LINE('',#8878,#4283);
#3526=LINE('',#8880,#4284);
#3527=LINE('',#8882,#4285);
#3528=LINE('',#8884,#4286);
#3529=LINE('',#8886,#4287);
#3530=LINE('',#8888,#4288);
#3531=LINE('',#8890,#4289);
#3532=LINE('',#8891,#4290);
#3533=LINE('',#8895,#4291);
#3534=LINE('',#8897,#4292);
#3535=LINE('',#8899,#4293);
#3536=LINE('',#8901,#4294);
#3537=LINE('',#8903,#4295);
#3538=LINE('',#8905,#4296);
#3539=LINE('',#8907,#4297);
#3540=LINE('',#8908,#4298);
#3541=LINE('',#8912,#4299);
#3542=LINE('',#8914,#4300);
#3543=LINE('',#8916,#4301);
#3544=LINE('',#8918,#4302);
#3545=LINE('',#8920,#4303);
#3546=LINE('',#8922,#4304);
#3547=LINE('',#8924,#4305);
#3548=LINE('',#8925,#4306);
#3549=LINE('',#8929,#4307);
#3550=LINE('',#8931,#4308);
#3551=LINE('',#8933,#4309);
#3552=LINE('',#8935,#4310);
#3553=LINE('',#8937,#4311);
#3554=LINE('',#8939,#4312);
#3555=LINE('',#8941,#4313);
#3556=LINE('',#8942,#4314);
#3557=LINE('',#8946,#4315);
#3558=LINE('',#8949,#4316);
#3559=LINE('',#8950,#4317);
#3560=LINE('',#8952,#4318);
#3561=LINE('',#8954,#4319);
#3562=LINE('',#8956,#4320);
#3563=LINE('',#8958,#4321);
#3564=LINE('',#8960,#4322);
#3565=LINE('',#8961,#4323);
#3566=LINE('',#8963,#4324);
#3567=LINE('',#8964,#4325);
#3568=LINE('',#8968,#4326);
#3569=LINE('',#8970,#4327);
#3570=LINE('',#8972,#4328);
#3571=LINE('',#8974,#4329);
#3572=LINE('',#8976,#4330);
#3573=LINE('',#8978,#4331);
#3574=LINE('',#8980,#4332);
#3575=LINE('',#8981,#4333);
#3576=LINE('',#8985,#4334);
#3577=LINE('',#8987,#4335);
#3578=LINE('',#8989,#4336);
#3579=LINE('',#8991,#4337);
#3580=LINE('',#8993,#4338);
#3581=LINE('',#8995,#4339);
#3582=LINE('',#8997,#4340);
#3583=LINE('',#8998,#4341);
#3584=LINE('',#9002,#4342);
#3585=LINE('',#9004,#4343);
#3586=LINE('',#9006,#4344);
#3587=LINE('',#9008,#4345);
#3588=LINE('',#9010,#4346);
#3589=LINE('',#9012,#4347);
#3590=LINE('',#9014,#4348);
#3591=LINE('',#9015,#4349);
#3592=LINE('',#9019,#4350);
#3593=LINE('',#9021,#4351);
#3594=LINE('',#9023,#4352);
#3595=LINE('',#9025,#4353);
#3596=LINE('',#9027,#4354);
#3597=LINE('',#9029,#4355);
#3598=LINE('',#9031,#4356);
#3599=LINE('',#9032,#4357);
#3600=LINE('',#9036,#4358);
#3601=LINE('',#9038,#4359);
#3602=LINE('',#9040,#4360);
#3603=LINE('',#9042,#4361);
#3604=LINE('',#9044,#4362);
#3605=LINE('',#9046,#4363);
#3606=LINE('',#9048,#4364);
#3607=LINE('',#9049,#4365);
#3608=LINE('',#9053,#4366);
#3609=LINE('',#9055,#4367);
#3610=LINE('',#9057,#4368);
#3611=LINE('',#9059,#4369);
#3612=LINE('',#9061,#4370);
#3613=LINE('',#9063,#4371);
#3614=LINE('',#9065,#4372);
#3615=LINE('',#9066,#4373);
#3616=LINE('',#9070,#4374);
#3617=LINE('',#9072,#4375);
#3618=LINE('',#9074,#4376);
#3619=LINE('',#9076,#4377);
#3620=LINE('',#9078,#4378);
#3621=LINE('',#9080,#4379);
#3622=LINE('',#9082,#4380);
#3623=LINE('',#9083,#4381);
#3624=LINE('',#9087,#4382);
#3625=LINE('',#9089,#4383);
#3626=LINE('',#9091,#4384);
#3627=LINE('',#9093,#4385);
#3628=LINE('',#9095,#4386);
#3629=LINE('',#9097,#4387);
#3630=LINE('',#9099,#4388);
#3631=LINE('',#9100,#4389);
#3632=LINE('',#9104,#4390);
#3633=LINE('',#9106,#4391);
#3634=LINE('',#9108,#4392);
#3635=LINE('',#9110,#4393);
#3636=LINE('',#9112,#4394);
#3637=LINE('',#9114,#4395);
#3638=LINE('',#9116,#4396);
#3639=LINE('',#9117,#4397);
#3640=LINE('',#9121,#4398);
#3641=LINE('',#9123,#4399);
#3642=LINE('',#9125,#4400);
#3643=LINE('',#9127,#4401);
#3644=LINE('',#9129,#4402);
#3645=LINE('',#9131,#4403);
#3646=LINE('',#9133,#4404);
#3647=LINE('',#9134,#4405);
#3648=LINE('',#9138,#4406);
#3649=LINE('',#9141,#4407);
#3650=LINE('',#9150,#4408);
#3651=LINE('',#9153,#4409);
#3652=LINE('',#9155,#4410);
#3653=LINE('',#9156,#4411);
#3654=LINE('',#9158,#4412);
#3655=LINE('',#9160,#4413);
#3656=LINE('',#9163,#4414);
#3657=LINE('',#9164,#4415);
#3658=LINE('',#9166,#4416);
#3659=LINE('',#9168,#4417);
#3660=LINE('',#9169,#4418);
#3661=LINE('',#9171,#4419);
#3662=LINE('',#9173,#4420);
#3663=LINE('',#9175,#4421);
#3664=LINE('',#9177,#4422);
#3665=LINE('',#9180,#4423);
#3666=LINE('',#9182,#4424);
#3667=LINE('',#9183,#4425);
#3668=LINE('',#9185,#4426);
#3669=LINE('',#9187,#4427);
#3670=LINE('',#9190,#4428);
#3671=LINE('',#9191,#4429);
#3672=LINE('',#9193,#4430);
#3673=LINE('',#9195,#4431);
#3674=LINE('',#9196,#4432);
#3675=LINE('',#9198,#4433);
#3676=LINE('',#9200,#4434);
#3677=LINE('',#9202,#4435);
#3678=LINE('',#9204,#4436);
#3679=LINE('',#9207,#4437);
#3680=LINE('',#9209,#4438);
#3681=LINE('',#9211,#4439);
#3682=LINE('',#9213,#4440);
#3683=LINE('',#9216,#4441);
#3684=LINE('',#9218,#4442);
#3685=LINE('',#9219,#4443);
#3686=LINE('',#9221,#4444);
#3687=LINE('',#9223,#4445);
#3688=LINE('',#9226,#4446);
#3689=LINE('',#9227,#4447);
#3690=LINE('',#9229,#4448);
#3691=LINE('',#9232,#4449);
#3692=LINE('',#9233,#4450);
#3693=LINE('',#9235,#4451);
#3694=LINE('',#9237,#4452);
#3695=LINE('',#9239,#4453);
#3696=LINE('',#9241,#4454);
#3697=LINE('',#9243,#4455);
#3698=LINE('',#9245,#4456);
#3699=LINE('',#9246,#4457);
#3700=LINE('',#9248,#4458);
#3701=LINE('',#9249,#4459);
#3702=LINE('',#9251,#4460);
#3703=LINE('',#9253,#4461);
#3704=LINE('',#9255,#4462);
#3705=LINE('',#9258,#4463);
#3706=LINE('',#9260,#4464);
#3707=LINE('',#9262,#4465);
#3708=LINE('',#9264,#4466);
#3709=LINE('',#9267,#4467);
#3710=LINE('',#9269,#4468);
#3711=LINE('',#9270,#4469);
#3712=LINE('',#9272,#4470);
#3713=LINE('',#9277,#4471);
#3714=LINE('',#9278,#4472);
#3715=LINE('',#9280,#4473);
#3716=LINE('',#9283,#4474);
#3717=LINE('',#9284,#4475);
#3718=LINE('',#9286,#4476);
#3719=LINE('',#9288,#4477);
#3720=LINE('',#9290,#4478);
#3721=LINE('',#9292,#4479);
#3722=LINE('',#9294,#4480);
#3723=LINE('',#9296,#4481);
#3724=LINE('',#9297,#4482);
#3725=LINE('',#9299,#4483);
#3726=LINE('',#9300,#4484);
#3727=LINE('',#9302,#4485);
#3728=LINE('',#9304,#4486);
#3729=LINE('',#9325,#4487);
#3730=LINE('',#9327,#4488);
#3731=LINE('',#9329,#4489);
#3732=LINE('',#9331,#4490);
#3733=LINE('',#9332,#4491);
#3734=LINE('',#9336,#4492);
#3735=LINE('',#9338,#4493);
#3736=LINE('',#9340,#4494);
#3737=LINE('',#9342,#4495);
#3738=LINE('',#9343,#4496);
#3739=LINE('',#9347,#4497);
#3740=LINE('',#9349,#4498);
#3741=LINE('',#9351,#4499);
#3742=LINE('',#9353,#4500);
#3743=LINE('',#9355,#4501);
#3744=LINE('',#9357,#4502);
#3745=LINE('',#9359,#4503);
#3746=LINE('',#9360,#4504);
#3747=LINE('',#9364,#4505);
#3748=LINE('',#9366,#4506);
#3749=LINE('',#9368,#4507);
#3750=LINE('',#9370,#4508);
#3751=LINE('',#9372,#4509);
#3752=LINE('',#9374,#4510);
#3753=LINE('',#9376,#4511);
#3754=LINE('',#9377,#4512);
#3755=LINE('',#9381,#4513);
#3756=LINE('',#9383,#4514);
#3757=LINE('',#9385,#4515);
#3758=LINE('',#9387,#4516);
#3759=LINE('',#9389,#4517);
#3760=LINE('',#9391,#4518);
#3761=LINE('',#9393,#4519);
#3762=LINE('',#9395,#4520);
#3763=LINE('',#9398,#4521);
#3764=LINE('',#9400,#4522);
#3765=LINE('',#9402,#4523);
#3766=LINE('',#9404,#4524);
#3767=LINE('',#9406,#4525);
#3768=LINE('',#9408,#4526);
#3769=LINE('',#9410,#4527);
#3770=LINE('',#9412,#4528);
#3771=LINE('',#9415,#4529);
#3772=LINE('',#9417,#4530);
#3773=LINE('',#9420,#4531);
#3774=LINE('',#9422,#4532);
#3775=LINE('',#9435,#4533);
#3776=LINE('',#9437,#4534);
#3777=LINE('',#9439,#4535);
#3778=LINE('',#9441,#4536);
#3779=LINE('',#9443,#4537);
#3780=LINE('',#9447,#4538);
#3781=LINE('',#9450,#4539);
#3782=LINE('',#9452,#4540);
#3783=LINE('',#9454,#4541);
#3784=LINE('',#9456,#4542);
#3785=LINE('',#9458,#4543);
#3786=LINE('',#9460,#4544);
#3787=LINE('',#9462,#4545);
#3788=LINE('',#9463,#4546);
#3789=VECTOR('',#6318,1.);
#3790=VECTOR('',#6319,1.);
#3791=VECTOR('',#6320,1.);
#3792=VECTOR('',#6321,1.);
#3793=VECTOR('',#6322,1.);
#3794=VECTOR('',#6323,1.);
#3795=VECTOR('',#6324,1.);
#3796=VECTOR('',#6325,1.);
#3797=VECTOR('',#6328,1.);
#3798=VECTOR('',#6329,1.);
#3799=VECTOR('',#6330,1.);
#3800=VECTOR('',#6331,1.);
#3801=VECTOR('',#6332,1.);
#3802=VECTOR('',#6333,1.);
#3803=VECTOR('',#6334,1.);
#3804=VECTOR('',#6335,1.);
#3805=VECTOR('',#6338,1.);
#3806=VECTOR('',#6339,1.);
#3807=VECTOR('',#6340,1.);
#3808=VECTOR('',#6343,1.);
#3809=VECTOR('',#6344,1.);
#3810=VECTOR('',#6345,1.);
#3811=VECTOR('',#6348,1.);
#3812=VECTOR('',#6349,1.);
#3813=VECTOR('',#6350,1.);
#3814=VECTOR('',#6351,1.);
#3815=VECTOR('',#6352,1.);
#3816=VECTOR('',#6353,1.);
#3817=VECTOR('',#6354,1.);
#3818=VECTOR('',#6355,1.);
#3819=VECTOR('',#6356,1.);
#3820=VECTOR('',#6357,1.);
#3821=VECTOR('',#6358,1.);
#3822=VECTOR('',#6359,1.);
#3823=VECTOR('',#6360,1.);
#3824=VECTOR('',#6361,1.);
#3825=VECTOR('',#6362,1.);
#3826=VECTOR('',#6363,1.);
#3827=VECTOR('',#6364,1.);
#3828=VECTOR('',#6365,1.);
#3829=VECTOR('',#6366,1.);
#3830=VECTOR('',#6367,1.);
#3831=VECTOR('',#6368,1.);
#3832=VECTOR('',#6369,1.);
#3833=VECTOR('',#6370,1.);
#3834=VECTOR('',#6371,1.);
#3835=VECTOR('',#6372,1.);
#3836=VECTOR('',#6373,1.);
#3837=VECTOR('',#6390,1.);
#3838=VECTOR('',#6391,1.);
#3839=VECTOR('',#6392,1.);
#3840=VECTOR('',#6393,1.);
#3841=VECTOR('',#6394,1.);
#3842=VECTOR('',#6395,1.);
#3843=VECTOR('',#6396,1.);
#3844=VECTOR('',#6397,1.);
#3845=VECTOR('',#6398,1.);
#3846=VECTOR('',#6399,1.);
#3847=VECTOR('',#6400,1.);
#3848=VECTOR('',#6401,1.);
#3849=VECTOR('',#6402,1.);
#3850=VECTOR('',#6403,1.);
#3851=VECTOR('',#6404,1.);
#3852=VECTOR('',#6405,1.);
#3853=VECTOR('',#6406,1.);
#3854=VECTOR('',#6407,1.);
#3855=VECTOR('',#6408,1.);
#3856=VECTOR('',#6411,1.);
#3857=VECTOR('',#6412,1.);
#3858=VECTOR('',#6413,1.);
#3859=VECTOR('',#6414,1.);
#3860=VECTOR('',#6417,1.);
#3861=VECTOR('',#6418,1.);
#3862=VECTOR('',#6419,1.);
#3863=VECTOR('',#6422,1.);
#3864=VECTOR('',#6423,1.);
#3865=VECTOR('',#6424,1.);
#3866=VECTOR('',#6427,1.);
#3867=VECTOR('',#6428,1.);
#3868=VECTOR('',#6429,1.);
#3869=VECTOR('',#6432,1.);
#3870=VECTOR('',#6433,1.);
#3871=VECTOR('',#6434,1.);
#3872=VECTOR('',#6437,1.);
#3873=VECTOR('',#6438,1.);
#3874=VECTOR('',#6439,1.);
#3875=VECTOR('',#6440,1.);
#3876=VECTOR('',#6441,1.);
#3877=VECTOR('',#6442,1.);
#3878=VECTOR('',#6443,1.);
#3879=VECTOR('',#6444,1.);
#3880=VECTOR('',#6445,1.);
#3881=VECTOR('',#6446,1.);
#3882=VECTOR('',#6447,1.);
#3883=VECTOR('',#6448,1.);
#3884=VECTOR('',#6449,1.);
#3885=VECTOR('',#6450,1.);
#3886=VECTOR('',#6451,1.);
#3887=VECTOR('',#6452,1.);
#3888=VECTOR('',#6453,1.);
#3889=VECTOR('',#6454,1.);
#3890=VECTOR('',#6455,1.);
#3891=VECTOR('',#6456,1.);
#3892=VECTOR('',#6457,1.);
#3893=VECTOR('',#6458,1.);
#3894=VECTOR('',#6459,1.);
#3895=VECTOR('',#6460,1.);
#3896=VECTOR('',#6461,1.);
#3897=VECTOR('',#6462,1.);
#3898=VECTOR('',#6463,1.);
#3899=VECTOR('',#6464,1.);
#3900=VECTOR('',#6465,1.);
#3901=VECTOR('',#6466,1.);
#3902=VECTOR('',#6467,1.);
#3903=VECTOR('',#6468,1.);
#3904=VECTOR('',#6469,1.);
#3905=VECTOR('',#6470,1.);
#3906=VECTOR('',#6471,1.);
#3907=VECTOR('',#6472,1.);
#3908=VECTOR('',#6473,1.);
#3909=VECTOR('',#6474,1.);
#3910=VECTOR('',#6475,1.);
#3911=VECTOR('',#6476,1.);
#3912=VECTOR('',#6477,1.);
#3913=VECTOR('',#6478,1.);
#3914=VECTOR('',#6479,1.);
#3915=VECTOR('',#6480,1.);
#3916=VECTOR('',#6481,1.);
#3917=VECTOR('',#6482,1.);
#3918=VECTOR('',#6483,1.);
#3919=VECTOR('',#6484,1.);
#3920=VECTOR('',#6485,1.);
#3921=VECTOR('',#6486,1.);
#3922=VECTOR('',#6487,1.);
#3923=VECTOR('',#6488,1.);
#3924=VECTOR('',#6489,1.);
#3925=VECTOR('',#6490,1.);
#3926=VECTOR('',#6491,1.);
#3927=VECTOR('',#6492,1.);
#3928=VECTOR('',#6493,1.);
#3929=VECTOR('',#6494,1.);
#3930=VECTOR('',#6495,1.);
#3931=VECTOR('',#6496,1.);
#3932=VECTOR('',#6497,1.);
#3933=VECTOR('',#6498,1.);
#3934=VECTOR('',#6499,1.);
#3935=VECTOR('',#6500,1.);
#3936=VECTOR('',#6501,1.);
#3937=VECTOR('',#6502,1.);
#3938=VECTOR('',#6503,1.);
#3939=VECTOR('',#6504,1.);
#3940=VECTOR('',#6505,1.);
#3941=VECTOR('',#6506,1.);
#3942=VECTOR('',#6507,1.);
#3943=VECTOR('',#6508,1.);
#3944=VECTOR('',#6509,1.);
#3945=VECTOR('',#6510,1.);
#3946=VECTOR('',#6511,1.);
#3947=VECTOR('',#6512,1.);
#3948=VECTOR('',#6513,1.);
#3949=VECTOR('',#6514,1.);
#3950=VECTOR('',#6515,1.);
#3951=VECTOR('',#6516,1.);
#3952=VECTOR('',#6517,1.);
#3953=VECTOR('',#6518,1.);
#3954=VECTOR('',#6519,1.);
#3955=VECTOR('',#6520,1.);
#3956=VECTOR('',#6521,1.);
#3957=VECTOR('',#6522,1.);
#3958=VECTOR('',#6523,1.);
#3959=VECTOR('',#6524,1.);
#3960=VECTOR('',#6525,1.);
#3961=VECTOR('',#6526,1.);
#3962=VECTOR('',#6527,1.);
#3963=VECTOR('',#6528,1.);
#3964=VECTOR('',#6529,1.);
#3965=VECTOR('',#6530,1.);
#3966=VECTOR('',#6531,1.);
#3967=VECTOR('',#6534,1.);
#3968=VECTOR('',#6535,1.);
#3969=VECTOR('',#6538,1.);
#3970=VECTOR('',#6539,1.);
#3971=VECTOR('',#6542,1.);
#3972=VECTOR('',#6545,1.);
#3973=VECTOR('',#6546,1.);
#3974=VECTOR('',#6547,1.);
#3975=VECTOR('',#6548,1.);
#3976=VECTOR('',#6549,1.);
#3977=VECTOR('',#6550,1.);
#3978=VECTOR('',#6551,1.);
#3979=VECTOR('',#6552,1.);
#3980=VECTOR('',#6553,1.);
#3981=VECTOR('',#6554,1.);
#3982=VECTOR('',#6555,1.);
#3983=VECTOR('',#6556,1.);
#3984=VECTOR('',#6557,1.);
#3985=VECTOR('',#6558,1.);
#3986=VECTOR('',#6559,1.);
#3987=VECTOR('',#6560,1.);
#3988=VECTOR('',#6563,1.);
#3989=VECTOR('',#6564,1.);
#3990=VECTOR('',#6565,1.);
#3991=VECTOR('',#6566,1.);
#3992=VECTOR('',#6569,1.);
#3993=VECTOR('',#6570,1.);
#3994=VECTOR('',#6571,1.);
#3995=VECTOR('',#6572,1.);
#3996=VECTOR('',#6575,1.);
#3997=VECTOR('',#6576,1.);
#3998=VECTOR('',#6577,1.);
#3999=VECTOR('',#6578,1.);
#4000=VECTOR('',#6581,1.);
#4001=VECTOR('',#6582,1.);
#4002=VECTOR('',#6583,1.);
#4003=VECTOR('',#6584,1.);
#4004=VECTOR('',#6587,1.);
#4005=VECTOR('',#6588,1.);
#4006=VECTOR('',#6589,1.);
#4007=VECTOR('',#6592,1.);
#4008=VECTOR('',#6593,1.);
#4009=VECTOR('',#6594,1.);
#4010=VECTOR('',#6597,1.);
#4011=VECTOR('',#6598,1.);
#4012=VECTOR('',#6599,1.);
#4013=VECTOR('',#6600,1.);
#4014=VECTOR('',#6601,1.);
#4015=VECTOR('',#6602,1.);
#4016=VECTOR('',#6603,1.);
#4017=VECTOR('',#6604,1.);
#4018=VECTOR('',#6605,1.);
#4019=VECTOR('',#6606,1.);
#4020=VECTOR('',#6607,1.);
#4021=VECTOR('',#6608,1.);
#4022=VECTOR('',#6609,1.);
#4023=VECTOR('',#6610,1.);
#4024=VECTOR('',#6611,1.);
#4025=VECTOR('',#6612,1.);
#4026=VECTOR('',#6613,1.);
#4027=VECTOR('',#6614,1.);
#4028=VECTOR('',#6615,1.);
#4029=VECTOR('',#6616,1.);
#4030=VECTOR('',#6617,1.);
#4031=VECTOR('',#6618,1.);
#4032=VECTOR('',#6619,1.);
#4033=VECTOR('',#6620,1.);
#4034=VECTOR('',#6621,1.);
#4035=VECTOR('',#6622,1.);
#4036=VECTOR('',#6625,1.);
#4037=VECTOR('',#6628,1.);
#4038=VECTOR('',#6629,1.);
#4039=VECTOR('',#6630,1.);
#4040=VECTOR('',#6631,1.);
#4041=VECTOR('',#6632,1.);
#4042=VECTOR('',#6633,1.);
#4043=VECTOR('',#6634,1.);
#4044=VECTOR('',#6635,1.);
#4045=VECTOR('',#6636,1.);
#4046=VECTOR('',#6637,1.);
#4047=VECTOR('',#6638,1.);
#4048=VECTOR('',#6639,1.);
#4049=VECTOR('',#6640,1.);
#4050=VECTOR('',#6641,1.);
#4051=VECTOR('',#6642,1.);
#4052=VECTOR('',#6643,1.);
#4053=VECTOR('',#6644,1.);
#4054=VECTOR('',#6645,1.);
#4055=VECTOR('',#6646,1.);
#4056=VECTOR('',#6647,1.);
#4057=VECTOR('',#6648,1.);
#4058=VECTOR('',#6649,1.);
#4059=VECTOR('',#6650,1.);
#4060=VECTOR('',#6651,1.);
#4061=VECTOR('',#6652,1.);
#4062=VECTOR('',#6653,1.);
#4063=VECTOR('',#6654,1.);
#4064=VECTOR('',#6659,1.);
#4065=VECTOR('',#6660,1.);
#4066=VECTOR('',#6661,1.);
#4067=VECTOR('',#6662,1.);
#4068=VECTOR('',#6663,1.);
#4069=VECTOR('',#6664,1.);
#4070=VECTOR('',#6665,1.);
#4071=VECTOR('',#6668,1.);
#4072=VECTOR('',#6669,1.);
#4073=VECTOR('',#6670,1.);
#4074=VECTOR('',#6671,1.);
#4075=VECTOR('',#6672,1.);
#4076=VECTOR('',#6673,1.);
#4077=VECTOR('',#6674,1.);
#4078=VECTOR('',#6677,1.);
#4079=VECTOR('',#6678,1.);
#4080=VECTOR('',#6679,1.);
#4081=VECTOR('',#6680,1.);
#4082=VECTOR('',#6681,1.);
#4083=VECTOR('',#6682,1.);
#4084=VECTOR('',#6683,1.);
#4085=VECTOR('',#6684,1.);
#4086=VECTOR('',#6685,1.);
#4087=VECTOR('',#6686,1.);
#4088=VECTOR('',#6687,1.);
#4089=VECTOR('',#6690,1.);
#4090=VECTOR('',#6691,1.);
#4091=VECTOR('',#6692,1.);
#4092=VECTOR('',#6693,1.);
#4093=VECTOR('',#6694,1.);
#4094=VECTOR('',#6695,1.);
#4095=VECTOR('',#6696,1.);
#4096=VECTOR('',#6697,1.);
#4097=VECTOR('',#6700,1.);
#4098=VECTOR('',#6701,1.);
#4099=VECTOR('',#6704,1.);
#4100=VECTOR('',#6707,1.);
#4101=VECTOR('',#6710,1.);
#4102=VECTOR('',#6711,1.);
#4103=VECTOR('',#6712,1.);
#4104=VECTOR('',#6715,1.);
#4105=VECTOR('',#6716,1.);
#4106=VECTOR('',#6719,1.);
#4107=VECTOR('',#6720,1.);
#4108=VECTOR('',#6721,1.);
#4109=VECTOR('',#6722,1.);
#4110=VECTOR('',#6725,1.);
#4111=VECTOR('',#6728,1.);
#4112=VECTOR('',#6731,1.);
#4113=VECTOR('',#6734,1.);
#4114=VECTOR('',#6735,1.);
#4115=VECTOR('',#6736,1.);
#4116=VECTOR('',#6737,1.);
#4117=VECTOR('',#6738,1.);
#4118=VECTOR('',#6743,1.);
#4119=VECTOR('',#6744,1.);
#4120=VECTOR('',#6749,1.);
#4121=VECTOR('',#6750,1.);
#4122=VECTOR('',#6753,1.);
#4123=VECTOR('',#6754,1.);
#4124=VECTOR('',#6755,1.);
#4125=VECTOR('',#6758,1.);
#4126=VECTOR('',#6759,1.);
#4127=VECTOR('',#6760,1.);
#4128=VECTOR('',#6761,1.);
#4129=VECTOR('',#6770,1.);
#4130=VECTOR('',#6777,1.);
#4131=VECTOR('',#6780,1.);
#4132=VECTOR('',#6781,1.);
#4133=VECTOR('',#6782,1.);
#4134=VECTOR('',#6785,1.);
#4135=VECTOR('',#6786,1.);
#4136=VECTOR('',#6787,1.);
#4137=VECTOR('',#6792,1.);
#4138=VECTOR('',#6793,1.);
#4139=VECTOR('',#6794,1.);
#4140=VECTOR('',#6797,1.);
#4141=VECTOR('',#6798,1.);
#4142=VECTOR('',#6801,1.);
#4143=VECTOR('',#6802,1.);
#4144=VECTOR('',#6805,1.);
#4145=VECTOR('',#6810,1.);
#4146=VECTOR('',#6811,1.);
#4147=VECTOR('',#6812,1.);
#4148=VECTOR('',#6815,1.);
#4149=VECTOR('',#6816,1.);
#4150=VECTOR('',#6819,1.);
#4151=VECTOR('',#6820,1.);
#4152=VECTOR('',#6823,1.);
#4153=VECTOR('',#6828,1.);
#4154=VECTOR('',#6829,1.);
#4155=VECTOR('',#6830,1.);
#4156=VECTOR('',#6833,1.);
#4157=VECTOR('',#6834,1.);
#4158=VECTOR('',#6837,1.);
#4159=VECTOR('',#6838,1.);
#4160=VECTOR('',#6841,1.);
#4161=VECTOR('',#6846,1.);
#4162=VECTOR('',#6847,1.);
#4163=VECTOR('',#6848,1.);
#4164=VECTOR('',#6851,1.);
#4165=VECTOR('',#6852,1.);
#4166=VECTOR('',#6855,1.);
#4167=VECTOR('',#6856,1.);
#4168=VECTOR('',#6859,1.);
#4169=VECTOR('',#6864,1.);
#4170=VECTOR('',#6865,1.);
#4171=VECTOR('',#6866,1.);
#4172=VECTOR('',#6869,1.);
#4173=VECTOR('',#6870,1.);
#4174=VECTOR('',#6873,1.);
#4175=VECTOR('',#6874,1.);
#4176=VECTOR('',#6877,1.);
#4177=VECTOR('',#6882,1.);
#4178=VECTOR('',#6883,1.);
#4179=VECTOR('',#6884,1.);
#4180=VECTOR('',#6887,1.);
#4181=VECTOR('',#6888,1.);
#4182=VECTOR('',#6891,1.);
#4183=VECTOR('',#6892,1.);
#4184=VECTOR('',#6895,1.);
#4185=VECTOR('',#6902,1.);
#4186=VECTOR('',#6905,1.);
#4187=VECTOR('',#6942,1.);
#4188=VECTOR('',#6943,1.);
#4189=VECTOR('',#6944,1.);
#4190=VECTOR('',#6947,1.);
#4191=VECTOR('',#6948,1.);
#4192=VECTOR('',#6951,1.);
#4193=VECTOR('',#6952,1.);
#4194=VECTOR('',#6955,1.);
#4195=VECTOR('',#6960,1.);
#4196=VECTOR('',#6961,1.);
#4197=VECTOR('',#6962,1.);
#4198=VECTOR('',#6965,1.);
#4199=VECTOR('',#6966,1.);
#4200=VECTOR('',#6969,1.);
#4201=VECTOR('',#6970,1.);
#4202=VECTOR('',#6973,1.);
#4203=VECTOR('',#6978,1.);
#4204=VECTOR('',#6979,1.);
#4205=VECTOR('',#6980,1.);
#4206=VECTOR('',#6983,1.);
#4207=VECTOR('',#6984,1.);
#4208=VECTOR('',#6987,1.);
#4209=VECTOR('',#6988,1.);
#4210=VECTOR('',#6991,1.);
#4211=VECTOR('',#6996,1.);
#4212=VECTOR('',#6997,1.);
#4213=VECTOR('',#6998,1.);
#4214=VECTOR('',#7001,1.);
#4215=VECTOR('',#7002,1.);
#4216=VECTOR('',#7005,1.);
#4217=VECTOR('',#7006,1.);
#4218=VECTOR('',#7009,1.);
#4219=VECTOR('',#7014,1.);
#4220=VECTOR('',#7015,1.);
#4221=VECTOR('',#7016,1.);
#4222=VECTOR('',#7019,1.);
#4223=VECTOR('',#7020,1.);
#4224=VECTOR('',#7023,1.);
#4225=VECTOR('',#7024,1.);
#4226=VECTOR('',#7027,1.);
#4227=VECTOR('',#7032,1.);
#4228=VECTOR('',#7033,1.);
#4229=VECTOR('',#7034,1.);
#4230=VECTOR('',#7037,1.);
#4231=VECTOR('',#7038,1.);
#4232=VECTOR('',#7041,1.);
#4233=VECTOR('',#7042,1.);
#4234=VECTOR('',#7045,1.);
#4235=VECTOR('',#7050,1.);
#4236=VECTOR('',#7051,1.);
#4237=VECTOR('',#7052,1.);
#4238=VECTOR('',#7055,1.);
#4239=VECTOR('',#7056,1.);
#4240=VECTOR('',#7057,1.);
#4241=VECTOR('',#7060,1.);
#4242=VECTOR('',#7061,1.);
#4243=VECTOR('',#7068,1.);
#4244=VECTOR('',#7069,1.);
#4245=VECTOR('',#7070,1.);
#4246=VECTOR('',#7073,1.);
#4247=VECTOR('',#7074,1.);
#4248=VECTOR('',#7075,1.);
#4249=VECTOR('',#7078,1.);
#4250=VECTOR('',#7079,1.);
#4251=VECTOR('',#7086,1.);
#4252=VECTOR('',#7087,1.);
#4253=VECTOR('',#7088,1.);
#4254=VECTOR('',#7091,1.);
#4255=VECTOR('',#7092,1.);
#4256=VECTOR('',#7093,1.);
#4257=VECTOR('',#7096,1.);
#4258=VECTOR('',#7097,1.);
#4259=VECTOR('',#7104,1.);
#4260=VECTOR('',#7105,1.);
#4261=VECTOR('',#7106,1.);
#4262=VECTOR('',#7109,1.);
#4263=VECTOR('',#7110,1.);
#4264=VECTOR('',#7111,1.);
#4265=VECTOR('',#7114,1.);
#4266=VECTOR('',#7115,1.);
#4267=VECTOR('',#7122,1.);
#4268=VECTOR('',#7123,1.);
#4269=VECTOR('',#7124,1.);
#4270=VECTOR('',#7127,1.);
#4271=VECTOR('',#7128,1.);
#4272=VECTOR('',#7129,1.);
#4273=VECTOR('',#7132,1.);
#4274=VECTOR('',#7133,1.);
#4275=VECTOR('',#7140,1.);
#4276=VECTOR('',#7141,1.);
#4277=VECTOR('',#7142,1.);
#4278=VECTOR('',#7145,1.);
#4279=VECTOR('',#7146,1.);
#4280=VECTOR('',#7147,1.);
#4281=VECTOR('',#7150,1.);
#4282=VECTOR('',#7151,1.);
#4283=VECTOR('',#7158,1.);
#4284=VECTOR('',#7159,1.);
#4285=VECTOR('',#7160,1.);
#4286=VECTOR('',#7163,1.);
#4287=VECTOR('',#7164,1.);
#4288=VECTOR('',#7165,1.);
#4289=VECTOR('',#7168,1.);
#4290=VECTOR('',#7169,1.);
#4291=VECTOR('',#7176,1.);
#4292=VECTOR('',#7177,1.);
#4293=VECTOR('',#7178,1.);
#4294=VECTOR('',#7181,1.);
#4295=VECTOR('',#7182,1.);
#4296=VECTOR('',#7183,1.);
#4297=VECTOR('',#7186,1.);
#4298=VECTOR('',#7187,1.);
#4299=VECTOR('',#7194,1.);
#4300=VECTOR('',#7195,1.);
#4301=VECTOR('',#7196,1.);
#4302=VECTOR('',#7199,1.);
#4303=VECTOR('',#7200,1.);
#4304=VECTOR('',#7201,1.);
#4305=VECTOR('',#7204,1.);
#4306=VECTOR('',#7205,1.);
#4307=VECTOR('',#7212,1.);
#4308=VECTOR('',#7213,1.);
#4309=VECTOR('',#7214,1.);
#4310=VECTOR('',#7217,1.);
#4311=VECTOR('',#7218,1.);
#4312=VECTOR('',#7219,1.);
#4313=VECTOR('',#7222,1.);
#4314=VECTOR('',#7223,1.);
#4315=VECTOR('',#7230,1.);
#4316=VECTOR('',#7231,1.);
#4317=VECTOR('',#7232,1.);
#4318=VECTOR('',#7235,1.);
#4319=VECTOR('',#7236,1.);
#4320=VECTOR('',#7239,1.);
#4321=VECTOR('',#7240,1.);
#4322=VECTOR('',#7243,1.);
#4323=VECTOR('',#7244,1.);
#4324=VECTOR('',#7247,1.);
#4325=VECTOR('',#7248,1.);
#4326=VECTOR('',#7255,1.);
#4327=VECTOR('',#7256,1.);
#4328=VECTOR('',#7257,1.);
#4329=VECTOR('',#7260,1.);
#4330=VECTOR('',#7261,1.);
#4331=VECTOR('',#7262,1.);
#4332=VECTOR('',#7265,1.);
#4333=VECTOR('',#7266,1.);
#4334=VECTOR('',#7273,1.);
#4335=VECTOR('',#7274,1.);
#4336=VECTOR('',#7275,1.);
#4337=VECTOR('',#7278,1.);
#4338=VECTOR('',#7279,1.);
#4339=VECTOR('',#7280,1.);
#4340=VECTOR('',#7283,1.);
#4341=VECTOR('',#7284,1.);
#4342=VECTOR('',#7291,1.);
#4343=VECTOR('',#7292,1.);
#4344=VECTOR('',#7293,1.);
#4345=VECTOR('',#7296,1.);
#4346=VECTOR('',#7297,1.);
#4347=VECTOR('',#7298,1.);
#4348=VECTOR('',#7301,1.);
#4349=VECTOR('',#7302,1.);
#4350=VECTOR('',#7309,1.);
#4351=VECTOR('',#7310,1.);
#4352=VECTOR('',#7311,1.);
#4353=VECTOR('',#7314,1.);
#4354=VECTOR('',#7315,1.);
#4355=VECTOR('',#7316,1.);
#4356=VECTOR('',#7319,1.);
#4357=VECTOR('',#7320,1.);
#4358=VECTOR('',#7327,1.);
#4359=VECTOR('',#7328,1.);
#4360=VECTOR('',#7329,1.);
#4361=VECTOR('',#7332,1.);
#4362=VECTOR('',#7333,1.);
#4363=VECTOR('',#7334,1.);
#4364=VECTOR('',#7337,1.);
#4365=VECTOR('',#7338,1.);
#4366=VECTOR('',#7345,1.);
#4367=VECTOR('',#7346,1.);
#4368=VECTOR('',#7347,1.);
#4369=VECTOR('',#7350,1.);
#4370=VECTOR('',#7351,1.);
#4371=VECTOR('',#7352,1.);
#4372=VECTOR('',#7355,1.);
#4373=VECTOR('',#7356,1.);
#4374=VECTOR('',#7363,1.);
#4375=VECTOR('',#7364,1.);
#4376=VECTOR('',#7365,1.);
#4377=VECTOR('',#7368,1.);
#4378=VECTOR('',#7369,1.);
#4379=VECTOR('',#7370,1.);
#4380=VECTOR('',#7373,1.);
#4381=VECTOR('',#7374,1.);
#4382=VECTOR('',#7381,1.);
#4383=VECTOR('',#7382,1.);
#4384=VECTOR('',#7383,1.);
#4385=VECTOR('',#7386,1.);
#4386=VECTOR('',#7387,1.);
#4387=VECTOR('',#7388,1.);
#4388=VECTOR('',#7391,1.);
#4389=VECTOR('',#7392,1.);
#4390=VECTOR('',#7399,1.);
#4391=VECTOR('',#7400,1.);
#4392=VECTOR('',#7401,1.);
#4393=VECTOR('',#7404,1.);
#4394=VECTOR('',#7405,1.);
#4395=VECTOR('',#7406,1.);
#4396=VECTOR('',#7409,1.);
#4397=VECTOR('',#7410,1.);
#4398=VECTOR('',#7417,1.);
#4399=VECTOR('',#7418,1.);
#4400=VECTOR('',#7419,1.);
#4401=VECTOR('',#7422,1.);
#4402=VECTOR('',#7423,1.);
#4403=VECTOR('',#7424,1.);
#4404=VECTOR('',#7427,1.);
#4405=VECTOR('',#7428,1.);
#4406=VECTOR('',#7435,1.);
#4407=VECTOR('',#7440,1.);
#4408=VECTOR('',#7457,1.);
#4409=VECTOR('',#7458,1.);
#4410=VECTOR('',#7459,1.);
#4411=VECTOR('',#7460,1.);
#4412=VECTOR('',#7461,1.);
#4413=VECTOR('',#7464,1.);
#4414=VECTOR('',#7465,1.);
#4415=VECTOR('',#7466,1.);
#4416=VECTOR('',#7469,1.);
#4417=VECTOR('',#7470,1.);
#4418=VECTOR('',#7471,1.);
#4419=VECTOR('',#7472,1.);
#4420=VECTOR('',#7475,1.);
#4421=VECTOR('',#7478,1.);
#4422=VECTOR('',#7481,1.);
#4423=VECTOR('',#7482,1.);
#4424=VECTOR('',#7483,1.);
#4425=VECTOR('',#7484,1.);
#4426=VECTOR('',#7485,1.);
#4427=VECTOR('',#7488,1.);
#4428=VECTOR('',#7489,1.);
#4429=VECTOR('',#7490,1.);
#4430=VECTOR('',#7493,1.);
#4431=VECTOR('',#7494,1.);
#4432=VECTOR('',#7495,1.);
#4433=VECTOR('',#7496,1.);
#4434=VECTOR('',#7499,1.);
#4435=VECTOR('',#7502,1.);
#4436=VECTOR('',#7505,1.);
#4437=VECTOR('',#7506,1.);
#4438=VECTOR('',#7507,1.);
#4439=VECTOR('',#7508,1.);
#4440=VECTOR('',#7511,1.);
#4441=VECTOR('',#7512,1.);
#4442=VECTOR('',#7513,1.);
#4443=VECTOR('',#7514,1.);
#4444=VECTOR('',#7515,1.);
#4445=VECTOR('',#7518,1.);
#4446=VECTOR('',#7519,1.);
#4447=VECTOR('',#7520,1.);
#4448=VECTOR('',#7523,1.);
#4449=VECTOR('',#7524,1.);
#4450=VECTOR('',#7525,1.);
#4451=VECTOR('',#7526,1.);
#4452=VECTOR('',#7527,1.);
#4453=VECTOR('',#7530,1.);
#4454=VECTOR('',#7531,1.);
#4455=VECTOR('',#7532,1.);
#4456=VECTOR('',#7535,1.);
#4457=VECTOR('',#7536,1.);
#4458=VECTOR('',#7539,1.);
#4459=VECTOR('',#7540,1.);
#4460=VECTOR('',#7543,1.);
#4461=VECTOR('',#7546,1.);
#4462=VECTOR('',#7549,1.);
#4463=VECTOR('',#7550,1.);
#4464=VECTOR('',#7551,1.);
#4465=VECTOR('',#7552,1.);
#4466=VECTOR('',#7555,1.);
#4467=VECTOR('',#7556,1.);
#4468=VECTOR('',#7557,1.);
#4469=VECTOR('',#7558,1.);
#4470=VECTOR('',#7559,1.);
#4471=VECTOR('',#7564,1.);
#4472=VECTOR('',#7565,1.);
#4473=VECTOR('',#7568,1.);
#4474=VECTOR('',#7569,1.);
#4475=VECTOR('',#7570,1.);
#4476=VECTOR('',#7571,1.);
#4477=VECTOR('',#7572,1.);
#4478=VECTOR('',#7575,1.);
#4479=VECTOR('',#7576,1.);
#4480=VECTOR('',#7577,1.);
#4481=VECTOR('',#7580,1.);
#4482=VECTOR('',#7581,1.);
#4483=VECTOR('',#7584,1.);
#4484=VECTOR('',#7585,1.);
#4485=VECTOR('',#7588,1.);
#4486=VECTOR('',#7591,1.);
#4487=VECTOR('',#7630,1.);
#4488=VECTOR('',#7631,1.);
#4489=VECTOR('',#7632,1.);
#4490=VECTOR('',#7635,1.);
#4491=VECTOR('',#7636,1.);
#4492=VECTOR('',#7643,1.);
#4493=VECTOR('',#7644,1.);
#4494=VECTOR('',#7645,1.);
#4495=VECTOR('',#7648,1.);
#4496=VECTOR('',#7649,1.);
#4497=VECTOR('',#7656,1.);
#4498=VECTOR('',#7657,1.);
#4499=VECTOR('',#7658,1.);
#4500=VECTOR('',#7661,1.);
#4501=VECTOR('',#7662,1.);
#4502=VECTOR('',#7663,1.);
#4503=VECTOR('',#7666,1.);
#4504=VECTOR('',#7667,1.);
#4505=VECTOR('',#7674,1.);
#4506=VECTOR('',#7675,1.);
#4507=VECTOR('',#7676,1.);
#4508=VECTOR('',#7679,1.);
#4509=VECTOR('',#7680,1.);
#4510=VECTOR('',#7681,1.);
#4511=VECTOR('',#7684,1.);
#4512=VECTOR('',#7685,1.);
#4513=VECTOR('',#7692,1.);
#4514=VECTOR('',#7693,1.);
#4515=VECTOR('',#7694,1.);
#4516=VECTOR('',#7697,1.);
#4517=VECTOR('',#7698,1.);
#4518=VECTOR('',#7701,1.);
#4519=VECTOR('',#7702,1.);
#4520=VECTOR('',#7705,1.);
#4521=VECTOR('',#7710,1.);
#4522=VECTOR('',#7711,1.);
#4523=VECTOR('',#7712,1.);
#4524=VECTOR('',#7715,1.);
#4525=VECTOR('',#7716,1.);
#4526=VECTOR('',#7719,1.);
#4527=VECTOR('',#7720,1.);
#4528=VECTOR('',#7723,1.);
#4529=VECTOR('',#7728,1.);
#4530=VECTOR('',#7731,1.);
#4531=VECTOR('',#7736,1.);
#4532=VECTOR('',#7739,1.);
#4533=VECTOR('',#7758,1.);
#4534=VECTOR('',#7759,1.);
#4535=VECTOR('',#7760,1.);
#4536=VECTOR('',#7763,1.);
#4537=VECTOR('',#7766,1.);
#4538=VECTOR('',#7773,1.);
#4539=VECTOR('',#7778,1.);
#4540=VECTOR('',#7779,1.);
#4541=VECTOR('',#7780,1.);
#4542=VECTOR('',#7783,1.);
#4543=VECTOR('',#7784,1.);
#4544=VECTOR('',#7785,1.);
#4545=VECTOR('',#7788,1.);
#4546=VECTOR('',#7789,1.);
#4547=EDGE_LOOP('',(#83,#84,#85,#86,#87,#88,#89,#90));
#4548=EDGE_LOOP('',(#91,#92,#93,#94,#95,#96,#97,#98));
#4549=EDGE_LOOP('',(#99,#100,#101,#102,#103,#104,#105,#106,#107,#108,#109,
#110,#111,#112,#113,#114));
#4550=EDGE_LOOP('',(#115,#116,#117,#118));
#4551=EDGE_LOOP('',(#119,#120,#121,#122));
#4552=EDGE_LOOP('',(#123,#124,#125,#126));
#4553=EDGE_LOOP('',(#127,#128,#129,#130));
#4554=EDGE_LOOP('',(#131,#132,#133,#134));
#4555=EDGE_LOOP('',(#135));
#4556=EDGE_LOOP('',(#136));
#4557=EDGE_LOOP('',(#137));
#4558=EDGE_LOOP('',(#138));
#4559=EDGE_LOOP('',(#139));
#4560=EDGE_LOOP('',(#140));
#4561=EDGE_LOOP('',(#141));
#4562=EDGE_LOOP('',(#142,#143,#144,#145,#146,#147,#148,#149,#150,#151,#152,
#153,#154,#155,#156,#157,#158,#159,#160));
#4563=EDGE_LOOP('',(#161,#162,#163,#164,#165));
#4564=EDGE_LOOP('',(#166,#167,#168,#169,#170));
#4565=EDGE_LOOP('',(#171,#172,#173,#174));
#4566=EDGE_LOOP('',(#175,#176,#177,#178));
#4567=EDGE_LOOP('',(#179,#180,#181,#182,#183));
#4568=EDGE_LOOP('',(#184,#185,#186,#187,#188,#189,#190,#191,#192,#193,#194,
#195,#196,#197,#198,#199));
#4569=EDGE_LOOP('',(#200,#201,#202,#203));
#4570=EDGE_LOOP('',(#204,#205,#206,#207));
#4571=EDGE_LOOP('',(#208,#209,#210,#211));
#4572=EDGE_LOOP('',(#212,#213,#214,#215));
#4573=EDGE_LOOP('',(#216,#217,#218,#219));
#4574=EDGE_LOOP('',(#220,#221,#222,#223));
#4575=EDGE_LOOP('',(#224,#225,#226,#227));
#4576=EDGE_LOOP('',(#228,#229,#230,#231));
#4577=EDGE_LOOP('',(#232,#233,#234,#235));
#4578=EDGE_LOOP('',(#236,#237,#238,#239));
#4579=EDGE_LOOP('',(#240,#241,#242,#243));
#4580=EDGE_LOOP('',(#244,#245,#246,#247));
#4581=EDGE_LOOP('',(#248,#249,#250,#251));
#4582=EDGE_LOOP('',(#252,#253,#254,#255));
#4583=EDGE_LOOP('',(#256,#257,#258,#259));
#4584=EDGE_LOOP('',(#260,#261,#262,#263));
#4585=EDGE_LOOP('',(#264,#265,#266,#267));
#4586=EDGE_LOOP('',(#268,#269,#270,#271));
#4587=EDGE_LOOP('',(#272,#273,#274,#275));
#4588=EDGE_LOOP('',(#276,#277,#278,#279));
#4589=EDGE_LOOP('',(#280,#281,#282,#283,#284));
#4590=EDGE_LOOP('',(#285,#286,#287,#288));
#4591=EDGE_LOOP('',(#289,#290,#291,#292,#293,#294,#295,#296,#297,#298,#299,
#300,#301,#302,#303,#304));
#4592=EDGE_LOOP('',(#305,#306,#307,#308));
#4593=EDGE_LOOP('',(#309,#310,#311,#312));
#4594=EDGE_LOOP('',(#313,#314,#315,#316));
#4595=EDGE_LOOP('',(#317,#318,#319,#320));
#4596=EDGE_LOOP('',(#321,#322,#323,#324));
#4597=EDGE_LOOP('',(#325,#326,#327,#328));
#4598=EDGE_LOOP('',(#329,#330,#331,#332));
#4599=EDGE_LOOP('',(#333,#334,#335,#336));
#4600=EDGE_LOOP('',(#337,#338,#339,#340));
#4601=EDGE_LOOP('',(#341,#342,#343,#344));
#4602=EDGE_LOOP('',(#345,#346,#347,#348));
#4603=EDGE_LOOP('',(#349,#350,#351,#352));
#4604=EDGE_LOOP('',(#353,#354,#355,#356,#357));
#4605=EDGE_LOOP('',(#358,#359,#360,#361));
#4606=EDGE_LOOP('',(#362,#363,#364,#365));
#4607=EDGE_LOOP('',(#366,#367,#368,#369));
#4608=EDGE_LOOP('',(#370,#371,#372,#373));
#4609=EDGE_LOOP('',(#374,#375,#376,#377));
#4610=EDGE_LOOP('',(#378,#379,#380,#381));
#4611=EDGE_LOOP('',(#382,#383,#384,#385,#386));
#4612=EDGE_LOOP('',(#387,#388,#389,#390,#391,#392,#393,#394,#395,#396,#397,
#398));
#4613=EDGE_LOOP('',(#399,#400,#401,#402,#403,#404,#405,#406,#407,#408,#409,
#410));
#4614=EDGE_LOOP('',(#411,#412,#413,#414,#415,#416,#417,#418,#419,#420,#421,
#422,#423,#424,#425,#426));
#4615=EDGE_LOOP('',(#427,#428,#429,#430,#431,#432,#433,#434,#435,#436,#437,
#438,#439,#440,#441,#442));
#4616=EDGE_LOOP('',(#443,#444,#445,#446));
#4617=EDGE_LOOP('',(#447,#448,#449,#450,#451,#452));
#4618=EDGE_LOOP('',(#453,#454,#455,#456));
#4619=EDGE_LOOP('',(#457,#458,#459,#460,#461,#462));
#4620=EDGE_LOOP('',(#463,#464,#465,#466));
#4621=EDGE_LOOP('',(#467,#468,#469,#470));
#4622=EDGE_LOOP('',(#471,#472,#473,#474,#475,#476));
#4623=EDGE_LOOP('',(#477,#478,#479,#480,#481,#482,#483,#484,#485,#486,#487,
#488,#489,#490,#491,#492,#493,#494,#495,#496));
#4624=EDGE_LOOP('',(#497,#498,#499,#500));
#4625=EDGE_LOOP('',(#501,#502,#503,#504));
#4626=EDGE_LOOP('',(#505,#506,#507,#508));
#4627=EDGE_LOOP('',(#509,#510,#511,#512,#513,#514));
#4628=EDGE_LOOP('',(#515,#516,#517,#518,#519,#520));
#4629=EDGE_LOOP('',(#521,#522,#523,#524,#525));
#4630=EDGE_LOOP('',(#526,#527,#528,#529,#530));
#4631=EDGE_LOOP('',(#531,#532,#533,#534,#535,#536));
#4632=EDGE_LOOP('',(#537,#538,#539,#540));
#4633=EDGE_LOOP('',(#541,#542,#543,#544));
#4634=EDGE_LOOP('',(#545,#546,#547,#548));
#4635=EDGE_LOOP('',(#549,#550,#551,#552));
#4636=EDGE_LOOP('',(#553,#554,#555,#556));
#4637=EDGE_LOOP('',(#557,#558,#559,#560));
#4638=EDGE_LOOP('',(#561,#562,#563,#564));
#4639=EDGE_LOOP('',(#565,#566,#567,#568));
#4640=EDGE_LOOP('',(#569,#570,#571,#572));
#4641=EDGE_LOOP('',(#573,#574,#575,#576));
#4642=EDGE_LOOP('',(#577,#578,#579,#580));
#4643=EDGE_LOOP('',(#581,#582,#583,#584));
#4644=EDGE_LOOP('',(#585,#586,#587,#588));
#4645=EDGE_LOOP('',(#589,#590,#591,#592));
#4646=EDGE_LOOP('',(#593,#594,#595,#596));
#4647=EDGE_LOOP('',(#597,#598,#599,#600));
#4648=EDGE_LOOP('',(#601,#602,#603,#604));
#4649=EDGE_LOOP('',(#605,#606,#607,#608));
#4650=EDGE_LOOP('',(#609,#610,#611,#612));
#4651=EDGE_LOOP('',(#613,#614,#615,#616));
#4652=EDGE_LOOP('',(#617,#618,#619,#620));
#4653=EDGE_LOOP('',(#621,#622,#623,#624));
#4654=EDGE_LOOP('',(#625,#626,#627,#628));
#4655=EDGE_LOOP('',(#629,#630,#631,#632));
#4656=EDGE_LOOP('',(#633,#634,#635,#636));
#4657=EDGE_LOOP('',(#637,#638,#639,#640));
#4658=EDGE_LOOP('',(#641,#642,#643,#644));
#4659=EDGE_LOOP('',(#645,#646,#647,#648));
#4660=EDGE_LOOP('',(#649,#650,#651,#652));
#4661=EDGE_LOOP('',(#653,#654,#655,#656));
#4662=EDGE_LOOP('',(#657,#658,#659,#660));
#4663=EDGE_LOOP('',(#661,#662,#663,#664));
#4664=EDGE_LOOP('',(#665,#666,#667,#668));
#4665=EDGE_LOOP('',(#669,#670,#671,#672));
#4666=EDGE_LOOP('',(#673,#674,#675,#676));
#4667=EDGE_LOOP('',(#677,#678,#679,#680,#681));
#4668=EDGE_LOOP('',(#682,#683,#684,#685,#686));
#4669=EDGE_LOOP('',(#687,#688,#689,#690));
#4670=EDGE_LOOP('',(#691,#692,#693,#694,#695));
#4671=EDGE_LOOP('',(#696,#697,#698,#699,#700));
#4672=EDGE_LOOP('',(#701,#702,#703,#704));
#4673=EDGE_LOOP('',(#705,#706,#707,#708));
#4674=EDGE_LOOP('',(#709,#710,#711,#712));
#4675=EDGE_LOOP('',(#713,#714,#715,#716));
#4676=EDGE_LOOP('',(#717,#718,#719,#720));
#4677=EDGE_LOOP('',(#721,#722,#723,#724));
#4678=EDGE_LOOP('',(#725,#726,#727,#728));
#4679=EDGE_LOOP('',(#729,#730,#731,#732));
#4680=EDGE_LOOP('',(#733,#734,#735,#736));
#4681=EDGE_LOOP('',(#737,#738,#739,#740));
#4682=EDGE_LOOP('',(#741,#742,#743,#744));
#4683=EDGE_LOOP('',(#745,#746,#747,#748));
#4684=EDGE_LOOP('',(#749,#750,#751,#752));
#4685=EDGE_LOOP('',(#753,#754,#755,#756));
#4686=EDGE_LOOP('',(#757,#758,#759,#760));
#4687=EDGE_LOOP('',(#761,#762,#763,#764));
#4688=EDGE_LOOP('',(#765,#766,#767,#768));
#4689=EDGE_LOOP('',(#769,#770,#771,#772));
#4690=EDGE_LOOP('',(#773,#774,#775,#776));
#4691=EDGE_LOOP('',(#777,#778,#779,#780));
#4692=EDGE_LOOP('',(#781,#782,#783,#784));
#4693=EDGE_LOOP('',(#785,#786,#787,#788));
#4694=EDGE_LOOP('',(#789,#790,#791,#792));
#4695=EDGE_LOOP('',(#793,#794,#795,#796));
#4696=EDGE_LOOP('',(#797,#798,#799,#800));
#4697=EDGE_LOOP('',(#801,#802,#803,#804));
#4698=EDGE_LOOP('',(#805,#806,#807,#808));
#4699=EDGE_LOOP('',(#809,#810,#811,#812));
#4700=EDGE_LOOP('',(#813,#814,#815,#816));
#4701=EDGE_LOOP('',(#817,#818,#819,#820));
#4702=EDGE_LOOP('',(#821,#822,#823,#824));
#4703=EDGE_LOOP('',(#825,#826,#827,#828));
#4704=EDGE_LOOP('',(#829,#830,#831,#832));
#4705=EDGE_LOOP('',(#833,#834,#835,#836));
#4706=EDGE_LOOP('',(#837,#838,#839,#840));
#4707=EDGE_LOOP('',(#841,#842,#843,#844));
#4708=EDGE_LOOP('',(#845,#846,#847,#848));
#4709=EDGE_LOOP('',(#849,#850,#851,#852));
#4710=EDGE_LOOP('',(#853,#854,#855,#856));
#4711=EDGE_LOOP('',(#857,#858,#859,#860));
#4712=EDGE_LOOP('',(#861,#862,#863,#864));
#4713=EDGE_LOOP('',(#865,#866,#867,#868));
#4714=EDGE_LOOP('',(#869,#870,#871,#872));
#4715=EDGE_LOOP('',(#873,#874,#875,#876));
#4716=EDGE_LOOP('',(#877,#878,#879,#880));
#4717=EDGE_LOOP('',(#881,#882,#883,#884));
#4718=EDGE_LOOP('',(#885,#886,#887,#888));
#4719=EDGE_LOOP('',(#889,#890,#891,#892));
#4720=EDGE_LOOP('',(#893,#894,#895,#896));
#4721=EDGE_LOOP('',(#897,#898,#899,#900));
#4722=EDGE_LOOP('',(#901,#902,#903,#904));
#4723=EDGE_LOOP('',(#905,#906,#907,#908));
#4724=EDGE_LOOP('',(#909,#910,#911,#912));
#4725=EDGE_LOOP('',(#913,#914,#915,#916));
#4726=EDGE_LOOP('',(#917,#918,#919,#920));
#4727=EDGE_LOOP('',(#921,#922,#923,#924));
#4728=EDGE_LOOP('',(#925,#926,#927,#928));
#4729=EDGE_LOOP('',(#929,#930,#931,#932));
#4730=EDGE_LOOP('',(#933,#934,#935,#936));
#4731=EDGE_LOOP('',(#937,#938,#939,#940));
#4732=EDGE_LOOP('',(#941,#942,#943,#944));
#4733=EDGE_LOOP('',(#945,#946,#947,#948));
#4734=EDGE_LOOP('',(#949,#950,#951,#952));
#4735=EDGE_LOOP('',(#953,#954,#955,#956));
#4736=EDGE_LOOP('',(#957,#958,#959,#960));
#4737=EDGE_LOOP('',(#961,#962,#963,#964));
#4738=EDGE_LOOP('',(#965,#966,#967,#968));
#4739=EDGE_LOOP('',(#969,#970,#971,#972));
#4740=EDGE_LOOP('',(#973,#974,#975,#976));
#4741=EDGE_LOOP('',(#977,#978,#979,#980));
#4742=EDGE_LOOP('',(#981,#982,#983,#984));
#4743=EDGE_LOOP('',(#985,#986,#987,#988));
#4744=EDGE_LOOP('',(#989,#990,#991,#992));
#4745=EDGE_LOOP('',(#993,#994,#995,#996));
#4746=EDGE_LOOP('',(#997,#998,#999,#1000));
#4747=EDGE_LOOP('',(#1001,#1002,#1003,#1004));
#4748=EDGE_LOOP('',(#1005,#1006,#1007,#1008));
#4749=EDGE_LOOP('',(#1009,#1010,#1011,#1012));
#4750=EDGE_LOOP('',(#1013,#1014,#1015,#1016));
#4751=EDGE_LOOP('',(#1017,#1018,#1019,#1020));
#4752=EDGE_LOOP('',(#1021,#1022,#1023,#1024));
#4753=EDGE_LOOP('',(#1025,#1026,#1027,#1028));
#4754=EDGE_LOOP('',(#1029,#1030,#1031,#1032));
#4755=EDGE_LOOP('',(#1033,#1034,#1035,#1036,#1037,#1038,#1039,#1040,#1041,
#1042));
#4756=EDGE_LOOP('',(#1043,#1044,#1045,#1046,#1047,#1048,#1049,#1050,#1051,
#1052));
#4757=EDGE_LOOP('',(#1053,#1054,#1055,#1056));
#4758=EDGE_LOOP('',(#1057,#1058,#1059,#1060));
#4759=EDGE_LOOP('',(#1061,#1062,#1063,#1064));
#4760=EDGE_LOOP('',(#1065,#1066,#1067,#1068));
#4761=EDGE_LOOP('',(#1069,#1070,#1071,#1072));
#4762=EDGE_LOOP('',(#1073,#1074,#1075,#1076));
#4763=EDGE_LOOP('',(#1077,#1078,#1079,#1080));
#4764=EDGE_LOOP('',(#1081,#1082,#1083,#1084));
#4765=EDGE_LOOP('',(#1085,#1086,#1087,#1088));
#4766=EDGE_LOOP('',(#1089,#1090,#1091,#1092));
#4767=EDGE_LOOP('',(#1093,#1094,#1095,#1096));
#4768=EDGE_LOOP('',(#1097,#1098,#1099,#1100));
#4769=EDGE_LOOP('',(#1101,#1102,#1103,#1104));
#4770=EDGE_LOOP('',(#1105,#1106,#1107,#1108));
#4771=EDGE_LOOP('',(#1109,#1110,#1111,#1112));
#4772=EDGE_LOOP('',(#1113,#1114,#1115,#1116));
#4773=EDGE_LOOP('',(#1117,#1118,#1119,#1120));
#4774=EDGE_LOOP('',(#1121,#1122,#1123,#1124));
#4775=EDGE_LOOP('',(#1125,#1126,#1127,#1128));
#4776=EDGE_LOOP('',(#1129,#1130,#1131,#1132));
#4777=EDGE_LOOP('',(#1133,#1134,#1135,#1136));
#4778=EDGE_LOOP('',(#1137,#1138,#1139,#1140));
#4779=EDGE_LOOP('',(#1141,#1142,#1143,#1144));
#4780=EDGE_LOOP('',(#1145,#1146,#1147,#1148));
#4781=EDGE_LOOP('',(#1149,#1150,#1151,#1152));
#4782=EDGE_LOOP('',(#1153,#1154,#1155,#1156));
#4783=EDGE_LOOP('',(#1157,#1158,#1159,#1160));
#4784=EDGE_LOOP('',(#1161,#1162,#1163,#1164));
#4785=EDGE_LOOP('',(#1165,#1166,#1167,#1168));
#4786=EDGE_LOOP('',(#1169,#1170,#1171,#1172));
#4787=EDGE_LOOP('',(#1173,#1174,#1175,#1176));
#4788=EDGE_LOOP('',(#1177,#1178,#1179,#1180));
#4789=EDGE_LOOP('',(#1181,#1182,#1183,#1184));
#4790=EDGE_LOOP('',(#1185,#1186,#1187,#1188));
#4791=EDGE_LOOP('',(#1189,#1190,#1191,#1192));
#4792=EDGE_LOOP('',(#1193,#1194,#1195,#1196));
#4793=EDGE_LOOP('',(#1197,#1198,#1199,#1200));
#4794=EDGE_LOOP('',(#1201,#1202,#1203,#1204));
#4795=EDGE_LOOP('',(#1205,#1206,#1207,#1208));
#4796=EDGE_LOOP('',(#1209,#1210,#1211,#1212));
#4797=EDGE_LOOP('',(#1213,#1214,#1215,#1216));
#4798=EDGE_LOOP('',(#1217,#1218,#1219,#1220));
#4799=EDGE_LOOP('',(#1221,#1222,#1223,#1224));
#4800=EDGE_LOOP('',(#1225,#1226,#1227,#1228));
#4801=EDGE_LOOP('',(#1229,#1230,#1231,#1232));
#4802=EDGE_LOOP('',(#1233,#1234,#1235,#1236));
#4803=EDGE_LOOP('',(#1237,#1238,#1239,#1240));
#4804=EDGE_LOOP('',(#1241,#1242,#1243,#1244));
#4805=EDGE_LOOP('',(#1245,#1246,#1247,#1248));
#4806=EDGE_LOOP('',(#1249,#1250,#1251,#1252));
#4807=EDGE_LOOP('',(#1253,#1254,#1255,#1256));
#4808=EDGE_LOOP('',(#1257,#1258,#1259,#1260));
#4809=EDGE_LOOP('',(#1261,#1262,#1263,#1264));
#4810=EDGE_LOOP('',(#1265,#1266,#1267,#1268));
#4811=EDGE_LOOP('',(#1269,#1270,#1271,#1272));
#4812=EDGE_LOOP('',(#1273,#1274,#1275,#1276));
#4813=EDGE_LOOP('',(#1277,#1278,#1279,#1280));
#4814=EDGE_LOOP('',(#1281,#1282,#1283));
#4815=EDGE_LOOP('',(#1284,#1285,#1286,#1287));
#4816=EDGE_LOOP('',(#1288,#1289,#1290));
#4817=EDGE_LOOP('',(#1291,#1292,#1293,#1294,#1295,#1296));
#4818=EDGE_LOOP('',(#1297,#1298,#1299,#1300));
#4819=EDGE_LOOP('',(#1301,#1302,#1303,#1304,#1305,#1306));
#4820=EDGE_LOOP('',(#1307,#1308,#1309,#1310));
#4821=EDGE_LOOP('',(#1311,#1312,#1313,#1314));
#4822=EDGE_LOOP('',(#1315,#1316,#1317,#1318,#1319,#1320));
#4823=EDGE_LOOP('',(#1321,#1322,#1323,#1324));
#4824=EDGE_LOOP('',(#1325,#1326,#1327,#1328,#1329,#1330));
#4825=EDGE_LOOP('',(#1331,#1332,#1333,#1334));
#4826=EDGE_LOOP('',(#1335,#1336,#1337,#1338));
#4827=EDGE_LOOP('',(#1339,#1340,#1341,#1342));
#4828=EDGE_LOOP('',(#1343,#1344,#1345,#1346,#1347,#1348));
#4829=EDGE_LOOP('',(#1349,#1350,#1351,#1352));
#4830=EDGE_LOOP('',(#1353,#1354,#1355,#1356,#1357,#1358));
#4831=EDGE_LOOP('',(#1359,#1360,#1361,#1362));
#4832=EDGE_LOOP('',(#1363,#1364,#1365,#1366));
#4833=EDGE_LOOP('',(#1367,#1368,#1369,#1370));
#4834=EDGE_LOOP('',(#1371,#1372,#1373,#1374,#1375,#1376,#1377,#1378));
#4835=EDGE_LOOP('',(#1379,#1380,#1381,#1382,#1383,#1384,#1385,#1386));
#4836=EDGE_LOOP('',(#1387,#1388,#1389,#1390));
#4837=EDGE_LOOP('',(#1391,#1392,#1393,#1394,#1395,#1396));
#4838=EDGE_LOOP('',(#1397,#1398,#1399,#1400));
#4839=EDGE_LOOP('',(#1401,#1402,#1403,#1404,#1405,#1406));
#4840=EDGE_LOOP('',(#1407,#1408,#1409,#1410));
#4841=EDGE_LOOP('',(#1411,#1412,#1413,#1414));
#4842=EDGE_LOOP('',(#1415,#1416,#1417,#1418));
#4843=EDGE_LOOP('',(#1419,#1420,#1421,#1422,#1423,#1424,#1425,#1426));
#4844=EDGE_LOOP('',(#1427,#1428,#1429,#1430,#1431,#1432,#1433,#1434));
#4845=EDGE_LOOP('',(#1435));
#4846=EDGE_LOOP('',(#1436,#1437,#1438,#1439));
#4847=EDGE_LOOP('',(#1440));
#4848=EDGE_LOOP('',(#1441,#1442,#1443,#1444));
#4849=EDGE_LOOP('',(#1445,#1446,#1447,#1448));
#4850=EDGE_LOOP('',(#1449,#1450,#1451,#1452));
#4851=EDGE_LOOP('',(#1453,#1454,#1455,#1456));
#4852=EDGE_LOOP('',(#1457,#1458,#1459,#1460));
#4853=EDGE_LOOP('',(#1461,#1462,#1463,#1464));
#4854=EDGE_LOOP('',(#1465,#1466,#1467,#1468,#1469,#1470));
#4855=EDGE_LOOP('',(#1471,#1472,#1473,#1474,#1475,#1476));
#4856=EDGE_LOOP('',(#1477,#1478,#1479,#1480));
#4857=EDGE_LOOP('',(#1481,#1482,#1483,#1484,#1485,#1486));
#4858=EDGE_LOOP('',(#1487,#1488,#1489,#1490));
#4859=EDGE_LOOP('',(#1491,#1492,#1493,#1494));
#4860=EDGE_LOOP('',(#1495,#1496,#1497,#1498));
#4861=EDGE_LOOP('',(#1499,#1500,#1501,#1502));
#4862=EDGE_LOOP('',(#1503,#1504,#1505,#1506));
#4863=EDGE_LOOP('',(#1507,#1508,#1509,#1510));
#4864=EDGE_LOOP('',(#1511,#1512,#1513,#1514));
#4865=EDGE_LOOP('',(#1515,#1516,#1517,#1518));
#4866=EDGE_LOOP('',(#1519,#1520,#1521,#1522));
#4867=EDGE_LOOP('',(#1523,#1524,#1525,#1526));
#4868=EDGE_LOOP('',(#1527,#1528,#1529,#1530));
#4869=EDGE_LOOP('',(#1531,#1532,#1533,#1534));
#4870=EDGE_LOOP('',(#1535,#1536,#1537,#1538));
#4871=EDGE_LOOP('',(#1539,#1540,#1541,#1542));
#4872=EDGE_LOOP('',(#1543,#1544,#1545,#1546));
#4873=EDGE_LOOP('',(#1547,#1548,#1549,#1550));
#4874=EDGE_LOOP('',(#1551,#1552,#1553,#1554));
#4875=EDGE_LOOP('',(#1555,#1556,#1557,#1558));
#4876=EDGE_LOOP('',(#1559,#1560,#1561,#1562));
#4877=EDGE_LOOP('',(#1563,#1564,#1565,#1566));
#4878=EDGE_LOOP('',(#1567,#1568,#1569,#1570));
#4879=EDGE_LOOP('',(#1571,#1572,#1573,#1574));
#4880=EDGE_LOOP('',(#1575,#1576,#1577,#1578));
#4881=EDGE_LOOP('',(#1579,#1580,#1581,#1582));
#4882=EDGE_LOOP('',(#1583,#1584,#1585,#1586));
#4883=EDGE_LOOP('',(#1587,#1588,#1589,#1590));
#4884=EDGE_LOOP('',(#1591,#1592,#1593,#1594));
#4885=EDGE_LOOP('',(#1595,#1596,#1597,#1598));
#4886=EDGE_LOOP('',(#1599,#1600,#1601,#1602));
#4887=EDGE_LOOP('',(#1603,#1604,#1605,#1606));
#4888=EDGE_LOOP('',(#1607,#1608,#1609,#1610));
#4889=EDGE_LOOP('',(#1611,#1612,#1613,#1614));
#4890=EDGE_LOOP('',(#1615,#1616,#1617,#1618));
#4891=EDGE_LOOP('',(#1619,#1620,#1621,#1622));
#4892=EDGE_LOOP('',(#1623,#1624,#1625,#1626));
#4893=EDGE_LOOP('',(#1627));
#4894=EDGE_LOOP('',(#1628));
#4895=EDGE_LOOP('',(#1629));
#4896=EDGE_LOOP('',(#1630));
#4897=EDGE_LOOP('',(#1631));
#4898=EDGE_LOOP('',(#1632));
#4899=EDGE_LOOP('',(#1633));
#4900=EDGE_LOOP('',(#1634,#1635,#1636,#1637));
#4901=EDGE_LOOP('',(#1638,#1639,#1640,#1641));
#4902=EDGE_LOOP('',(#1642,#1643,#1644,#1645));
#4903=EDGE_LOOP('',(#1646,#1647,#1648,#1649));
#4904=EDGE_LOOP('',(#1650));
#4905=EDGE_LOOP('',(#1651));
#4906=EDGE_LOOP('',(#1652,#1653,#1654,#1655,#1656));
#4907=EDGE_LOOP('',(#1657,#1658,#1659,#1660));
#4908=EDGE_LOOP('',(#1661,#1662,#1663,#1664));
#4909=EDGE_LOOP('',(#1665,#1666,#1667,#1668));
#4910=EDGE_LOOP('',(#1669,#1670,#1671,#1672));
#4911=EDGE_LOOP('',(#1673,#1674,#1675,#1676));
#4912=EDGE_LOOP('',(#1677,#1678,#1679,#1680));
#4913=EDGE_LOOP('',(#1681));
#4914=EDGE_LOOP('',(#1682));
#4915=EDGE_LOOP('',(#1683));
#4916=EDGE_LOOP('',(#1684));
#4917=EDGE_LOOP('',(#1685));
#4918=EDGE_LOOP('',(#1686));
#4919=EDGE_LOOP('',(#1687));
#4920=EDGE_LOOP('',(#1688));
#4921=EDGE_LOOP('',(#1689));
#4922=EDGE_LOOP('',(#1690));
#4923=EDGE_LOOP('',(#1691));
#4924=EDGE_LOOP('',(#1692));
#4925=FACE_BOUND('',#4547,.T.);
#4926=FACE_BOUND('',#4548,.T.);
#4927=FACE_BOUND('',#4549,.T.);
#4928=FACE_BOUND('',#4550,.T.);
#4929=FACE_BOUND('',#4551,.T.);
#4930=FACE_BOUND('',#4552,.T.);
#4931=FACE_BOUND('',#4553,.T.);
#4932=FACE_BOUND('',#4554,.T.);
#4933=FACE_BOUND('',#4555,.T.);
#4934=FACE_BOUND('',#4556,.T.);
#4935=FACE_BOUND('',#4557,.T.);
#4936=FACE_BOUND('',#4558,.T.);
#4937=FACE_BOUND('',#4559,.T.);
#4938=FACE_BOUND('',#4560,.T.);
#4939=FACE_BOUND('',#4561,.T.);
#4940=FACE_BOUND('',#4562,.T.);
#4941=FACE_BOUND('',#4563,.T.);
#4942=FACE_BOUND('',#4564,.T.);
#4943=FACE_BOUND('',#4565,.T.);
#4944=FACE_BOUND('',#4566,.T.);
#4945=FACE_BOUND('',#4567,.T.);
#4946=FACE_BOUND('',#4568,.T.);
#4947=FACE_BOUND('',#4569,.T.);
#4948=FACE_BOUND('',#4570,.T.);
#4949=FACE_BOUND('',#4571,.T.);
#4950=FACE_BOUND('',#4572,.T.);
#4951=FACE_BOUND('',#4573,.T.);
#4952=FACE_BOUND('',#4574,.T.);
#4953=FACE_BOUND('',#4575,.T.);
#4954=FACE_BOUND('',#4576,.T.);
#4955=FACE_BOUND('',#4577,.T.);
#4956=FACE_BOUND('',#4578,.T.);
#4957=FACE_BOUND('',#4579,.T.);
#4958=FACE_BOUND('',#4580,.T.);
#4959=FACE_BOUND('',#4581,.T.);
#4960=FACE_BOUND('',#4582,.T.);
#4961=FACE_BOUND('',#4583,.T.);
#4962=FACE_BOUND('',#4584,.T.);
#4963=FACE_BOUND('',#4585,.T.);
#4964=FACE_BOUND('',#4586,.T.);
#4965=FACE_BOUND('',#4587,.T.);
#4966=FACE_BOUND('',#4588,.T.);
#4967=FACE_BOUND('',#4589,.T.);
#4968=FACE_BOUND('',#4590,.T.);
#4969=FACE_BOUND('',#4591,.T.);
#4970=FACE_BOUND('',#4592,.T.);
#4971=FACE_BOUND('',#4593,.T.);
#4972=FACE_BOUND('',#4594,.T.);
#4973=FACE_BOUND('',#4595,.T.);
#4974=FACE_BOUND('',#4596,.T.);
#4975=FACE_BOUND('',#4597,.T.);
#4976=FACE_BOUND('',#4598,.T.);
#4977=FACE_BOUND('',#4599,.T.);
#4978=FACE_BOUND('',#4600,.T.);
#4979=FACE_BOUND('',#4601,.T.);
#4980=FACE_BOUND('',#4602,.T.);
#4981=FACE_BOUND('',#4603,.T.);
#4982=FACE_BOUND('',#4604,.T.);
#4983=FACE_BOUND('',#4605,.T.);
#4984=FACE_BOUND('',#4606,.T.);
#4985=FACE_BOUND('',#4607,.T.);
#4986=FACE_BOUND('',#4608,.T.);
#4987=FACE_BOUND('',#4609,.T.);
#4988=FACE_BOUND('',#4610,.T.);
#4989=FACE_BOUND('',#4611,.T.);
#4990=FACE_BOUND('',#4612,.T.);
#4991=FACE_BOUND('',#4613,.T.);
#4992=FACE_BOUND('',#4614,.T.);
#4993=FACE_BOUND('',#4615,.T.);
#4994=FACE_BOUND('',#4616,.T.);
#4995=FACE_BOUND('',#4617,.T.);
#4996=FACE_BOUND('',#4618,.T.);
#4997=FACE_BOUND('',#4619,.T.);
#4998=FACE_BOUND('',#4620,.T.);
#4999=FACE_BOUND('',#4621,.T.);
#5000=FACE_BOUND('',#4622,.T.);
#5001=FACE_BOUND('',#4623,.T.);
#5002=FACE_BOUND('',#4624,.T.);
#5003=FACE_BOUND('',#4625,.T.);
#5004=FACE_BOUND('',#4626,.T.);
#5005=FACE_BOUND('',#4627,.T.);
#5006=FACE_BOUND('',#4628,.T.);
#5007=FACE_BOUND('',#4629,.T.);
#5008=FACE_BOUND('',#4630,.T.);
#5009=FACE_BOUND('',#4631,.T.);
#5010=FACE_BOUND('',#4632,.T.);
#5011=FACE_BOUND('',#4633,.T.);
#5012=FACE_BOUND('',#4634,.T.);
#5013=FACE_BOUND('',#4635,.T.);
#5014=FACE_BOUND('',#4636,.T.);
#5015=FACE_BOUND('',#4637,.T.);
#5016=FACE_BOUND('',#4638,.T.);
#5017=FACE_BOUND('',#4639,.T.);
#5018=FACE_BOUND('',#4640,.T.);
#5019=FACE_BOUND('',#4641,.T.);
#5020=FACE_BOUND('',#4642,.T.);
#5021=FACE_BOUND('',#4643,.T.);
#5022=FACE_BOUND('',#4644,.T.);
#5023=FACE_BOUND('',#4645,.T.);
#5024=FACE_BOUND('',#4646,.T.);
#5025=FACE_BOUND('',#4647,.T.);
#5026=FACE_BOUND('',#4648,.T.);
#5027=FACE_BOUND('',#4649,.T.);
#5028=FACE_BOUND('',#4650,.T.);
#5029=FACE_BOUND('',#4651,.T.);
#5030=FACE_BOUND('',#4652,.T.);
#5031=FACE_BOUND('',#4653,.T.);
#5032=FACE_BOUND('',#4654,.T.);
#5033=FACE_BOUND('',#4655,.T.);
#5034=FACE_BOUND('',#4656,.T.);
#5035=FACE_BOUND('',#4657,.T.);
#5036=FACE_BOUND('',#4658,.T.);
#5037=FACE_BOUND('',#4659,.T.);
#5038=FACE_BOUND('',#4660,.T.);
#5039=FACE_BOUND('',#4661,.T.);
#5040=FACE_BOUND('',#4662,.T.);
#5041=FACE_BOUND('',#4663,.T.);
#5042=FACE_BOUND('',#4664,.T.);
#5043=FACE_BOUND('',#4665,.T.);
#5044=FACE_BOUND('',#4666,.T.);
#5045=FACE_BOUND('',#4667,.T.);
#5046=FACE_BOUND('',#4668,.T.);
#5047=FACE_BOUND('',#4669,.T.);
#5048=FACE_BOUND('',#4670,.T.);
#5049=FACE_BOUND('',#4671,.T.);
#5050=FACE_BOUND('',#4672,.T.);
#5051=FACE_BOUND('',#4673,.T.);
#5052=FACE_BOUND('',#4674,.T.);
#5053=FACE_BOUND('',#4675,.T.);
#5054=FACE_BOUND('',#4676,.T.);
#5055=FACE_BOUND('',#4677,.T.);
#5056=FACE_BOUND('',#4678,.T.);
#5057=FACE_BOUND('',#4679,.T.);
#5058=FACE_BOUND('',#4680,.T.);
#5059=FACE_BOUND('',#4681,.T.);
#5060=FACE_BOUND('',#4682,.T.);
#5061=FACE_BOUND('',#4683,.T.);
#5062=FACE_BOUND('',#4684,.T.);
#5063=FACE_BOUND('',#4685,.T.);
#5064=FACE_BOUND('',#4686,.T.);
#5065=FACE_BOUND('',#4687,.T.);
#5066=FACE_BOUND('',#4688,.T.);
#5067=FACE_BOUND('',#4689,.T.);
#5068=FACE_BOUND('',#4690,.T.);
#5069=FACE_BOUND('',#4691,.T.);
#5070=FACE_BOUND('',#4692,.T.);
#5071=FACE_BOUND('',#4693,.T.);
#5072=FACE_BOUND('',#4694,.T.);
#5073=FACE_BOUND('',#4695,.T.);
#5074=FACE_BOUND('',#4696,.T.);
#5075=FACE_BOUND('',#4697,.T.);
#5076=FACE_BOUND('',#4698,.T.);
#5077=FACE_BOUND('',#4699,.T.);
#5078=FACE_BOUND('',#4700,.T.);
#5079=FACE_BOUND('',#4701,.T.);
#5080=FACE_BOUND('',#4702,.T.);
#5081=FACE_BOUND('',#4703,.T.);
#5082=FACE_BOUND('',#4704,.T.);
#5083=FACE_BOUND('',#4705,.T.);
#5084=FACE_BOUND('',#4706,.T.);
#5085=FACE_BOUND('',#4707,.T.);
#5086=FACE_BOUND('',#4708,.T.);
#5087=FACE_BOUND('',#4709,.T.);
#5088=FACE_BOUND('',#4710,.T.);
#5089=FACE_BOUND('',#4711,.T.);
#5090=FACE_BOUND('',#4712,.T.);
#5091=FACE_BOUND('',#4713,.T.);
#5092=FACE_BOUND('',#4714,.T.);
#5093=FACE_BOUND('',#4715,.T.);
#5094=FACE_BOUND('',#4716,.T.);
#5095=FACE_BOUND('',#4717,.T.);
#5096=FACE_BOUND('',#4718,.T.);
#5097=FACE_BOUND('',#4719,.T.);
#5098=FACE_BOUND('',#4720,.T.);
#5099=FACE_BOUND('',#4721,.T.);
#5100=FACE_BOUND('',#4722,.T.);
#5101=FACE_BOUND('',#4723,.T.);
#5102=FACE_BOUND('',#4724,.T.);
#5103=FACE_BOUND('',#4725,.T.);
#5104=FACE_BOUND('',#4726,.T.);
#5105=FACE_BOUND('',#4727,.T.);
#5106=FACE_BOUND('',#4728,.T.);
#5107=FACE_BOUND('',#4729,.T.);
#5108=FACE_BOUND('',#4730,.T.);
#5109=FACE_BOUND('',#4731,.T.);
#5110=FACE_BOUND('',#4732,.T.);
#5111=FACE_BOUND('',#4733,.T.);
#5112=FACE_BOUND('',#4734,.T.);
#5113=FACE_BOUND('',#4735,.T.);
#5114=FACE_BOUND('',#4736,.T.);
#5115=FACE_BOUND('',#4737,.T.);
#5116=FACE_BOUND('',#4738,.T.);
#5117=FACE_BOUND('',#4739,.T.);
#5118=FACE_BOUND('',#4740,.T.);
#5119=FACE_BOUND('',#4741,.T.);
#5120=FACE_BOUND('',#4742,.T.);
#5121=FACE_BOUND('',#4743,.T.);
#5122=FACE_BOUND('',#4744,.T.);
#5123=FACE_BOUND('',#4745,.T.);
#5124=FACE_BOUND('',#4746,.T.);
#5125=FACE_BOUND('',#4747,.T.);
#5126=FACE_BOUND('',#4748,.T.);
#5127=FACE_BOUND('',#4749,.T.);
#5128=FACE_BOUND('',#4750,.T.);
#5129=FACE_BOUND('',#4751,.T.);
#5130=FACE_BOUND('',#4752,.T.);
#5131=FACE_BOUND('',#4753,.T.);
#5132=FACE_BOUND('',#4754,.T.);
#5133=FACE_BOUND('',#4755,.T.);
#5134=FACE_BOUND('',#4756,.T.);
#5135=FACE_BOUND('',#4757,.T.);
#5136=FACE_BOUND('',#4758,.T.);
#5137=FACE_BOUND('',#4759,.T.);
#5138=FACE_BOUND('',#4760,.T.);
#5139=FACE_BOUND('',#4761,.T.);
#5140=FACE_BOUND('',#4762,.T.);
#5141=FACE_BOUND('',#4763,.T.);
#5142=FACE_BOUND('',#4764,.T.);
#5143=FACE_BOUND('',#4765,.T.);
#5144=FACE_BOUND('',#4766,.T.);
#5145=FACE_BOUND('',#4767,.T.);
#5146=FACE_BOUND('',#4768,.T.);
#5147=FACE_BOUND('',#4769,.T.);
#5148=FACE_BOUND('',#4770,.T.);
#5149=FACE_BOUND('',#4771,.T.);
#5150=FACE_BOUND('',#4772,.T.);
#5151=FACE_BOUND('',#4773,.T.);
#5152=FACE_BOUND('',#4774,.T.);
#5153=FACE_BOUND('',#4775,.T.);
#5154=FACE_BOUND('',#4776,.T.);
#5155=FACE_BOUND('',#4777,.T.);
#5156=FACE_BOUND('',#4778,.T.);
#5157=FACE_BOUND('',#4779,.T.);
#5158=FACE_BOUND('',#4780,.T.);
#5159=FACE_BOUND('',#4781,.T.);
#5160=FACE_BOUND('',#4782,.T.);
#5161=FACE_BOUND('',#4783,.T.);
#5162=FACE_BOUND('',#4784,.T.);
#5163=FACE_BOUND('',#4785,.T.);
#5164=FACE_BOUND('',#4786,.T.);
#5165=FACE_BOUND('',#4787,.T.);
#5166=FACE_BOUND('',#4788,.T.);
#5167=FACE_BOUND('',#4789,.T.);
#5168=FACE_BOUND('',#4790,.T.);
#5169=FACE_BOUND('',#4791,.T.);
#5170=FACE_BOUND('',#4792,.T.);
#5171=FACE_BOUND('',#4793,.T.);
#5172=FACE_BOUND('',#4794,.T.);
#5173=FACE_BOUND('',#4795,.T.);
#5174=FACE_BOUND('',#4796,.T.);
#5175=FACE_BOUND('',#4797,.T.);
#5176=FACE_BOUND('',#4798,.T.);
#5177=FACE_BOUND('',#4799,.T.);
#5178=FACE_BOUND('',#4800,.T.);
#5179=FACE_BOUND('',#4801,.T.);
#5180=FACE_BOUND('',#4802,.T.);
#5181=FACE_BOUND('',#4803,.T.);
#5182=FACE_BOUND('',#4804,.T.);
#5183=FACE_BOUND('',#4805,.T.);
#5184=FACE_BOUND('',#4806,.T.);
#5185=FACE_BOUND('',#4807,.T.);
#5186=FACE_BOUND('',#4808,.T.);
#5187=FACE_BOUND('',#4809,.T.);
#5188=FACE_BOUND('',#4810,.T.);
#5189=FACE_BOUND('',#4811,.T.);
#5190=FACE_BOUND('',#4812,.T.);
#5191=FACE_BOUND('',#4813,.T.);
#5192=FACE_BOUND('',#4814,.T.);
#5193=FACE_BOUND('',#4815,.T.);
#5194=FACE_BOUND('',#4816,.T.);
#5195=FACE_BOUND('',#4817,.T.);
#5196=FACE_BOUND('',#4818,.T.);
#5197=FACE_BOUND('',#4819,.T.);
#5198=FACE_BOUND('',#4820,.T.);
#5199=FACE_BOUND('',#4821,.T.);
#5200=FACE_BOUND('',#4822,.T.);
#5201=FACE_BOUND('',#4823,.T.);
#5202=FACE_BOUND('',#4824,.T.);
#5203=FACE_BOUND('',#4825,.T.);
#5204=FACE_BOUND('',#4826,.T.);
#5205=FACE_BOUND('',#4827,.T.);
#5206=FACE_BOUND('',#4828,.T.);
#5207=FACE_BOUND('',#4829,.T.);
#5208=FACE_BOUND('',#4830,.T.);
#5209=FACE_BOUND('',#4831,.T.);
#5210=FACE_BOUND('',#4832,.T.);
#5211=FACE_BOUND('',#4833,.T.);
#5212=FACE_BOUND('',#4834,.T.);
#5213=FACE_BOUND('',#4835,.T.);
#5214=FACE_BOUND('',#4836,.T.);
#5215=FACE_BOUND('',#4837,.T.);
#5216=FACE_BOUND('',#4838,.T.);
#5217=FACE_BOUND('',#4839,.T.);
#5218=FACE_BOUND('',#4840,.T.);
#5219=FACE_BOUND('',#4841,.T.);
#5220=FACE_BOUND('',#4842,.T.);
#5221=FACE_BOUND('',#4843,.T.);
#5222=FACE_BOUND('',#4844,.T.);
#5223=FACE_BOUND('',#4845,.T.);
#5224=FACE_BOUND('',#4846,.T.);
#5225=FACE_BOUND('',#4847,.T.);
#5226=FACE_BOUND('',#4848,.T.);
#5227=FACE_BOUND('',#4849,.T.);
#5228=FACE_BOUND('',#4850,.T.);
#5229=FACE_BOUND('',#4851,.T.);
#5230=FACE_BOUND('',#4852,.T.);
#5231=FACE_BOUND('',#4853,.T.);
#5232=FACE_BOUND('',#4854,.T.);
#5233=FACE_BOUND('',#4855,.T.);
#5234=FACE_BOUND('',#4856,.T.);
#5235=FACE_BOUND('',#4857,.T.);
#5236=FACE_BOUND('',#4858,.T.);
#5237=FACE_BOUND('',#4859,.T.);
#5238=FACE_BOUND('',#4860,.T.);
#5239=FACE_BOUND('',#4861,.T.);
#5240=FACE_BOUND('',#4862,.T.);
#5241=FACE_BOUND('',#4863,.T.);
#5242=FACE_BOUND('',#4864,.T.);
#5243=FACE_BOUND('',#4865,.T.);
#5244=FACE_BOUND('',#4866,.T.);
#5245=FACE_BOUND('',#4867,.T.);
#5246=FACE_BOUND('',#4868,.T.);
#5247=FACE_BOUND('',#4869,.T.);
#5248=FACE_BOUND('',#4870,.T.);
#5249=FACE_BOUND('',#4871,.T.);
#5250=FACE_BOUND('',#4872,.T.);
#5251=FACE_BOUND('',#4873,.T.);
#5252=FACE_BOUND('',#4874,.T.);
#5253=FACE_BOUND('',#4875,.T.);
#5254=FACE_BOUND('',#4876,.T.);
#5255=FACE_BOUND('',#4877,.T.);
#5256=FACE_BOUND('',#4878,.T.);
#5257=FACE_BOUND('',#4879,.T.);
#5258=FACE_BOUND('',#4880,.T.);
#5259=FACE_BOUND('',#4881,.T.);
#5260=FACE_BOUND('',#4882,.T.);
#5261=FACE_BOUND('',#4883,.T.);
#5262=FACE_BOUND('',#4884,.T.);
#5263=FACE_BOUND('',#4885,.T.);
#5264=FACE_BOUND('',#4886,.T.);
#5265=FACE_BOUND('',#4887,.T.);
#5266=FACE_BOUND('',#4888,.T.);
#5267=FACE_BOUND('',#4889,.T.);
#5268=FACE_BOUND('',#4890,.T.);
#5269=FACE_BOUND('',#4891,.T.);
#5270=FACE_BOUND('',#4892,.T.);
#5271=FACE_BOUND('',#4893,.T.);
#5272=FACE_BOUND('',#4894,.T.);
#5273=FACE_BOUND('',#4895,.T.);
#5274=FACE_BOUND('',#4896,.T.);
#5275=FACE_BOUND('',#4897,.T.);
#5276=FACE_BOUND('',#4898,.T.);
#5277=FACE_BOUND('',#4899,.T.);
#5278=FACE_BOUND('',#4900,.T.);
#5279=FACE_BOUND('',#4901,.T.);
#5280=FACE_BOUND('',#4902,.T.);
#5281=FACE_BOUND('',#4903,.T.);
#5282=FACE_BOUND('',#4904,.T.);
#5283=FACE_BOUND('',#4905,.T.);
#5284=FACE_BOUND('',#4906,.T.);
#5285=FACE_BOUND('',#4907,.T.);
#5286=FACE_BOUND('',#4908,.T.);
#5287=FACE_BOUND('',#4909,.T.);
#5288=FACE_BOUND('',#4910,.T.);
#5289=FACE_BOUND('',#4911,.T.);
#5290=FACE_BOUND('',#4912,.T.);
#5291=FACE_BOUND('',#4913,.T.);
#5292=FACE_BOUND('',#4914,.T.);
#5293=FACE_BOUND('',#4915,.T.);
#5294=FACE_BOUND('',#4916,.T.);
#5295=FACE_BOUND('',#4917,.T.);
#5296=FACE_BOUND('',#4918,.T.);
#5297=FACE_BOUND('',#4919,.T.);
#5298=FACE_BOUND('',#4920,.T.);
#5299=FACE_BOUND('',#4921,.T.);
#5300=FACE_BOUND('',#4922,.T.);
#5301=FACE_BOUND('',#4923,.T.);
#5302=FACE_BOUND('',#4924,.T.);
#5303=PLANE('',#5942);
#5304=PLANE('',#5943);
#5305=PLANE('',#5944);
#5306=PLANE('',#5947);
#5307=PLANE('',#5955);
#5308=PLANE('',#5956);
#5309=PLANE('',#5957);
#5310=PLANE('',#5958);
#5311=PLANE('',#5959);
#5312=PLANE('',#5960);
#5313=PLANE('',#5961);
#5314=PLANE('',#5962);
#5315=PLANE('',#5964);
#5316=PLANE('',#5965);
#5317=PLANE('',#5966);
#5318=PLANE('',#5967);
#5319=PLANE('',#5968);
#5320=PLANE('',#5969);
#5321=PLANE('',#5970);
#5322=PLANE('',#5971);
#5323=PLANE('',#5973);
#5324=PLANE('',#5975);
#5325=PLANE('',#5976);
#5326=PLANE('',#5977);
#5327=PLANE('',#5978);
#5328=PLANE('',#5979);
#5329=PLANE('',#5980);
#5330=PLANE('',#5981);
#5331=PLANE('',#5982);
#5332=PLANE('',#5983);
#5333=PLANE('',#5984);
#5334=PLANE('',#5985);
#5335=PLANE('',#5988);
#5336=PLANE('',#5993);
#5337=PLANE('',#5994);
#5338=PLANE('',#5998);
#5339=PLANE('',#6000);
#5340=PLANE('',#6002);
#5341=PLANE('',#6003);
#5342=PLANE('',#6004);
#5343=PLANE('',#6005);
#5344=PLANE('',#6006);
#5345=PLANE('',#6007);
#5346=PLANE('',#6008);
#5347=PLANE('',#6009);
#5348=PLANE('',#6010);
#5349=PLANE('',#6011);
#5350=PLANE('',#6012);
#5351=PLANE('',#6013);
#5352=PLANE('',#6014);
#5353=PLANE('',#6015);
#5354=PLANE('',#6016);
#5355=PLANE('',#6017);
#5356=PLANE('',#6018);
#5357=PLANE('',#6019);
#5358=PLANE('',#6020);
#5359=PLANE('',#6021);
#5360=PLANE('',#6022);
#5361=PLANE('',#6023);
#5362=PLANE('',#6024);
#5363=PLANE('',#6025);
#5364=PLANE('',#6026);
#5365=PLANE('',#6027);
#5366=PLANE('',#6028);
#5367=PLANE('',#6029);
#5368=PLANE('',#6030);
#5369=PLANE('',#6031);
#5370=PLANE('',#6032);
#5371=PLANE('',#6033);
#5372=PLANE('',#6034);
#5373=PLANE('',#6035);
#5374=PLANE('',#6037);
#5375=PLANE('',#6055);
#5376=PLANE('',#6056);
#5377=PLANE('',#6057);
#5378=PLANE('',#6058);
#5379=PLANE('',#6059);
#5380=PLANE('',#6060);
#5381=PLANE('',#6061);
#5382=PLANE('',#6062);
#5383=PLANE('',#6063);
#5384=PLANE('',#6064);
#5385=PLANE('',#6065);
#5386=PLANE('',#6066);
#5387=PLANE('',#6067);
#5388=PLANE('',#6068);
#5389=PLANE('',#6069);
#5390=PLANE('',#6070);
#5391=PLANE('',#6071);
#5392=PLANE('',#6072);
#5393=PLANE('',#6073);
#5394=PLANE('',#6074);
#5395=PLANE('',#6075);
#5396=PLANE('',#6076);
#5397=PLANE('',#6077);
#5398=PLANE('',#6078);
#5399=PLANE('',#6079);
#5400=PLANE('',#6080);
#5401=PLANE('',#6081);
#5402=PLANE('',#6082);
#5403=PLANE('',#6083);
#5404=PLANE('',#6084);
#5405=PLANE('',#6085);
#5406=PLANE('',#6086);
#5407=PLANE('',#6087);
#5408=PLANE('',#6088);
#5409=PLANE('',#6089);
#5410=PLANE('',#6090);
#5411=PLANE('',#6091);
#5412=PLANE('',#6092);
#5413=PLANE('',#6093);
#5414=PLANE('',#6094);
#5415=PLANE('',#6095);
#5416=PLANE('',#6096);
#5417=PLANE('',#6097);
#5418=PLANE('',#6098);
#5419=PLANE('',#6099);
#5420=PLANE('',#6100);
#5421=PLANE('',#6101);
#5422=PLANE('',#6102);
#5423=PLANE('',#6103);
#5424=PLANE('',#6104);
#5425=PLANE('',#6105);
#5426=PLANE('',#6106);
#5427=PLANE('',#6107);
#5428=PLANE('',#6108);
#5429=PLANE('',#6109);
#5430=PLANE('',#6110);
#5431=PLANE('',#6111);
#5432=PLANE('',#6112);
#5433=PLANE('',#6113);
#5434=PLANE('',#6114);
#5435=PLANE('',#6115);
#5436=PLANE('',#6116);
#5437=PLANE('',#6117);
#5438=PLANE('',#6118);
#5439=PLANE('',#6119);
#5440=PLANE('',#6120);
#5441=PLANE('',#6121);
#5442=PLANE('',#6122);
#5443=PLANE('',#6123);
#5444=PLANE('',#6124);
#5445=PLANE('',#6125);
#5446=PLANE('',#6126);
#5447=PLANE('',#6127);
#5448=PLANE('',#6128);
#5449=PLANE('',#6129);
#5450=PLANE('',#6130);
#5451=PLANE('',#6131);
#5452=PLANE('',#6132);
#5453=PLANE('',#6133);
#5454=PLANE('',#6134);
#5455=PLANE('',#6135);
#5456=PLANE('',#6136);
#5457=PLANE('',#6137);
#5458=PLANE('',#6138);
#5459=PLANE('',#6139);
#5460=PLANE('',#6140);
#5461=PLANE('',#6141);
#5462=PLANE('',#6142);
#5463=PLANE('',#6143);
#5464=PLANE('',#6144);
#5465=PLANE('',#6145);
#5466=PLANE('',#6146);
#5467=PLANE('',#6147);
#5468=PLANE('',#6148);
#5469=PLANE('',#6149);
#5470=PLANE('',#6150);
#5471=PLANE('',#6151);
#5472=PLANE('',#6152);
#5473=PLANE('',#6153);
#5474=PLANE('',#6154);
#5475=PLANE('',#6155);
#5476=PLANE('',#6156);
#5477=PLANE('',#6157);
#5478=PLANE('',#6158);
#5479=PLANE('',#6159);
#5480=PLANE('',#6160);
#5481=PLANE('',#6161);
#5482=PLANE('',#6162);
#5483=PLANE('',#6163);
#5484=PLANE('',#6164);
#5485=PLANE('',#6165);
#5486=PLANE('',#6166);
#5487=PLANE('',#6167);
#5488=PLANE('',#6168);
#5489=PLANE('',#6169);
#5490=PLANE('',#6170);
#5491=PLANE('',#6171);
#5492=PLANE('',#6172);
#5493=PLANE('',#6173);
#5494=PLANE('',#6174);
#5495=PLANE('',#6175);
#5496=PLANE('',#6176);
#5497=PLANE('',#6177);
#5498=PLANE('',#6178);
#5499=PLANE('',#6179);
#5500=PLANE('',#6180);
#5501=PLANE('',#6181);
#5502=PLANE('',#6182);
#5503=PLANE('',#6183);
#5504=PLANE('',#6184);
#5505=PLANE('',#6185);
#5506=PLANE('',#6186);
#5507=PLANE('',#6187);
#5508=PLANE('',#6188);
#5509=PLANE('',#6189);
#5510=PLANE('',#6190);
#5511=PLANE('',#6191);
#5512=PLANE('',#6192);
#5513=PLANE('',#6193);
#5514=PLANE('',#6194);
#5515=PLANE('',#6195);
#5516=PLANE('',#6202);
#5517=PLANE('',#6203);
#5518=PLANE('',#6204);
#5519=PLANE('',#6205);
#5520=PLANE('',#6206);
#5521=PLANE('',#6207);
#5522=PLANE('',#6208);
#5523=PLANE('',#6209);
#5524=PLANE('',#6210);
#5525=PLANE('',#6211);
#5526=PLANE('',#6212);
#5527=PLANE('',#6213);
#5528=PLANE('',#6214);
#5529=PLANE('',#6215);
#5530=PLANE('',#6216);
#5531=PLANE('',#6217);
#5532=PLANE('',#6218);
#5533=PLANE('',#6219);
#5534=PLANE('',#6220);
#5535=PLANE('',#6221);
#5536=PLANE('',#6222);
#5537=PLANE('',#6223);
#5538=PLANE('',#6225);
#5539=PLANE('',#6226);
#5540=PLANE('',#6227);
#5541=PLANE('',#6228);
#5542=PLANE('',#6229);
#5543=PLANE('',#6230);
#5544=PLANE('',#6235);
#5545=PLANE('',#6236);
#5546=PLANE('',#6237);
#5547=PLANE('',#6238);
#5548=PLANE('',#6239);
#5549=PLANE('',#6240);
#5550=PLANE('',#6241);
#5551=PLANE('',#6242);
#5552=PLANE('',#6243);
#5553=PLANE('',#6249);
#5554=PLANE('',#6250);
#5555=PLANE('',#6251);
#5556=PLANE('',#6252);
#5557=PLANE('',#6253);
#5558=PLANE('',#6254);
#5559=PLANE('',#6255);
#5560=PLANE('',#6256);
#5561=PLANE('',#6257);
#5562=PLANE('',#6258);
#5563=PLANE('',#6259);
#5564=PLANE('',#6260);
#5565=PLANE('',#6261);
#5566=PLANE('',#6262);
#5567=PLANE('',#6263);
#5568=PLANE('',#6264);
#5569=PLANE('',#6265);
#5570=PLANE('',#6266);
#5571=PLANE('',#6267);
#5572=PLANE('',#6268);
#5573=PLANE('',#6269);
#5574=PLANE('',#6270);
#5575=PLANE('',#6271);
#5576=PLANE('',#6272);
#5577=PLANE('',#6273);
#5578=PLANE('',#6274);
#5579=PLANE('',#6275);
#5580=PLANE('',#6276);
#5581=PLANE('',#6277);
#5582=PLANE('',#6278);
#5583=PLANE('',#6279);
#5584=PLANE('',#6280);
#5585=PLANE('',#6281);
#5586=PLANE('',#6282);
#5587=PLANE('',#6285);
#5588=PLANE('',#6288);
#5589=PLANE('',#6289);
#5590=PLANE('',#6291);
#5591=PLANE('',#6292);
#5592=PLANE('',#6293);
#5593=PLANE('',#6295);
#5594=PLANE('',#6296);
#5595=PLANE('',#6297);
#5596=PLANE('',#6298);
#5597=PLANE('',#6299);
#5598=PLANE('',#6300);
#5599=PLANE('',#6301);
#5600=PLANE('',#6304);
#5601=PLANE('',#6307);
#5602=PLANE('',#6310);
#5603=PLANE('',#6313);
#5604=ADVANCED_FACE('',(#4925),#5303,.F.);
#5605=ADVANCED_FACE('',(#4926),#5304,.T.);
#5606=ADVANCED_FACE('',(#4927,#4928,#4929,#4930,#4931,#4932),#5305,.T.);
#5607=ADVANCED_FACE('',(#4933,#4934,#4935,#4936,#4937,#4938,#4939,#4940),
#5306,.F.);
#5608=ADVANCED_FACE('',(#4941),#5307,.T.);
#5609=ADVANCED_FACE('',(#4942),#5308,.F.);
#5610=ADVANCED_FACE('',(#4943),#5309,.F.);
#5611=ADVANCED_FACE('',(#4944),#5310,.F.);
#5612=ADVANCED_FACE('',(#4945),#5311,.F.);
#5613=ADVANCED_FACE('',(#4946,#4947,#4948,#4949,#4950,#4951,#4952,#4953,
#4954,#4955,#4956,#4957,#4958,#4959,#4960,#4961,#4962,#4963,#4964,#4965,
#4966),#5312,.T.);
#5614=ADVANCED_FACE('',(#4967),#5313,.T.);
#5615=ADVANCED_FACE('',(#4968),#5314,.T.);
#5616=ADVANCED_FACE('',(#4969),#5315,.T.);
#5617=ADVANCED_FACE('',(#4970),#5316,.T.);
#5618=ADVANCED_FACE('',(#4971),#5317,.T.);
#5619=ADVANCED_FACE('',(#4972),#5318,.T.);
#5620=ADVANCED_FACE('',(#4973),#5319,.T.);
#5621=ADVANCED_FACE('',(#4974),#5320,.T.);
#5622=ADVANCED_FACE('',(#4975),#5321,.T.);
#5623=ADVANCED_FACE('',(#4976,#4977,#4978,#4979,#4980,#4981,#4982),#5322,
 .F.);
#5624=ADVANCED_FACE('',(#4983,#4984,#4985,#4986,#4987,#4988,#4989),#5323,
 .T.);
#5625=ADVANCED_FACE('',(#4990),#5324,.F.);
#5626=ADVANCED_FACE('',(#4991),#5325,.T.);
#5627=ADVANCED_FACE('',(#4992),#5326,.T.);
#5628=ADVANCED_FACE('',(#4993),#5327,.F.);
#5629=ADVANCED_FACE('',(#4994),#5328,.T.);
#5630=ADVANCED_FACE('',(#4995),#5329,.T.);
#5631=ADVANCED_FACE('',(#4996),#5330,.T.);
#5632=ADVANCED_FACE('',(#4997),#5331,.T.);
#5633=ADVANCED_FACE('',(#4998),#5332,.T.);
#5634=ADVANCED_FACE('',(#4999),#5333,.T.);
#5635=ADVANCED_FACE('',(#5000),#5334,.T.);
#5636=ADVANCED_FACE('',(#5001),#5335,.T.);
#5637=ADVANCED_FACE('',(#5002),#5336,.T.);
#5638=ADVANCED_FACE('',(#5003),#5337,.T.);
#5639=ADVANCED_FACE('',(#5004),#14,.T.);
#5640=ADVANCED_FACE('',(#5005),#5338,.T.);
#5641=ADVANCED_FACE('',(#5006),#5339,.T.);
#5642=ADVANCED_FACE('',(#5007),#5340,.F.);
#5643=ADVANCED_FACE('',(#5008),#5341,.T.);
#5644=ADVANCED_FACE('',(#5009),#5342,.T.);
#5645=ADVANCED_FACE('',(#5010),#5343,.F.);
#5646=ADVANCED_FACE('',(#5011),#5344,.F.);
#5647=ADVANCED_FACE('',(#5012),#5345,.F.);
#5648=ADVANCED_FACE('',(#5013),#5346,.F.);
#5649=ADVANCED_FACE('',(#5014),#5347,.T.);
#5650=ADVANCED_FACE('',(#5015),#5348,.T.);
#5651=ADVANCED_FACE('',(#5016),#5349,.T.);
#5652=ADVANCED_FACE('',(#5017),#5350,.T.);
#5653=ADVANCED_FACE('',(#5018),#5351,.T.);
#5654=ADVANCED_FACE('',(#5019),#5352,.T.);
#5655=ADVANCED_FACE('',(#5020),#5353,.F.);
#5656=ADVANCED_FACE('',(#5021),#5354,.F.);
#5657=ADVANCED_FACE('',(#5022),#5355,.F.);
#5658=ADVANCED_FACE('',(#5023),#5356,.F.);
#5659=ADVANCED_FACE('',(#5024),#5357,.T.);
#5660=ADVANCED_FACE('',(#5025),#5358,.T.);
#5661=ADVANCED_FACE('',(#5026),#5359,.T.);
#5662=ADVANCED_FACE('',(#5027),#5360,.T.);
#5663=ADVANCED_FACE('',(#5028),#5361,.T.);
#5664=ADVANCED_FACE('',(#5029),#5362,.T.);
#5665=ADVANCED_FACE('',(#5030),#5363,.F.);
#5666=ADVANCED_FACE('',(#5031),#5364,.F.);
#5667=ADVANCED_FACE('',(#5032),#5365,.F.);
#5668=ADVANCED_FACE('',(#5033),#5366,.F.);
#5669=ADVANCED_FACE('',(#5034),#5367,.T.);
#5670=ADVANCED_FACE('',(#5035),#5368,.T.);
#5671=ADVANCED_FACE('',(#5036),#5369,.T.);
#5672=ADVANCED_FACE('',(#5037),#5370,.T.);
#5673=ADVANCED_FACE('',(#5038),#5371,.T.);
#5674=ADVANCED_FACE('',(#5039),#5372,.T.);
#5675=ADVANCED_FACE('',(#5040),#5373,.F.);
#5676=ADVANCED_FACE('',(#5041),#5374,.T.);
#5677=ADVANCED_FACE('',(#5042),#15,.T.);
#5678=ADVANCED_FACE('',(#5043),#16,.T.);
#5679=ADVANCED_FACE('',(#5044),#17,.T.);
#5680=ADVANCED_FACE('',(#5045),#18,.T.);
#5681=ADVANCED_FACE('',(#5046),#19,.T.);
#5682=ADVANCED_FACE('',(#5047),#20,.T.);
#5683=ADVANCED_FACE('',(#5048),#21,.T.);
#5684=ADVANCED_FACE('',(#5049),#22,.T.);
#5685=ADVANCED_FACE('',(#5050),#5375,.T.);
#5686=ADVANCED_FACE('',(#5051),#5376,.T.);
#5687=ADVANCED_FACE('',(#5052),#5377,.T.);
#5688=ADVANCED_FACE('',(#5053),#5378,.T.);
#5689=ADVANCED_FACE('',(#5054),#5379,.F.);
#5690=ADVANCED_FACE('',(#5055),#5380,.F.);
#5691=ADVANCED_FACE('',(#5056),#5381,.F.);
#5692=ADVANCED_FACE('',(#5057),#5382,.F.);
#5693=ADVANCED_FACE('',(#5058),#5383,.F.);
#5694=ADVANCED_FACE('',(#5059),#5384,.F.);
#5695=ADVANCED_FACE('',(#5060),#5385,.T.);
#5696=ADVANCED_FACE('',(#5061),#5386,.T.);
#5697=ADVANCED_FACE('',(#5062),#5387,.T.);
#5698=ADVANCED_FACE('',(#5063),#5388,.T.);
#5699=ADVANCED_FACE('',(#5064),#5389,.F.);
#5700=ADVANCED_FACE('',(#5065),#5390,.F.);
#5701=ADVANCED_FACE('',(#5066),#5391,.F.);
#5702=ADVANCED_FACE('',(#5067),#5392,.F.);
#5703=ADVANCED_FACE('',(#5068),#5393,.F.);
#5704=ADVANCED_FACE('',(#5069),#5394,.F.);
#5705=ADVANCED_FACE('',(#5070),#5395,.T.);
#5706=ADVANCED_FACE('',(#5071),#5396,.T.);
#5707=ADVANCED_FACE('',(#5072),#5397,.T.);
#5708=ADVANCED_FACE('',(#5073),#5398,.T.);
#5709=ADVANCED_FACE('',(#5074),#5399,.F.);
#5710=ADVANCED_FACE('',(#5075),#5400,.F.);
#5711=ADVANCED_FACE('',(#5076),#5401,.F.);
#5712=ADVANCED_FACE('',(#5077),#5402,.F.);
#5713=ADVANCED_FACE('',(#5078),#5403,.F.);
#5714=ADVANCED_FACE('',(#5079),#5404,.F.);
#5715=ADVANCED_FACE('',(#5080),#5405,.F.);
#5716=ADVANCED_FACE('',(#5081),#5406,.F.);
#5717=ADVANCED_FACE('',(#5082),#5407,.F.);
#5718=ADVANCED_FACE('',(#5083),#5408,.T.);
#5719=ADVANCED_FACE('',(#5084),#5409,.F.);
#5720=ADVANCED_FACE('',(#5085),#5410,.F.);
#5721=ADVANCED_FACE('',(#5086),#5411,.F.);
#5722=ADVANCED_FACE('',(#5087),#5412,.F.);
#5723=ADVANCED_FACE('',(#5088),#5413,.T.);
#5724=ADVANCED_FACE('',(#5089),#5414,.F.);
#5725=ADVANCED_FACE('',(#5090),#5415,.F.);
#5726=ADVANCED_FACE('',(#5091),#5416,.F.);
#5727=ADVANCED_FACE('',(#5092),#5417,.F.);
#5728=ADVANCED_FACE('',(#5093),#5418,.T.);
#5729=ADVANCED_FACE('',(#5094),#5419,.F.);
#5730=ADVANCED_FACE('',(#5095),#5420,.F.);
#5731=ADVANCED_FACE('',(#5096),#5421,.F.);
#5732=ADVANCED_FACE('',(#5097),#5422,.F.);
#5733=ADVANCED_FACE('',(#5098),#5423,.T.);
#5734=ADVANCED_FACE('',(#5099),#5424,.F.);
#5735=ADVANCED_FACE('',(#5100),#5425,.F.);
#5736=ADVANCED_FACE('',(#5101),#5426,.F.);
#5737=ADVANCED_FACE('',(#5102),#5427,.F.);
#5738=ADVANCED_FACE('',(#5103),#5428,.T.);
#5739=ADVANCED_FACE('',(#5104),#5429,.F.);
#5740=ADVANCED_FACE('',(#5105),#5430,.F.);
#5741=ADVANCED_FACE('',(#5106),#5431,.F.);
#5742=ADVANCED_FACE('',(#5107),#5432,.F.);
#5743=ADVANCED_FACE('',(#5108),#5433,.T.);
#5744=ADVANCED_FACE('',(#5109),#5434,.F.);
#5745=ADVANCED_FACE('',(#5110),#5435,.F.);
#5746=ADVANCED_FACE('',(#5111),#5436,.F.);
#5747=ADVANCED_FACE('',(#5112),#5437,.F.);
#5748=ADVANCED_FACE('',(#5113),#5438,.T.);
#5749=ADVANCED_FACE('',(#5114),#5439,.F.);
#5750=ADVANCED_FACE('',(#5115),#5440,.F.);
#5751=ADVANCED_FACE('',(#5116),#5441,.F.);
#5752=ADVANCED_FACE('',(#5117),#5442,.F.);
#5753=ADVANCED_FACE('',(#5118),#5443,.T.);
#5754=ADVANCED_FACE('',(#5119),#5444,.F.);
#5755=ADVANCED_FACE('',(#5120),#5445,.F.);
#5756=ADVANCED_FACE('',(#5121),#5446,.F.);
#5757=ADVANCED_FACE('',(#5122),#5447,.F.);
#5758=ADVANCED_FACE('',(#5123),#5448,.T.);
#5759=ADVANCED_FACE('',(#5124),#5449,.F.);
#5760=ADVANCED_FACE('',(#5125),#5450,.F.);
#5761=ADVANCED_FACE('',(#5126),#5451,.F.);
#5762=ADVANCED_FACE('',(#5127),#5452,.F.);
#5763=ADVANCED_FACE('',(#5128),#5453,.T.);
#5764=ADVANCED_FACE('',(#5129),#5454,.F.);
#5765=ADVANCED_FACE('',(#5130),#5455,.T.);
#5766=ADVANCED_FACE('',(#5131),#5456,.T.);
#5767=ADVANCED_FACE('',(#5132),#5457,.T.);
#5768=ADVANCED_FACE('',(#5133),#5458,.F.);
#5769=ADVANCED_FACE('',(#5134),#5459,.F.);
#5770=ADVANCED_FACE('',(#5135),#5460,.T.);
#5771=ADVANCED_FACE('',(#5136),#5461,.F.);
#5772=ADVANCED_FACE('',(#5137),#5462,.T.);
#5773=ADVANCED_FACE('',(#5138),#5463,.T.);
#5774=ADVANCED_FACE('',(#5139),#5464,.T.);
#5775=ADVANCED_FACE('',(#5140),#5465,.F.);
#5776=ADVANCED_FACE('',(#5141),#5466,.T.);
#5777=ADVANCED_FACE('',(#5142),#5467,.T.);
#5778=ADVANCED_FACE('',(#5143),#5468,.T.);
#5779=ADVANCED_FACE('',(#5144),#5469,.T.);
#5780=ADVANCED_FACE('',(#5145),#5470,.F.);
#5781=ADVANCED_FACE('',(#5146),#5471,.T.);
#5782=ADVANCED_FACE('',(#5147),#5472,.T.);
#5783=ADVANCED_FACE('',(#5148),#5473,.T.);
#5784=ADVANCED_FACE('',(#5149),#5474,.T.);
#5785=ADVANCED_FACE('',(#5150),#5475,.F.);
#5786=ADVANCED_FACE('',(#5151),#5476,.T.);
#5787=ADVANCED_FACE('',(#5152),#5477,.T.);
#5788=ADVANCED_FACE('',(#5153),#5478,.T.);
#5789=ADVANCED_FACE('',(#5154),#5479,.T.);
#5790=ADVANCED_FACE('',(#5155),#5480,.F.);
#5791=ADVANCED_FACE('',(#5156),#5481,.T.);
#5792=ADVANCED_FACE('',(#5157),#5482,.T.);
#5793=ADVANCED_FACE('',(#5158),#5483,.T.);
#5794=ADVANCED_FACE('',(#5159),#5484,.T.);
#5795=ADVANCED_FACE('',(#5160),#5485,.F.);
#5796=ADVANCED_FACE('',(#5161),#5486,.T.);
#5797=ADVANCED_FACE('',(#5162),#5487,.T.);
#5798=ADVANCED_FACE('',(#5163),#5488,.T.);
#5799=ADVANCED_FACE('',(#5164),#5489,.T.);
#5800=ADVANCED_FACE('',(#5165),#5490,.F.);
#5801=ADVANCED_FACE('',(#5166),#5491,.T.);
#5802=ADVANCED_FACE('',(#5167),#5492,.T.);
#5803=ADVANCED_FACE('',(#5168),#5493,.T.);
#5804=ADVANCED_FACE('',(#5169),#5494,.T.);
#5805=ADVANCED_FACE('',(#5170),#5495,.F.);
#5806=ADVANCED_FACE('',(#5171),#5496,.T.);
#5807=ADVANCED_FACE('',(#5172),#5497,.T.);
#5808=ADVANCED_FACE('',(#5173),#5498,.T.);
#5809=ADVANCED_FACE('',(#5174),#5499,.T.);
#5810=ADVANCED_FACE('',(#5175),#5500,.F.);
#5811=ADVANCED_FACE('',(#5176),#5501,.T.);
#5812=ADVANCED_FACE('',(#5177),#5502,.T.);
#5813=ADVANCED_FACE('',(#5178),#5503,.T.);
#5814=ADVANCED_FACE('',(#5179),#5504,.T.);
#5815=ADVANCED_FACE('',(#5180),#5505,.F.);
#5816=ADVANCED_FACE('',(#5181),#5506,.T.);
#5817=ADVANCED_FACE('',(#5182),#5507,.T.);
#5818=ADVANCED_FACE('',(#5183),#5508,.T.);
#5819=ADVANCED_FACE('',(#5184),#5509,.T.);
#5820=ADVANCED_FACE('',(#5185),#5510,.F.);
#5821=ADVANCED_FACE('',(#5186),#5511,.T.);
#5822=ADVANCED_FACE('',(#5187),#5512,.T.);
#5823=ADVANCED_FACE('',(#5188),#5513,.F.);
#5824=ADVANCED_FACE('',(#5189),#5514,.T.);
#5825=ADVANCED_FACE('',(#5190),#5515,.F.);
#5826=ADVANCED_FACE('',(#5191),#23,.T.);
#5827=ADVANCED_FACE('',(#5192),#12,.T.);
#5828=ADVANCED_FACE('',(#5193),#24,.T.);
#5829=ADVANCED_FACE('',(#5194),#13,.T.);
#5830=ADVANCED_FACE('',(#5195),#5516,.T.);
#5831=ADVANCED_FACE('',(#5196),#5517,.T.);
#5832=ADVANCED_FACE('',(#5197),#5518,.T.);
#5833=ADVANCED_FACE('',(#5198),#5519,.T.);
#5834=ADVANCED_FACE('',(#5199),#5520,.F.);
#5835=ADVANCED_FACE('',(#5200),#5521,.T.);
#5836=ADVANCED_FACE('',(#5201),#5522,.T.);
#5837=ADVANCED_FACE('',(#5202),#5523,.T.);
#5838=ADVANCED_FACE('',(#5203),#5524,.T.);
#5839=ADVANCED_FACE('',(#5204),#5525,.F.);
#5840=ADVANCED_FACE('',(#5205),#5526,.T.);
#5841=ADVANCED_FACE('',(#5206),#5527,.T.);
#5842=ADVANCED_FACE('',(#5207),#5528,.T.);
#5843=ADVANCED_FACE('',(#5208),#5529,.T.);
#5844=ADVANCED_FACE('',(#5209),#5530,.T.);
#5845=ADVANCED_FACE('',(#5210),#5531,.T.);
#5846=ADVANCED_FACE('',(#5211),#5532,.T.);
#5847=ADVANCED_FACE('',(#5212),#5533,.T.);
#5848=ADVANCED_FACE('',(#5213),#5534,.F.);
#5849=ADVANCED_FACE('',(#5214),#5535,.T.);
#5850=ADVANCED_FACE('',(#5215),#5536,.T.);
#5851=ADVANCED_FACE('',(#5216),#5537,.T.);
#5852=ADVANCED_FACE('',(#5217),#5538,.T.);
#5853=ADVANCED_FACE('',(#5218),#5539,.T.);
#5854=ADVANCED_FACE('',(#5219),#5540,.T.);
#5855=ADVANCED_FACE('',(#5220),#5541,.T.);
#5856=ADVANCED_FACE('',(#5221),#5542,.T.);
#5857=ADVANCED_FACE('',(#5222),#5543,.F.);
#5858=ADVANCED_FACE('',(#5223,#5224),#25,.T.);
#5859=ADVANCED_FACE('',(#5225),#5544,.T.);
#5860=ADVANCED_FACE('',(#5226),#5545,.F.);
#5861=ADVANCED_FACE('',(#5227),#5546,.T.);
#5862=ADVANCED_FACE('',(#5228),#5547,.F.);
#5863=ADVANCED_FACE('',(#5229),#5548,.T.);
#5864=ADVANCED_FACE('',(#5230),#5549,.F.);
#5865=ADVANCED_FACE('',(#5231),#5550,.T.);
#5866=ADVANCED_FACE('',(#5232),#5551,.F.);
#5867=ADVANCED_FACE('',(#5233),#5552,.T.);
#5868=ADVANCED_FACE('',(#5234),#26,.F.);
#5869=ADVANCED_FACE('',(#5235),#27,.F.);
#5870=ADVANCED_FACE('',(#5236),#28,.F.);
#5871=ADVANCED_FACE('',(#5237),#5553,.T.);
#5872=ADVANCED_FACE('',(#5238),#5554,.F.);
#5873=ADVANCED_FACE('',(#5239),#5555,.T.);
#5874=ADVANCED_FACE('',(#5240),#5556,.F.);
#5875=ADVANCED_FACE('',(#5241),#5557,.T.);
#5876=ADVANCED_FACE('',(#5242),#5558,.F.);
#5877=ADVANCED_FACE('',(#5243),#5559,.T.);
#5878=ADVANCED_FACE('',(#5244),#5560,.F.);
#5879=ADVANCED_FACE('',(#5245),#5561,.T.);
#5880=ADVANCED_FACE('',(#5246),#5562,.T.);
#5881=ADVANCED_FACE('',(#5247),#5563,.T.);
#5882=ADVANCED_FACE('',(#5248),#5564,.F.);
#5883=ADVANCED_FACE('',(#5249),#5565,.T.);
#5884=ADVANCED_FACE('',(#5250),#5566,.T.);
#5885=ADVANCED_FACE('',(#5251),#5567,.T.);
#5886=ADVANCED_FACE('',(#5252),#5568,.F.);
#5887=ADVANCED_FACE('',(#5253),#5569,.F.);
#5888=ADVANCED_FACE('',(#5254),#5570,.T.);
#5889=ADVANCED_FACE('',(#5255),#5571,.F.);
#5890=ADVANCED_FACE('',(#5256),#5572,.F.);
#5891=ADVANCED_FACE('',(#5257),#5573,.F.);
#5892=ADVANCED_FACE('',(#5258),#5574,.T.);
#5893=ADVANCED_FACE('',(#5259),#5575,.F.);
#5894=ADVANCED_FACE('',(#5260),#5576,.F.);
#5895=ADVANCED_FACE('',(#5261),#5577,.F.);
#5896=ADVANCED_FACE('',(#5262),#5578,.T.);
#5897=ADVANCED_FACE('',(#5263),#5579,.F.);
#5898=ADVANCED_FACE('',(#5264),#5580,.F.);
#5899=ADVANCED_FACE('',(#5265),#5581,.T.);
#5900=ADVANCED_FACE('',(#5266),#5582,.F.);
#5901=ADVANCED_FACE('',(#5267),#5583,.T.);
#5902=ADVANCED_FACE('',(#5268),#5584,.F.);
#5903=ADVANCED_FACE('',(#5269),#5585,.T.);
#5904=ADVANCED_FACE('',(#5270),#5586,.F.);
#5905=ADVANCED_FACE('',(#5271,#5272),#29,.F.);
#5906=ADVANCED_FACE('',(#5273),#5587,.T.);
#5907=ADVANCED_FACE('',(#5274,#5275),#30,.F.);
#5908=ADVANCED_FACE('',(#5276),#5588,.T.);
#5909=ADVANCED_FACE('',(#5277,#5278),#5589,.T.);
#5910=ADVANCED_FACE('',(#5279),#5590,.F.);
#5911=ADVANCED_FACE('',(#5280),#5591,.F.);
#5912=ADVANCED_FACE('',(#5281),#5592,.T.);
#5913=ADVANCED_FACE('',(#5282,#5283),#31,.F.);
#5914=ADVANCED_FACE('',(#5284),#5593,.T.);
#5915=ADVANCED_FACE('',(#5285),#5594,.T.);
#5916=ADVANCED_FACE('',(#5286),#5595,.F.);
#5917=ADVANCED_FACE('',(#5287),#5596,.F.);
#5918=ADVANCED_FACE('',(#5288),#5597,.F.);
#5919=ADVANCED_FACE('',(#5289),#5598,.T.);
#5920=ADVANCED_FACE('',(#5290),#5599,.F.);
#5921=ADVANCED_FACE('',(#5291,#5292),#32,.F.);
#5922=ADVANCED_FACE('',(#5293),#5600,.F.);
#5923=ADVANCED_FACE('',(#5294,#5295),#33,.F.);
#5924=ADVANCED_FACE('',(#5296),#5601,.F.);
#5925=ADVANCED_FACE('',(#5297,#5298),#34,.F.);
#5926=ADVANCED_FACE('',(#5299),#5602,.F.);
#5927=ADVANCED_FACE('',(#5300,#5301),#35,.F.);
#5928=ADVANCED_FACE('',(#5302),#5603,.F.);
#5929=CLOSED_SHELL('',(#5604,#5605,#5606,#5607,#5608,#5609,#5610,#5611,
#5612,#5613,#5614,#5615,#5616,#5617,#5618,#5619,#5620,#5621,#5622,#5623,
#5624,#5625,#5626,#5627,#5628,#5629,#5630,#5631,#5632,#5633,#5634,#5635,
#5636,#5637,#5638,#5639,#5640,#5641,#5642,#5643,#5644,#5645,#5646,#5647,
#5648,#5649,#5650,#5651,#5652,#5653,#5654,#5655,#5656,#5657,#5658,#5659,
#5660,#5661,#5662,#5663,#5664,#5665,#5666,#5667,#5668,#5669,#5670,#5671,
#5672,#5673,#5674,#5675,#5676,#5677,#5678,#5679,#5680,#5681,#5682,#5683,
#5684,#5685,#5686,#5687,#5688,#5689,#5690,#5691,#5692,#5693,#5694,#5695,
#5696,#5697,#5698,#5699,#5700,#5701,#5702,#5703,#5704,#5705,#5706,#5707,
#5708,#5709,#5710,#5711,#5712,#5713,#5714,#5715,#5716,#5717,#5718,#5719,
#5720,#5721,#5722,#5723,#5724,#5725,#5726,#5727,#5728,#5729,#5730,#5731,
#5732,#5733,#5734,#5735,#5736,#5737,#5738,#5739,#5740,#5741,#5742,#5743,
#5744,#5745,#5746,#5747,#5748,#5749,#5750,#5751,#5752,#5753,#5754,#5755,
#5756,#5757,#5758,#5759,#5760,#5761,#5762,#5763,#5764,#5765,#5766,#5767,
#5768,#5769,#5770,#5771,#5772,#5773,#5774,#5775,#5776,#5777,#5778,#5779,
#5780,#5781,#5782,#5783,#5784,#5785,#5786,#5787,#5788,#5789,#5790,#5791,
#5792,#5793,#5794,#5795,#5796,#5797,#5798,#5799,#5800,#5801,#5802,#5803,
#5804,#5805,#5806,#5807,#5808,#5809,#5810,#5811,#5812,#5813,#5814,#5815,
#5816,#5817,#5818,#5819,#5820,#5821,#5822,#5823,#5824,#5825,#5826,#5827,
#5828,#5829,#5830,#5831,#5832,#5833,#5834,#5835,#5836,#5837,#5838,#5839,
#5840,#5841,#5842,#5843,#5844,#5845,#5846,#5847,#5848,#5849,#5850,#5851,
#5852,#5853,#5854,#5855,#5856,#5857,#5858,#5859,#5860,#5861,#5862,#5863,
#5864,#5865,#5866,#5867,#5868,#5869,#5870,#5871,#5872,#5873,#5874,#5875,
#5876,#5877,#5878,#5879,#5880,#5881,#5882,#5883,#5884,#5885,#5886,#5887,
#5888,#5889,#5890,#5891,#5892,#5893,#5894,#5895,#5896,#5897,#5898,#5899,
#5900,#5901,#5902,#5903,#5904,#5905,#5906,#5907,#5908,#5909,#5910,#5911,
#5912,#5913,#5914,#5915,#5916,#5917,#5918,#5919,#5920,#5921,#5922,#5923,
#5924,#5925,#5926,#5927,#5928));
#5930=STYLED_ITEM('',(#5931),#5938);
#5931=PRESENTATION_STYLE_ASSIGNMENT((#5932));
#5932=SURFACE_STYLE_USAGE(.BOTH.,#5933);
#5933=SURFACE_SIDE_STYLE('',(#5934));
#5934=SURFACE_STYLE_FILL_AREA(#5935);
#5935=FILL_AREA_STYLE('',(#5936));
#5936=FILL_AREA_STYLE_COLOUR('',#5937);
#5937=COLOUR_RGB('',0.231372549019608,0.380392156862745,0.705882352941177);
#5938=MANIFOLD_SOLID_BREP('Engine_Base',#5929);
#5939=SHAPE_DEFINITION_REPRESENTATION(#9488,#5940);
#5940=SHAPE_REPRESENTATION('Engine_Base',(#5941),#9483);
#5941=AXIS2_PLACEMENT_3D('',#7818,#6314,#6315);
#5942=AXIS2_PLACEMENT_3D('',#7819,#6316,#6317);
#5943=AXIS2_PLACEMENT_3D('',#7836,#6326,#6327);
#5944=AXIS2_PLACEMENT_3D('',#7853,#6336,#6337);
#5945=AXIS2_PLACEMENT_3D('',#7860,#6341,#6342);
#5946=AXIS2_PLACEMENT_3D('',#7868,#6346,#6347);
#5947=AXIS2_PLACEMENT_3D('',#7920,#6374,#6375);
#5948=AXIS2_PLACEMENT_3D('',#7921,#6376,#6377);
#5949=AXIS2_PLACEMENT_3D('',#7923,#6378,#6379);
#5950=AXIS2_PLACEMENT_3D('',#7925,#6380,#6381);
#5951=AXIS2_PLACEMENT_3D('',#7927,#6382,#6383);
#5952=AXIS2_PLACEMENT_3D('',#7929,#6384,#6385);
#5953=AXIS2_PLACEMENT_3D('',#7931,#6386,#6387);
#5954=AXIS2_PLACEMENT_3D('',#7933,#6388,#6389);
#5955=AXIS2_PLACEMENT_3D('',#7973,#6409,#6410);
#5956=AXIS2_PLACEMENT_3D('',#7981,#6415,#6416);
#5957=AXIS2_PLACEMENT_3D('',#7986,#6420,#6421);
#5958=AXIS2_PLACEMENT_3D('',#7992,#6425,#6426);
#5959=AXIS2_PLACEMENT_3D('',#7998,#6430,#6431);
#5960=AXIS2_PLACEMENT_3D('',#8004,#6435,#6436);
#5961=AXIS2_PLACEMENT_3D('',#8194,#6532,#6533);
#5962=AXIS2_PLACEMENT_3D('',#8197,#6536,#6537);
#5963=AXIS2_PLACEMENT_3D('',#8203,#6540,#6541);
#5964=AXIS2_PLACEMENT_3D('',#8206,#6543,#6544);
#5965=AXIS2_PLACEMENT_3D('',#8239,#6561,#6562);
#5966=AXIS2_PLACEMENT_3D('',#8248,#6567,#6568);
#5967=AXIS2_PLACEMENT_3D('',#8257,#6573,#6574);
#5968=AXIS2_PLACEMENT_3D('',#8266,#6579,#6580);
#5969=AXIS2_PLACEMENT_3D('',#8275,#6585,#6586);
#5970=AXIS2_PLACEMENT_3D('',#8281,#6590,#6591);
#5971=AXIS2_PLACEMENT_3D('',#8287,#6595,#6596);
#5972=AXIS2_PLACEMENT_3D('',#8340,#6623,#6624);
#5973=AXIS2_PLACEMENT_3D('',#8343,#6626,#6627);
#5974=AXIS2_PLACEMENT_3D('',#8398,#6655,#6656);
#5975=AXIS2_PLACEMENT_3D('',#8399,#6657,#6658);
#5976=AXIS2_PLACEMENT_3D('',#8409,#6666,#6667);
#5977=AXIS2_PLACEMENT_3D('',#8419,#6675,#6676);
#5978=AXIS2_PLACEMENT_3D('',#8438,#6688,#6689);
#5979=AXIS2_PLACEMENT_3D('',#8450,#6698,#6699);
#5980=AXIS2_PLACEMENT_3D('',#8454,#6702,#6703);
#5981=AXIS2_PLACEMENT_3D('',#8456,#6705,#6706);
#5982=AXIS2_PLACEMENT_3D('',#8458,#6708,#6709);
#5983=AXIS2_PLACEMENT_3D('',#8464,#6713,#6714);
#5984=AXIS2_PLACEMENT_3D('',#8467,#6717,#6718);
#5985=AXIS2_PLACEMENT_3D('',#8476,#6723,#6724);
#5986=AXIS2_PLACEMENT_3D('',#8479,#6726,#6727);
#5987=AXIS2_PLACEMENT_3D('',#8483,#6729,#6730);
#5988=AXIS2_PLACEMENT_3D('',#8486,#6732,#6733);
#5989=AXIS2_PLACEMENT_3D('',#8495,#6739,#6740);
#5990=AXIS2_PLACEMENT_3D('',#8497,#6741,#6742);
#5991=AXIS2_PLACEMENT_3D('',#8502,#6745,#6746);
#5992=AXIS2_PLACEMENT_3D('',#8504,#6747,#6748);
#5993=AXIS2_PLACEMENT_3D('',#8508,#6751,#6752);
#5994=AXIS2_PLACEMENT_3D('',#8514,#6756,#6757);
#5995=AXIS2_PLACEMENT_3D('',#8523,#6762,#6763);
#5996=AXIS2_PLACEMENT_3D('',#8524,#6764,#6765);
#5997=AXIS2_PLACEMENT_3D('',#8525,#6766,#6767);
#5998=AXIS2_PLACEMENT_3D('',#8526,#6768,#6769);
#5999=AXIS2_PLACEMENT_3D('',#8529,#6771,#6772);
#6000=AXIS2_PLACEMENT_3D('',#8530,#6773,#6774);
#6001=AXIS2_PLACEMENT_3D('',#8531,#6775,#6776);
#6002=AXIS2_PLACEMENT_3D('',#8534,#6778,#6779);
#6003=AXIS2_PLACEMENT_3D('',#8540,#6783,#6784);
#6004=AXIS2_PLACEMENT_3D('',#8546,#6788,#6789);
#6005=AXIS2_PLACEMENT_3D('',#8547,#6790,#6791);
#6006=AXIS2_PLACEMENT_3D('',#8553,#6795,#6796);
#6007=AXIS2_PLACEMENT_3D('',#8557,#6799,#6800);
#6008=AXIS2_PLACEMENT_3D('',#8561,#6803,#6804);
#6009=AXIS2_PLACEMENT_3D('',#8563,#6806,#6807);
#6010=AXIS2_PLACEMENT_3D('',#8564,#6808,#6809);
#6011=AXIS2_PLACEMENT_3D('',#8570,#6813,#6814);
#6012=AXIS2_PLACEMENT_3D('',#8574,#6817,#6818);
#6013=AXIS2_PLACEMENT_3D('',#8578,#6821,#6822);
#6014=AXIS2_PLACEMENT_3D('',#8580,#6824,#6825);
#6015=AXIS2_PLACEMENT_3D('',#8581,#6826,#6827);
#6016=AXIS2_PLACEMENT_3D('',#8587,#6831,#6832);
#6017=AXIS2_PLACEMENT_3D('',#8591,#6835,#6836);
#6018=AXIS2_PLACEMENT_3D('',#8595,#6839,#6840);
#6019=AXIS2_PLACEMENT_3D('',#8597,#6842,#6843);
#6020=AXIS2_PLACEMENT_3D('',#8598,#6844,#6845);
#6021=AXIS2_PLACEMENT_3D('',#8604,#6849,#6850);
#6022=AXIS2_PLACEMENT_3D('',#8608,#6853,#6854);
#6023=AXIS2_PLACEMENT_3D('',#8612,#6857,#6858);
#6024=AXIS2_PLACEMENT_3D('',#8614,#6860,#6861);
#6025=AXIS2_PLACEMENT_3D('',#8615,#6862,#6863);
#6026=AXIS2_PLACEMENT_3D('',#8621,#6867,#6868);
#6027=AXIS2_PLACEMENT_3D('',#8625,#6871,#6872);
#6028=AXIS2_PLACEMENT_3D('',#8629,#6875,#6876);
#6029=AXIS2_PLACEMENT_3D('',#8631,#6878,#6879);
#6030=AXIS2_PLACEMENT_3D('',#8632,#6880,#6881);
#6031=AXIS2_PLACEMENT_3D('',#8638,#6885,#6886);
#6032=AXIS2_PLACEMENT_3D('',#8642,#6889,#6890);
#6033=AXIS2_PLACEMENT_3D('',#8646,#6893,#6894);
#6034=AXIS2_PLACEMENT_3D('',#8648,#6896,#6897);
#6035=AXIS2_PLACEMENT_3D('',#8649,#6898,#6899);
#6036=AXIS2_PLACEMENT_3D('',#8650,#6900,#6901);
#6037=AXIS2_PLACEMENT_3D('',#8653,#6903,#6904);
#6038=AXIS2_PLACEMENT_3D('',#8656,#6906,#6907);
#6039=AXIS2_PLACEMENT_3D('',#8657,#6908,#6909);
#6040=AXIS2_PLACEMENT_3D('',#8658,#6910,#6911);
#6041=AXIS2_PLACEMENT_3D('',#8659,#6912,#6913);
#6042=AXIS2_PLACEMENT_3D('',#8660,#6914,#6915);
#6043=AXIS2_PLACEMENT_3D('',#8661,#6916,#6917);
#6044=AXIS2_PLACEMENT_3D('',#8662,#6918,#6919);
#6045=AXIS2_PLACEMENT_3D('',#8663,#6920,#6921);
#6046=AXIS2_PLACEMENT_3D('',#8664,#6922,#6923);
#6047=AXIS2_PLACEMENT_3D('',#8665,#6924,#6925);
#6048=AXIS2_PLACEMENT_3D('',#8666,#6926,#6927);
#6049=AXIS2_PLACEMENT_3D('',#8667,#6928,#6929);
#6050=AXIS2_PLACEMENT_3D('',#8668,#6930,#6931);
#6051=AXIS2_PLACEMENT_3D('',#8669,#6932,#6933);
#6052=AXIS2_PLACEMENT_3D('',#8670,#6934,#6935);
#6053=AXIS2_PLACEMENT_3D('',#8671,#6936,#6937);
#6054=AXIS2_PLACEMENT_3D('',#8672,#6938,#6939);
#6055=AXIS2_PLACEMENT_3D('',#8673,#6940,#6941);
#6056=AXIS2_PLACEMENT_3D('',#8679,#6945,#6946);
#6057=AXIS2_PLACEMENT_3D('',#8683,#6949,#6950);
#6058=AXIS2_PLACEMENT_3D('',#8687,#6953,#6954);
#6059=AXIS2_PLACEMENT_3D('',#8689,#6956,#6957);
#6060=AXIS2_PLACEMENT_3D('',#8690,#6958,#6959);
#6061=AXIS2_PLACEMENT_3D('',#8696,#6963,#6964);
#6062=AXIS2_PLACEMENT_3D('',#8700,#6967,#6968);
#6063=AXIS2_PLACEMENT_3D('',#8704,#6971,#6972);
#6064=AXIS2_PLACEMENT_3D('',#8706,#6974,#6975);
#6065=AXIS2_PLACEMENT_3D('',#8707,#6976,#6977);
#6066=AXIS2_PLACEMENT_3D('',#8713,#6981,#6982);
#6067=AXIS2_PLACEMENT_3D('',#8717,#6985,#6986);
#6068=AXIS2_PLACEMENT_3D('',#8721,#6989,#6990);
#6069=AXIS2_PLACEMENT_3D('',#8723,#6992,#6993);
#6070=AXIS2_PLACEMENT_3D('',#8724,#6994,#6995);
#6071=AXIS2_PLACEMENT_3D('',#8730,#6999,#7000);
#6072=AXIS2_PLACEMENT_3D('',#8734,#7003,#7004);
#6073=AXIS2_PLACEMENT_3D('',#8738,#7007,#7008);
#6074=AXIS2_PLACEMENT_3D('',#8740,#7010,#7011);
#6075=AXIS2_PLACEMENT_3D('',#8741,#7012,#7013);
#6076=AXIS2_PLACEMENT_3D('',#8747,#7017,#7018);
#6077=AXIS2_PLACEMENT_3D('',#8751,#7021,#7022);
#6078=AXIS2_PLACEMENT_3D('',#8755,#7025,#7026);
#6079=AXIS2_PLACEMENT_3D('',#8757,#7028,#7029);
#6080=AXIS2_PLACEMENT_3D('',#8758,#7030,#7031);
#6081=AXIS2_PLACEMENT_3D('',#8764,#7035,#7036);
#6082=AXIS2_PLACEMENT_3D('',#8768,#7039,#7040);
#6083=AXIS2_PLACEMENT_3D('',#8772,#7043,#7044);
#6084=AXIS2_PLACEMENT_3D('',#8774,#7046,#7047);
#6085=AXIS2_PLACEMENT_3D('',#8775,#7048,#7049);
#6086=AXIS2_PLACEMENT_3D('',#8781,#7053,#7054);
#6087=AXIS2_PLACEMENT_3D('',#8787,#7058,#7059);
#6088=AXIS2_PLACEMENT_3D('',#8790,#7062,#7063);
#6089=AXIS2_PLACEMENT_3D('',#8791,#7064,#7065);
#6090=AXIS2_PLACEMENT_3D('',#8792,#7066,#7067);
#6091=AXIS2_PLACEMENT_3D('',#8798,#7071,#7072);
#6092=AXIS2_PLACEMENT_3D('',#8804,#7076,#7077);
#6093=AXIS2_PLACEMENT_3D('',#8807,#7080,#7081);
#6094=AXIS2_PLACEMENT_3D('',#8808,#7082,#7083);
#6095=AXIS2_PLACEMENT_3D('',#8809,#7084,#7085);
#6096=AXIS2_PLACEMENT_3D('',#8815,#7089,#7090);
#6097=AXIS2_PLACEMENT_3D('',#8821,#7094,#7095);
#6098=AXIS2_PLACEMENT_3D('',#8824,#7098,#7099);
#6099=AXIS2_PLACEMENT_3D('',#8825,#7100,#7101);
#6100=AXIS2_PLACEMENT_3D('',#8826,#7102,#7103);
#6101=AXIS2_PLACEMENT_3D('',#8832,#7107,#7108);
#6102=AXIS2_PLACEMENT_3D('',#8838,#7112,#7113);
#6103=AXIS2_PLACEMENT_3D('',#8841,#7116,#7117);
#6104=AXIS2_PLACEMENT_3D('',#8842,#7118,#7119);
#6105=AXIS2_PLACEMENT_3D('',#8843,#7120,#7121);
#6106=AXIS2_PLACEMENT_3D('',#8849,#7125,#7126);
#6107=AXIS2_PLACEMENT_3D('',#8855,#7130,#7131);
#6108=AXIS2_PLACEMENT_3D('',#8858,#7134,#7135);
#6109=AXIS2_PLACEMENT_3D('',#8859,#7136,#7137);
#6110=AXIS2_PLACEMENT_3D('',#8860,#7138,#7139);
#6111=AXIS2_PLACEMENT_3D('',#8866,#7143,#7144);
#6112=AXIS2_PLACEMENT_3D('',#8872,#7148,#7149);
#6113=AXIS2_PLACEMENT_3D('',#8875,#7152,#7153);
#6114=AXIS2_PLACEMENT_3D('',#8876,#7154,#7155);
#6115=AXIS2_PLACEMENT_3D('',#8877,#7156,#7157);
#6116=AXIS2_PLACEMENT_3D('',#8883,#7161,#7162);
#6117=AXIS2_PLACEMENT_3D('',#8889,#7166,#7167);
#6118=AXIS2_PLACEMENT_3D('',#8892,#7170,#7171);
#6119=AXIS2_PLACEMENT_3D('',#8893,#7172,#7173);
#6120=AXIS2_PLACEMENT_3D('',#8894,#7174,#7175);
#6121=AXIS2_PLACEMENT_3D('',#8900,#7179,#7180);
#6122=AXIS2_PLACEMENT_3D('',#8906,#7184,#7185);
#6123=AXIS2_PLACEMENT_3D('',#8909,#7188,#7189);
#6124=AXIS2_PLACEMENT_3D('',#8910,#7190,#7191);
#6125=AXIS2_PLACEMENT_3D('',#8911,#7192,#7193);
#6126=AXIS2_PLACEMENT_3D('',#8917,#7197,#7198);
#6127=AXIS2_PLACEMENT_3D('',#8923,#7202,#7203);
#6128=AXIS2_PLACEMENT_3D('',#8926,#7206,#7207);
#6129=AXIS2_PLACEMENT_3D('',#8927,#7208,#7209);
#6130=AXIS2_PLACEMENT_3D('',#8928,#7210,#7211);
#6131=AXIS2_PLACEMENT_3D('',#8934,#7215,#7216);
#6132=AXIS2_PLACEMENT_3D('',#8940,#7220,#7221);
#6133=AXIS2_PLACEMENT_3D('',#8943,#7224,#7225);
#6134=AXIS2_PLACEMENT_3D('',#8944,#7226,#7227);
#6135=AXIS2_PLACEMENT_3D('',#8945,#7228,#7229);
#6136=AXIS2_PLACEMENT_3D('',#8951,#7233,#7234);
#6137=AXIS2_PLACEMENT_3D('',#8955,#7237,#7238);
#6138=AXIS2_PLACEMENT_3D('',#8959,#7241,#7242);
#6139=AXIS2_PLACEMENT_3D('',#8962,#7245,#7246);
#6140=AXIS2_PLACEMENT_3D('',#8965,#7249,#7250);
#6141=AXIS2_PLACEMENT_3D('',#8966,#7251,#7252);
#6142=AXIS2_PLACEMENT_3D('',#8967,#7253,#7254);
#6143=AXIS2_PLACEMENT_3D('',#8973,#7258,#7259);
#6144=AXIS2_PLACEMENT_3D('',#8979,#7263,#7264);
#6145=AXIS2_PLACEMENT_3D('',#8982,#7267,#7268);
#6146=AXIS2_PLACEMENT_3D('',#8983,#7269,#7270);
#6147=AXIS2_PLACEMENT_3D('',#8984,#7271,#7272);
#6148=AXIS2_PLACEMENT_3D('',#8990,#7276,#7277);
#6149=AXIS2_PLACEMENT_3D('',#8996,#7281,#7282);
#6150=AXIS2_PLACEMENT_3D('',#8999,#7285,#7286);
#6151=AXIS2_PLACEMENT_3D('',#9000,#7287,#7288);
#6152=AXIS2_PLACEMENT_3D('',#9001,#7289,#7290);
#6153=AXIS2_PLACEMENT_3D('',#9007,#7294,#7295);
#6154=AXIS2_PLACEMENT_3D('',#9013,#7299,#7300);
#6155=AXIS2_PLACEMENT_3D('',#9016,#7303,#7304);
#6156=AXIS2_PLACEMENT_3D('',#9017,#7305,#7306);
#6157=AXIS2_PLACEMENT_3D('',#9018,#7307,#7308);
#6158=AXIS2_PLACEMENT_3D('',#9024,#7312,#7313);
#6159=AXIS2_PLACEMENT_3D('',#9030,#7317,#7318);
#6160=AXIS2_PLACEMENT_3D('',#9033,#7321,#7322);
#6161=AXIS2_PLACEMENT_3D('',#9034,#7323,#7324);
#6162=AXIS2_PLACEMENT_3D('',#9035,#7325,#7326);
#6163=AXIS2_PLACEMENT_3D('',#9041,#7330,#7331);
#6164=AXIS2_PLACEMENT_3D('',#9047,#7335,#7336);
#6165=AXIS2_PLACEMENT_3D('',#9050,#7339,#7340);
#6166=AXIS2_PLACEMENT_3D('',#9051,#7341,#7342);
#6167=AXIS2_PLACEMENT_3D('',#9052,#7343,#7344);
#6168=AXIS2_PLACEMENT_3D('',#9058,#7348,#7349);
#6169=AXIS2_PLACEMENT_3D('',#9064,#7353,#7354);
#6170=AXIS2_PLACEMENT_3D('',#9067,#7357,#7358);
#6171=AXIS2_PLACEMENT_3D('',#9068,#7359,#7360);
#6172=AXIS2_PLACEMENT_3D('',#9069,#7361,#7362);
#6173=AXIS2_PLACEMENT_3D('',#9075,#7366,#7367);
#6174=AXIS2_PLACEMENT_3D('',#9081,#7371,#7372);
#6175=AXIS2_PLACEMENT_3D('',#9084,#7375,#7376);
#6176=AXIS2_PLACEMENT_3D('',#9085,#7377,#7378);
#6177=AXIS2_PLACEMENT_3D('',#9086,#7379,#7380);
#6178=AXIS2_PLACEMENT_3D('',#9092,#7384,#7385);
#6179=AXIS2_PLACEMENT_3D('',#9098,#7389,#7390);
#6180=AXIS2_PLACEMENT_3D('',#9101,#7393,#7394);
#6181=AXIS2_PLACEMENT_3D('',#9102,#7395,#7396);
#6182=AXIS2_PLACEMENT_3D('',#9103,#7397,#7398);
#6183=AXIS2_PLACEMENT_3D('',#9109,#7402,#7403);
#6184=AXIS2_PLACEMENT_3D('',#9115,#7407,#7408);
#6185=AXIS2_PLACEMENT_3D('',#9118,#7411,#7412);
#6186=AXIS2_PLACEMENT_3D('',#9119,#7413,#7414);
#6187=AXIS2_PLACEMENT_3D('',#9120,#7415,#7416);
#6188=AXIS2_PLACEMENT_3D('',#9126,#7420,#7421);
#6189=AXIS2_PLACEMENT_3D('',#9132,#7425,#7426);
#6190=AXIS2_PLACEMENT_3D('',#9135,#7429,#7430);
#6191=AXIS2_PLACEMENT_3D('',#9136,#7431,#7432);
#6192=AXIS2_PLACEMENT_3D('',#9137,#7433,#7434);
#6193=AXIS2_PLACEMENT_3D('',#9139,#7436,#7437);
#6194=AXIS2_PLACEMENT_3D('',#9140,#7438,#7439);
#6195=AXIS2_PLACEMENT_3D('',#9142,#7441,#7442);
#6196=AXIS2_PLACEMENT_3D('',#9143,#7443,#7444);
#6197=AXIS2_PLACEMENT_3D('',#9144,#7445,#7446);
#6198=AXIS2_PLACEMENT_3D('',#9145,#7447,#7448);
#6199=AXIS2_PLACEMENT_3D('',#9146,#7449,#7450);
#6200=AXIS2_PLACEMENT_3D('',#9147,#7451,#7452);
#6201=AXIS2_PLACEMENT_3D('',#9148,#7453,#7454);
#6202=AXIS2_PLACEMENT_3D('',#9149,#7455,#7456);
#6203=AXIS2_PLACEMENT_3D('',#9159,#7462,#7463);
#6204=AXIS2_PLACEMENT_3D('',#9165,#7467,#7468);
#6205=AXIS2_PLACEMENT_3D('',#9172,#7473,#7474);
#6206=AXIS2_PLACEMENT_3D('',#9174,#7476,#7477);
#6207=AXIS2_PLACEMENT_3D('',#9176,#7479,#7480);
#6208=AXIS2_PLACEMENT_3D('',#9186,#7486,#7487);
#6209=AXIS2_PLACEMENT_3D('',#9192,#7491,#7492);
#6210=AXIS2_PLACEMENT_3D('',#9199,#7497,#7498);
#6211=AXIS2_PLACEMENT_3D('',#9201,#7500,#7501);
#6212=AXIS2_PLACEMENT_3D('',#9203,#7503,#7504);
#6213=AXIS2_PLACEMENT_3D('',#9212,#7509,#7510);
#6214=AXIS2_PLACEMENT_3D('',#9222,#7516,#7517);
#6215=AXIS2_PLACEMENT_3D('',#9228,#7521,#7522);
#6216=AXIS2_PLACEMENT_3D('',#9238,#7528,#7529);
#6217=AXIS2_PLACEMENT_3D('',#9244,#7533,#7534);
#6218=AXIS2_PLACEMENT_3D('',#9247,#7537,#7538);
#6219=AXIS2_PLACEMENT_3D('',#9250,#7541,#7542);
#6220=AXIS2_PLACEMENT_3D('',#9252,#7544,#7545);
#6221=AXIS2_PLACEMENT_3D('',#9254,#7547,#7548);
#6222=AXIS2_PLACEMENT_3D('',#9263,#7553,#7554);
#6223=AXIS2_PLACEMENT_3D('',#9273,#7560,#7561);
#6224=AXIS2_PLACEMENT_3D('',#9274,#7562,#7563);
#6225=AXIS2_PLACEMENT_3D('',#9279,#7566,#7567);
#6226=AXIS2_PLACEMENT_3D('',#9289,#7573,#7574);
#6227=AXIS2_PLACEMENT_3D('',#9295,#7578,#7579);
#6228=AXIS2_PLACEMENT_3D('',#9298,#7582,#7583);
#6229=AXIS2_PLACEMENT_3D('',#9301,#7586,#7587);
#6230=AXIS2_PLACEMENT_3D('',#9303,#7589,#7590);
#6231=AXIS2_PLACEMENT_3D('',#9305,#7592,#7593);
#6232=AXIS2_PLACEMENT_3D('',#9306,#7594,#7595);
#6233=AXIS2_PLACEMENT_3D('',#9308,#7596,#7597);
#6234=AXIS2_PLACEMENT_3D('',#9309,#7598,#7599);
#6235=AXIS2_PLACEMENT_3D('',#9310,#7600,#7601);
#6236=AXIS2_PLACEMENT_3D('',#9311,#7602,#7603);
#6237=AXIS2_PLACEMENT_3D('',#9312,#7604,#7605);
#6238=AXIS2_PLACEMENT_3D('',#9313,#7606,#7607);
#6239=AXIS2_PLACEMENT_3D('',#9314,#7608,#7609);
#6240=AXIS2_PLACEMENT_3D('',#9315,#7610,#7611);
#6241=AXIS2_PLACEMENT_3D('',#9316,#7612,#7613);
#6242=AXIS2_PLACEMENT_3D('',#9317,#7614,#7615);
#6243=AXIS2_PLACEMENT_3D('',#9318,#7616,#7617);
#6244=AXIS2_PLACEMENT_3D('',#9319,#7618,#7619);
#6245=AXIS2_PLACEMENT_3D('',#9320,#7620,#7621);
#6246=AXIS2_PLACEMENT_3D('',#9321,#7622,#7623);
#6247=AXIS2_PLACEMENT_3D('',#9322,#7624,#7625);
#6248=AXIS2_PLACEMENT_3D('',#9323,#7626,#7627);
#6249=AXIS2_PLACEMENT_3D('',#9324,#7628,#7629);
#6250=AXIS2_PLACEMENT_3D('',#9330,#7633,#7634);
#6251=AXIS2_PLACEMENT_3D('',#9333,#7637,#7638);
#6252=AXIS2_PLACEMENT_3D('',#9334,#7639,#7640);
#6253=AXIS2_PLACEMENT_3D('',#9335,#7641,#7642);
#6254=AXIS2_PLACEMENT_3D('',#9341,#7646,#7647);
#6255=AXIS2_PLACEMENT_3D('',#9344,#7650,#7651);
#6256=AXIS2_PLACEMENT_3D('',#9345,#7652,#7653);
#6257=AXIS2_PLACEMENT_3D('',#9346,#7654,#7655);
#6258=AXIS2_PLACEMENT_3D('',#9352,#7659,#7660);
#6259=AXIS2_PLACEMENT_3D('',#9358,#7664,#7665);
#6260=AXIS2_PLACEMENT_3D('',#9361,#7668,#7669);
#6261=AXIS2_PLACEMENT_3D('',#9362,#7670,#7671);
#6262=AXIS2_PLACEMENT_3D('',#9363,#7672,#7673);
#6263=AXIS2_PLACEMENT_3D('',#9369,#7677,#7678);
#6264=AXIS2_PLACEMENT_3D('',#9375,#7682,#7683);
#6265=AXIS2_PLACEMENT_3D('',#9378,#7686,#7687);
#6266=AXIS2_PLACEMENT_3D('',#9379,#7688,#7689);
#6267=AXIS2_PLACEMENT_3D('',#9380,#7690,#7691);
#6268=AXIS2_PLACEMENT_3D('',#9386,#7695,#7696);
#6269=AXIS2_PLACEMENT_3D('',#9390,#7699,#7700);
#6270=AXIS2_PLACEMENT_3D('',#9394,#7703,#7704);
#6271=AXIS2_PLACEMENT_3D('',#9396,#7706,#7707);
#6272=AXIS2_PLACEMENT_3D('',#9397,#7708,#7709);
#6273=AXIS2_PLACEMENT_3D('',#9403,#7713,#7714);
#6274=AXIS2_PLACEMENT_3D('',#9407,#7717,#7718);
#6275=AXIS2_PLACEMENT_3D('',#9411,#7721,#7722);
#6276=AXIS2_PLACEMENT_3D('',#9413,#7724,#7725);
#6277=AXIS2_PLACEMENT_3D('',#9414,#7726,#7727);
#6278=AXIS2_PLACEMENT_3D('',#9416,#7729,#7730);
#6279=AXIS2_PLACEMENT_3D('',#9418,#7732,#7733);
#6280=AXIS2_PLACEMENT_3D('',#9419,#7734,#7735);
#6281=AXIS2_PLACEMENT_3D('',#9421,#7737,#7738);
#6282=AXIS2_PLACEMENT_3D('',#9423,#7740,#7741);
#6283=AXIS2_PLACEMENT_3D('',#9424,#7742,#7743);
#6284=AXIS2_PLACEMENT_3D('',#9425,#7744,#7745);
#6285=AXIS2_PLACEMENT_3D('',#9427,#7746,#7747);
#6286=AXIS2_PLACEMENT_3D('',#9428,#7748,#7749);
#6287=AXIS2_PLACEMENT_3D('',#9429,#7750,#7751);
#6288=AXIS2_PLACEMENT_3D('',#9431,#7752,#7753);
#6289=AXIS2_PLACEMENT_3D('',#9432,#7754,#7755);
#6290=AXIS2_PLACEMENT_3D('',#9433,#7756,#7757);
#6291=AXIS2_PLACEMENT_3D('',#9440,#7761,#7762);
#6292=AXIS2_PLACEMENT_3D('',#9442,#7764,#7765);
#6293=AXIS2_PLACEMENT_3D('',#9444,#7767,#7768);
#6294=AXIS2_PLACEMENT_3D('',#9445,#7769,#7770);
#6295=AXIS2_PLACEMENT_3D('',#9446,#7771,#7772);
#6296=AXIS2_PLACEMENT_3D('',#9448,#7774,#7775);
#6297=AXIS2_PLACEMENT_3D('',#9449,#7776,#7777);
#6298=AXIS2_PLACEMENT_3D('',#9455,#7781,#7782);
#6299=AXIS2_PLACEMENT_3D('',#9461,#7786,#7787);
#6300=AXIS2_PLACEMENT_3D('',#9464,#7790,#7791);
#6301=AXIS2_PLACEMENT_3D('',#9465,#7792,#7793);
#6302=AXIS2_PLACEMENT_3D('',#9466,#7794,#7795);
#6303=AXIS2_PLACEMENT_3D('',#9467,#7796,#7797);
#6304=AXIS2_PLACEMENT_3D('',#9469,#7798,#7799);
#6305=AXIS2_PLACEMENT_3D('',#9470,#7800,#7801);
#6306=AXIS2_PLACEMENT_3D('',#9471,#7802,#7803);
#6307=AXIS2_PLACEMENT_3D('',#9473,#7804,#7805);
#6308=AXIS2_PLACEMENT_3D('',#9474,#7806,#7807);
#6309=AXIS2_PLACEMENT_3D('',#9475,#7808,#7809);
#6310=AXIS2_PLACEMENT_3D('',#9477,#7810,#7811);
#6311=AXIS2_PLACEMENT_3D('',#9478,#7812,#7813);
#6312=AXIS2_PLACEMENT_3D('',#9479,#7814,#7815);
#6313=AXIS2_PLACEMENT_3D('',#9481,#7816,#7817);
#6314=DIRECTION('',(0.,0.,1.));
#6315=DIRECTION('',(1.,0.,0.));
#6316=DIRECTION('',(-0.866025403784439,0.5,0.));
#6317=DIRECTION('',(0.,0.,1.));
#6318=DIRECTION('',(0.5,0.866025403784439,4.93561756480432E-16));
#6319=DIRECTION('',(0.,0.,-1.));
#6320=DIRECTION('',(0.5,0.866025403784439,0.));
#6321=DIRECTION('',(0.,0.,1.));
#6322=DIRECTION('',(0.5,0.866025403784439,4.93561756480432E-16));
#6323=DIRECTION('',(0.,0.,-1.));
#6324=DIRECTION('',(0.5,0.866025403784439,4.93561756480432E-16));
#6325=DIRECTION('',(0.,-5.69916025931364E-16,1.));
#6326=DIRECTION('',(-0.866025403784439,-0.5,0.));
#6327=DIRECTION('',(0.,0.,-1.));
#6328=DIRECTION('',(0.,0.,1.));
#6329=DIRECTION('',(-0.5,0.866025403784439,4.93561756480432E-16));
#6330=DIRECTION('',(0.,-5.69916025931364E-16,1.));
#6331=DIRECTION('',(-0.5,0.866025403784439,4.93561756480432E-16));
#6332=DIRECTION('',(0.,0.,1.));
#6333=DIRECTION('',(-0.5,0.866025403784439,4.93561756480432E-16));
#6334=DIRECTION('',(0.,0.,-1.));
#6335=DIRECTION('',(-0.5,0.866025403784439,0.));
#6336=DIRECTION('',(0.,-5.69916025931364E-16,1.));
#6337=DIRECTION('',(0.,-1.,-5.69916025931364E-16));
#6338=DIRECTION('',(1.,0.,0.));
#6339=DIRECTION('',(0.,1.,5.69916025931364E-16));
#6340=DIRECTION('',(-1.,0.,0.));
#6341=DIRECTION('',(0.,-5.69916025931364E-16,1.));
#6342=DIRECTION('',(0.,-1.,-5.69916025931364E-16));
#6343=DIRECTION('',(0.0871557427476582,0.996194698091746,5.67747323390342E-16));
#6344=DIRECTION('',(-1.,0.,0.));
#6345=DIRECTION('',(0.0871557427476582,-0.996194698091746,-5.67747323390342E-16));
#6346=DIRECTION('',(0.,-5.69916025931364E-16,1.));
#6347=DIRECTION('',(0.,-1.,-5.69916025931364E-16));
#6348=DIRECTION('',(-1.,0.,0.));
#6349=DIRECTION('',(0.,1.,5.69916025931364E-16));
#6350=DIRECTION('',(0.707106781186547,-0.707106781186548,-4.02991486642956E-16));
#6351=DIRECTION('',(-1.,0.,0.));
#6352=DIRECTION('',(-0.707106781186547,-0.707106781186548,-4.02991486642956E-16));
#6353=DIRECTION('',(0.,-1.,0.));
#6354=DIRECTION('',(0.,1.,5.69916025931364E-16));
#6355=DIRECTION('',(1.,0.,0.));
#6356=DIRECTION('',(0.,1.,5.69916025931364E-16));
#6357=DIRECTION('',(-1.,0.,0.));
#6358=DIRECTION('',(-1.,0.,0.));
#6359=DIRECTION('',(0.,1.,5.69916025931364E-16));
#6360=DIRECTION('',(1.,0.,0.));
#6361=DIRECTION('',(0.,1.,5.69916025931364E-16));
#6362=DIRECTION('',(0.,1.,0.));
#6363=DIRECTION('',(-1.,0.,0.));
#6364=DIRECTION('',(0.,1.,0.));
#6365=DIRECTION('',(-1.,0.,0.));
#6366=DIRECTION('',(0.,1.,0.));
#6367=DIRECTION('',(-1.,0.,0.));
#6368=DIRECTION('',(0.,1.,0.));
#6369=DIRECTION('',(-1.,0.,0.));
#6370=DIRECTION('',(1.,0.,0.));
#6371=DIRECTION('',(0.,1.,0.));
#6372=DIRECTION('',(1.,0.,0.));
#6373=DIRECTION('',(0.,1.,0.));
#6374=DIRECTION('',(0.,0.,1.));
#6375=DIRECTION('',(1.,0.,0.));
#6376=DIRECTION('',(0.,0.,1.));
#6377=DIRECTION('',(1.,0.,0.));
#6378=DIRECTION('',(0.,0.,1.));
#6379=DIRECTION('',(1.,0.,0.));
#6380=DIRECTION('',(0.,0.,1.));
#6381=DIRECTION('',(1.,0.,0.));
#6382=DIRECTION('',(0.,0.,1.));
#6383=DIRECTION('',(1.,0.,0.));
#6384=DIRECTION('',(0.,0.,1.));
#6385=DIRECTION('',(1.,0.,0.));
#6386=DIRECTION('',(0.,0.,-1.));
#6387=DIRECTION('',(-1.,0.,0.));
#6388=DIRECTION('',(0.,0.,-1.));
#6389=DIRECTION('',(-1.,0.,0.));
#6390=DIRECTION('',(0.,1.,0.));
#6391=DIRECTION('',(-1.,0.,0.));
#6392=DIRECTION('',(0.,1.,0.));
#6393=DIRECTION('',(-1.,0.,0.));
#6394=DIRECTION('',(0.,-1.,0.));
#6395=DIRECTION('',(-1.,0.,0.));
#6396=DIRECTION('',(0.,-1.,0.));
#6397=DIRECTION('',(-1.,0.,0.));
#6398=DIRECTION('',(0.,1.,0.));
#6399=DIRECTION('',(1.,0.,0.));
#6400=DIRECTION('',(0.,1.,0.));
#6401=DIRECTION('',(1.,0.,0.));
#6402=DIRECTION('',(0.,1.,0.));
#6403=DIRECTION('',(1.,0.,0.));
#6404=DIRECTION('',(0.,1.,0.));
#6405=DIRECTION('',(1.,0.,0.));
#6406=DIRECTION('',(-0.707106781186547,0.707106781186548,0.));
#6407=DIRECTION('',(0.,1.,0.));
#6408=DIRECTION('',(-1.,0.,0.));
#6409=DIRECTION('',(0.,-0.309016994374948,-0.951056516295154));
#6410=DIRECTION('',(0.,0.951056516295154,-0.309016994374948));
#6411=DIRECTION('',(0.,-0.951056516295154,0.309016994374948));
#6412=DIRECTION('',(-0.689151757774651,-0.689151757774652,0.223918979794514));
#6413=DIRECTION('',(1.,0.,0.));
#6414=DIRECTION('',(0.689151757774651,-0.689151757774652,0.223918979794514));
#6415=DIRECTION('',(-0.707106781186548,0.707106781186547,0.));
#6416=DIRECTION('',(0.,0.,1.));
#6417=DIRECTION('',(0.,0.,-1.));
#6418=DIRECTION('',(0.,0.,1.));
#6419=DIRECTION('',(0.707106781186547,0.707106781186548,7.53503448946815E-17));
#6420=DIRECTION('',(0.,-1.,0.));
#6421=DIRECTION('',(0.,0.,-1.));
#6422=DIRECTION('',(0.,0.,1.));
#6423=DIRECTION('',(0.,0.,1.));
#6424=DIRECTION('',(-1.,0.,0.));
#6425=DIRECTION('',(0.,-1.,0.));
#6426=DIRECTION('',(0.,0.,-1.));
#6427=DIRECTION('',(0.,0.,-1.));
#6428=DIRECTION('',(-1.,0.,0.));
#6429=DIRECTION('',(0.,0.,1.));
#6430=DIRECTION('',(1.,0.,0.));
#6431=DIRECTION('',(0.,1.,0.));
#6432=DIRECTION('',(0.,0.,-1.));
#6433=DIRECTION('',(0.,1.,5.69916025931364E-16));
#6434=DIRECTION('',(0.,-0.713458536343377,-0.700697450344131));
#6435=DIRECTION('',(0.,-5.69916025931364E-16,1.));
#6436=DIRECTION('',(0.,-1.,-5.69916025931364E-16));
#6437=DIRECTION('',(-1.,0.,0.));
#6438=DIRECTION('',(0.,1.,5.69916025931364E-16));
#6439=DIRECTION('',(-1.,0.,0.));
#6440=DIRECTION('',(0.,1.,5.69916025931364E-16));
#6441=DIRECTION('',(-1.,0.,0.));
#6442=DIRECTION('',(0.,1.,0.));
#6443=DIRECTION('',(-1.,0.,0.));
#6444=DIRECTION('',(0.,1.,0.));
#6445=DIRECTION('',(-1.,0.,0.));
#6446=DIRECTION('',(0.,1.,5.69916025931364E-16));
#6447=DIRECTION('',(1.,0.,0.));
#6448=DIRECTION('',(0.,1.,5.69916025931364E-16));
#6449=DIRECTION('',(1.,0.,0.));
#6450=DIRECTION('',(0.,1.,5.69916025931364E-16));
#6451=DIRECTION('',(-1.,0.,0.));
#6452=DIRECTION('',(0.,1.,5.69916025931364E-16));
#6453=DIRECTION('',(-1.,0.,0.));
#6454=DIRECTION('',(0.,1.,5.69916025931364E-16));
#6455=DIRECTION('',(-1.,0.,0.));
#6456=DIRECTION('',(0.,1.,5.69916025931364E-16));
#6457=DIRECTION('',(-1.,0.,0.));
#6458=DIRECTION('',(0.,1.,5.69916025931364E-16));
#6459=DIRECTION('',(-1.,0.,0.));
#6460=DIRECTION('',(0.,1.,5.69916025931364E-16));
#6461=DIRECTION('',(-1.,0.,0.));
#6462=DIRECTION('',(0.,1.,5.69916025931364E-16));
#6463=DIRECTION('',(-1.,0.,0.));
#6464=DIRECTION('',(0.,1.,5.69916025931364E-16));
#6465=DIRECTION('',(-1.,0.,0.));
#6466=DIRECTION('',(0.,1.,5.69916025931364E-16));
#6467=DIRECTION('',(-1.,0.,0.));
#6468=DIRECTION('',(0.,1.,5.69916025931364E-16));
#6469=DIRECTION('',(-1.,0.,0.));
#6470=DIRECTION('',(0.,1.,5.69916025931364E-16));
#6471=DIRECTION('',(-1.,0.,0.));
#6472=DIRECTION('',(0.,1.,5.69916025931364E-16));
#6473=DIRECTION('',(-1.,0.,0.));
#6474=DIRECTION('',(0.,1.,5.69916025931364E-16));
#6475=DIRECTION('',(-1.,0.,0.));
#6476=DIRECTION('',(0.,1.,5.69916025931364E-16));
#6477=DIRECTION('',(-1.,0.,0.));
#6478=DIRECTION('',(0.,1.,5.69916025931364E-16));
#6479=DIRECTION('',(-1.,0.,0.));
#6480=DIRECTION('',(0.,1.,5.69916025931364E-16));
#6481=DIRECTION('',(-1.,0.,0.));
#6482=DIRECTION('',(0.,1.,5.69916025931364E-16));
#6483=DIRECTION('',(-1.,0.,0.));
#6484=DIRECTION('',(0.,1.,5.69916025931364E-16));
#6485=DIRECTION('',(-1.,0.,0.));
#6486=DIRECTION('',(0.,1.,5.69916025931364E-16));
#6487=DIRECTION('',(-1.,0.,0.));
#6488=DIRECTION('',(0.,1.,5.69916025931364E-16));
#6489=DIRECTION('',(-1.,0.,0.));
#6490=DIRECTION('',(0.,1.,5.69916025931364E-16));
#6491=DIRECTION('',(-1.,0.,0.));
#6492=DIRECTION('',(1.,0.,0.));
#6493=DIRECTION('',(0.,1.,5.69916025931364E-16));
#6494=DIRECTION('',(1.,0.,0.));
#6495=DIRECTION('',(0.,1.,5.69916025931364E-16));
#6496=DIRECTION('',(1.,0.,0.));
#6497=DIRECTION('',(0.,1.,5.69916025931364E-16));
#6498=DIRECTION('',(1.,0.,0.));
#6499=DIRECTION('',(0.,1.,5.69916025931364E-16));
#6500=DIRECTION('',(1.,0.,0.));
#6501=DIRECTION('',(0.,1.,5.69916025931364E-16));
#6502=DIRECTION('',(1.,0.,0.));
#6503=DIRECTION('',(0.,1.,5.69916025931364E-16));
#6504=DIRECTION('',(1.,0.,0.));
#6505=DIRECTION('',(0.,1.,5.69916025931364E-16));
#6506=DIRECTION('',(1.,0.,0.));
#6507=DIRECTION('',(0.,1.,5.69916025931364E-16));
#6508=DIRECTION('',(1.,0.,0.));
#6509=DIRECTION('',(0.,1.,5.69916025931364E-16));
#6510=DIRECTION('',(1.,0.,0.));
#6511=DIRECTION('',(0.,1.,5.69916025931364E-16));
#6512=DIRECTION('',(1.,0.,0.));
#6513=DIRECTION('',(0.,1.,5.69916025931364E-16));
#6514=DIRECTION('',(1.,0.,0.));
#6515=DIRECTION('',(0.,1.,5.69916025931364E-16));
#6516=DIRECTION('',(1.,0.,0.));
#6517=DIRECTION('',(0.,1.,5.69916025931364E-16));
#6518=DIRECTION('',(1.,0.,0.));
#6519=DIRECTION('',(0.,1.,5.69916025931364E-16));
#6520=DIRECTION('',(1.,0.,0.));
#6521=DIRECTION('',(0.,1.,5.69916025931364E-16));
#6522=DIRECTION('',(1.,0.,0.));
#6523=DIRECTION('',(0.,1.,5.69916025931364E-16));
#6524=DIRECTION('',(1.,0.,0.));
#6525=DIRECTION('',(0.,1.,5.69916025931364E-16));
#6526=DIRECTION('',(1.,0.,0.));
#6527=DIRECTION('',(0.,1.,5.69916025931364E-16));
#6528=DIRECTION('',(1.,0.,0.));
#6529=DIRECTION('',(0.,1.,5.69916025931364E-16));
#6530=DIRECTION('',(1.,0.,0.));
#6531=DIRECTION('',(0.,1.,5.69916025931364E-16));
#6532=DIRECTION('',(1.,0.,0.));
#6533=DIRECTION('',(0.,1.,0.));
#6534=DIRECTION('',(0.,0.,-1.));
#6535=DIRECTION('',(0.,-0.713458536343377,-0.700697450344131));
#6536=DIRECTION('',(0.,0.,1.));
#6537=DIRECTION('',(1.,0.,0.));
#6538=DIRECTION('',(-1.,0.,0.));
#6539=DIRECTION('',(0.,1.,0.));
#6540=DIRECTION('',(0.,0.,1.));
#6541=DIRECTION('',(1.,0.,0.));
#6542=DIRECTION('',(0.,-1.,0.));
#6543=DIRECTION('',(0.,0.,1.));
#6544=DIRECTION('',(1.,0.,0.));
#6545=DIRECTION('',(0.,1.,0.));
#6546=DIRECTION('',(-1.,0.,0.));
#6547=DIRECTION('',(0.,-1.,0.));
#6548=DIRECTION('',(-1.,0.,0.));
#6549=DIRECTION('',(0.,-1.,0.));
#6550=DIRECTION('',(0.5,-0.866025403784439,0.));
#6551=DIRECTION('',(-1.,0.,0.));
#6552=DIRECTION('',(0.,-1.,0.));
#6553=DIRECTION('',(0.866025403784439,-0.5,0.));
#6554=DIRECTION('',(-1.,0.,0.));
#6555=DIRECTION('',(-0.866025403784439,-0.5,0.));
#6556=DIRECTION('',(0.,1.,0.));
#6557=DIRECTION('',(-1.,0.,0.));
#6558=DIRECTION('',(0.5,0.866025403784439,0.));
#6559=DIRECTION('',(0.,1.,0.));
#6560=DIRECTION('',(-1.,0.,0.));
#6561=DIRECTION('',(0.,0.,1.));
#6562=DIRECTION('',(1.,0.,0.));
#6563=DIRECTION('',(-1.,0.,0.));
#6564=DIRECTION('',(0.,1.,0.));
#6565=DIRECTION('',(-1.,0.,0.));
#6566=DIRECTION('',(0.,-1.,0.));
#6567=DIRECTION('',(0.,0.,1.));
#6568=DIRECTION('',(1.,0.,0.));
#6569=DIRECTION('',(-1.,0.,0.));
#6570=DIRECTION('',(0.,1.,0.));
#6571=DIRECTION('',(-1.,0.,0.));
#6572=DIRECTION('',(0.,-1.,0.));
#6573=DIRECTION('',(0.,0.,1.));
#6574=DIRECTION('',(1.,0.,0.));
#6575=DIRECTION('',(-1.,0.,0.));
#6576=DIRECTION('',(0.,1.,0.));
#6577=DIRECTION('',(-1.,0.,0.));
#6578=DIRECTION('',(0.,-1.,0.));
#6579=DIRECTION('',(0.,0.,1.));
#6580=DIRECTION('',(1.,0.,0.));
#6581=DIRECTION('',(-1.,0.,0.));
#6582=DIRECTION('',(0.,1.,0.));
#6583=DIRECTION('',(-1.,0.,0.));
#6584=DIRECTION('',(0.,1.,0.));
#6585=DIRECTION('',(0.,1.,0.));
#6586=DIRECTION('',(0.,0.,1.));
#6587=DIRECTION('',(-1.,0.,0.));
#6588=DIRECTION('',(0.,0.,-1.));
#6589=DIRECTION('',(0.,0.,-1.));
#6590=DIRECTION('',(0.,0.,-1.));
#6591=DIRECTION('',(-1.,0.,0.));
#6592=DIRECTION('',(-1.,0.,0.));
#6593=DIRECTION('',(0.,-1.,0.));
#6594=DIRECTION('',(0.,-1.,0.));
#6595=DIRECTION('',(1.,0.,0.));
#6596=DIRECTION('',(0.,1.,0.));
#6597=DIRECTION('',(0.,0.,1.));
#6598=DIRECTION('',(0.,-1.,-3.25525947635906E-16));
#6599=DIRECTION('',(0.,0.,-1.));
#6600=DIRECTION('',(0.,1.,0.));
#6601=DIRECTION('',(0.,-1.,0.));
#6602=DIRECTION('',(0.,0.,-1.));
#6603=DIRECTION('',(0.,1.,0.));
#6604=DIRECTION('',(0.,0.,1.));
#6605=DIRECTION('',(0.,-1.,0.));
#6606=DIRECTION('',(0.,0.,-1.));
#6607=DIRECTION('',(0.,1.,0.));
#6608=DIRECTION('',(0.,0.,1.));
#6609=DIRECTION('',(0.,0.,1.));
#6610=DIRECTION('',(0.,-1.,0.));
#6611=DIRECTION('',(0.,0.,-1.));
#6612=DIRECTION('',(0.,1.,0.));
#6613=DIRECTION('',(0.,0.,1.));
#6614=DIRECTION('',(0.,-1.,0.));
#6615=DIRECTION('',(0.,0.,-1.));
#6616=DIRECTION('',(0.,1.,3.23791876582929E-16));
#6617=DIRECTION('',(0.,0.,1.));
#6618=DIRECTION('',(0.,-1.,0.));
#6619=DIRECTION('',(0.,0.,-1.));
#6620=DIRECTION('',(0.,1.,0.));
#6621=DIRECTION('',(0.,0.,-1.));
#6622=DIRECTION('',(0.,1.,0.));
#6623=DIRECTION('',(1.,0.,0.));
#6624=DIRECTION('',(0.,0.,1.));
#6625=DIRECTION('',(0.,0.,-1.));
#6626=DIRECTION('',(1.,0.,0.));
#6627=DIRECTION('',(0.,1.,0.));
#6628=DIRECTION('',(0.,0.,1.));
#6629=DIRECTION('',(0.,1.,0.));
#6630=DIRECTION('',(0.,0.,-1.));
#6631=DIRECTION('',(0.,-1.,0.));
#6632=DIRECTION('',(0.,0.,1.));
#6633=DIRECTION('',(0.,1.,0.));
#6634=DIRECTION('',(0.,0.,-1.));
#6635=DIRECTION('',(0.,-1.,-3.25525947635906E-16));
#6636=DIRECTION('',(0.,0.,1.));
#6637=DIRECTION('',(0.,1.,0.));
#6638=DIRECTION('',(0.,0.,-1.));
#6639=DIRECTION('',(0.,-1.,0.));
#6640=DIRECTION('',(0.,1.,0.));
#6641=DIRECTION('',(0.,0.,-1.));
#6642=DIRECTION('',(0.,-1.,0.));
#6643=DIRECTION('',(0.,0.,1.));
#6644=DIRECTION('',(0.,1.,0.));
#6645=DIRECTION('',(0.,0.,-1.));
#6646=DIRECTION('',(0.,-1.,0.));
#6647=DIRECTION('',(0.,0.,1.));
#6648=DIRECTION('',(0.,0.,-1.));
#6649=DIRECTION('',(0.,-1.,0.));
#6650=DIRECTION('',(0.,0.,1.));
#6651=DIRECTION('',(0.,1.,3.23791876582929E-16));
#6652=DIRECTION('',(0.,-1.,0.));
#6653=DIRECTION('',(0.,0.,-1.));
#6654=DIRECTION('',(0.,0.,-1.));
#6655=DIRECTION('',(1.,0.,0.));
#6656=DIRECTION('',(0.,0.,1.));
#6657=DIRECTION('',(-0.342020143325669,0.,-0.939692620785908));
#6658=DIRECTION('',(0.,1.,0.));
#6659=DIRECTION('',(-0.939692620785908,0.,0.342020143325669));
#6660=DIRECTION('',(0.939692620785908,0.,-0.342020143325669));
#6661=DIRECTION('',(0.,1.,0.));
#6662=DIRECTION('',(0.,-1.,0.));
#6663=DIRECTION('',(0.,-1.,0.));
#6664=DIRECTION('',(0.,-1.,0.));
#6665=DIRECTION('',(0.,-1.,0.));
#6666=DIRECTION('',(-0.342020143325669,0.,0.939692620785908));
#6667=DIRECTION('',(0.,-1.,0.));
#6668=DIRECTION('',(0.939692620785909,0.,0.342020143325669));
#6669=DIRECTION('',(0.,1.,0.));
#6670=DIRECTION('',(0.,1.,0.));
#6671=DIRECTION('',(0.,1.,0.));
#6672=DIRECTION('',(0.,1.,0.));
#6673=DIRECTION('',(0.,-1.,0.));
#6674=DIRECTION('',(0.939692620785909,0.,0.342020143325669));
#6675=DIRECTION('',(1.,0.,0.));
#6676=DIRECTION('',(0.,1.,0.));
#6677=DIRECTION('',(0.,0.,1.));
#6678=DIRECTION('',(0.,0.,-1.));
#6679=DIRECTION('',(0.,0.,1.));
#6680=DIRECTION('',(0.,1.,0.));
#6681=DIRECTION('',(0.,0.,-1.));
#6682=DIRECTION('',(0.,-1.,0.));
#6683=DIRECTION('',(0.,0.,1.));
#6684=DIRECTION('',(0.,-1.,0.));
#6685=DIRECTION('',(0.,-1.,-5.69916025931364E-16));
#6686=DIRECTION('',(0.,-5.69916025931364E-16,1.));
#6687=DIRECTION('',(0.,-1.,-5.69916025931364E-16));
#6688=DIRECTION('',(1.,0.,0.));
#6689=DIRECTION('',(0.,1.,0.));
#6690=DIRECTION('',(0.,0.,-1.));
#6691=DIRECTION('',(0.,0.,1.));
#6692=DIRECTION('',(1.22464679914735E-16,-1.,-5.69916025931364E-16));
#6693=DIRECTION('',(0.,-5.69916025931364E-16,1.));
#6694=DIRECTION('',(1.22464679914735E-16,-1.,-5.69916025931364E-16));
#6695=DIRECTION('',(0.,1.,0.));
#6696=DIRECTION('',(0.,0.,1.));
#6697=DIRECTION('',(0.,0.,1.));
#6698=DIRECTION('',(0.,1.06561479679549E-16,-1.));
#6699=DIRECTION('',(0.,1.,1.06561479679549E-16));
#6700=DIRECTION('',(-1.,0.,0.));
#6701=DIRECTION('',(-0.707106781186547,0.707106781186548,7.53503448946815E-17));
#6702=DIRECTION('',(0.,0.700697450344131,-0.713458536343377));
#6703=DIRECTION('',(0.,0.713458536343377,0.700697450344131));
#6704=DIRECTION('',(-1.,0.,0.));
#6705=DIRECTION('',(0.,-1.,0.));
#6706=DIRECTION('',(0.,0.,-1.));
#6707=DIRECTION('',(0.,0.,-1.));
#6708=DIRECTION('',(0.,1.,0.));
#6709=DIRECTION('',(0.,0.,1.));
#6710=DIRECTION('',(0.939692620785909,0.,0.342020143325669));
#6711=DIRECTION('',(-1.,0.,0.));
#6712=DIRECTION('',(-0.939692620785908,0.,0.342020143325669));
#6713=DIRECTION('',(0.,0.,1.));
#6714=DIRECTION('',(1.,0.,0.));
#6715=DIRECTION('',(-1.,0.,0.));
#6716=DIRECTION('',(-1.,0.,0.));
#6717=DIRECTION('',(0.,-1.,0.));
#6718=DIRECTION('',(0.,0.,-1.));
#6719=DIRECTION('',(0.,0.,1.));
#6720=DIRECTION('',(-1.,0.,0.));
#6721=DIRECTION('',(0.,0.,-1.));
#6722=DIRECTION('',(-1.,0.,0.));
#6723=DIRECTION('',(0.,0.,-1.));
#6724=DIRECTION('',(-1.,0.,0.));
#6725=DIRECTION('',(-0.866025403784439,0.5,0.));
#6726=DIRECTION('',(0.,0.,-1.));
#6727=DIRECTION('',(-1.,0.,0.));
#6728=DIRECTION('',(-1.,0.,0.));
#6729=DIRECTION('',(0.,0.,-1.));
#6730=DIRECTION('',(-1.,0.,0.));
#6731=DIRECTION('',(0.866025403784439,0.5,0.));
#6732=DIRECTION('',(0.,-1.,0.));
#6733=DIRECTION('',(0.,0.,-1.));
#6734=DIRECTION('',(0.,0.,1.));
#6735=DIRECTION('',(-1.,0.,0.));
#6736=DIRECTION('',(0.,0.,-1.));
#6737=DIRECTION('',(-0.953741925422948,0.,0.300626578483222));
#6738=DIRECTION('',(-0.939692620785908,0.,0.342020143325669));
#6739=DIRECTION('',(0.,-1.,0.));
#6740=DIRECTION('',(-0.939692620785908,0.,0.342020143325669));
#6741=DIRECTION('',(0.,-1.,0.));
#6742=DIRECTION('',(0.,0.,-1.));
#6743=DIRECTION('',(0.,0.,1.));
#6744=DIRECTION('',(0.,0.,-1.));
#6745=DIRECTION('',(0.,-1.,0.));
#6746=DIRECTION('',(0.,0.,-1.));
#6747=DIRECTION('',(0.,-1.,0.));
#6748=DIRECTION('',(-0.939692620785909,0.,-0.342020143325669));
#6749=DIRECTION('',(0.939692620785909,0.,0.342020143325669));
#6750=DIRECTION('',(0.953741925422948,0.,0.300626578483222));
#6751=DIRECTION('',(0.,-1.,-1.90845024525743E-16));
#6752=DIRECTION('',(0.,1.90845024525743E-16,-1.));
#6753=DIRECTION('',(-1.66967761363294E-17,1.90845024525743E-16,-1.));
#6754=DIRECTION('',(-1.66967761363294E-17,-1.90845024525743E-16,1.));
#6755=DIRECTION('',(-1.,0.,0.));
#6756=DIRECTION('',(0.,0.,1.));
#6757=DIRECTION('',(1.,0.,0.));
#6758=DIRECTION('',(0.0871557427476582,0.996194698091746,0.));
#6759=DIRECTION('',(-1.,0.,0.));
#6760=DIRECTION('',(0.0871557427476582,-0.996194698091746,0.));
#6761=DIRECTION('',(-1.,0.,0.));
#6762=DIRECTION('',(-1.,0.,0.));
#6763=DIRECTION('',(0.,0.,1.));
#6764=DIRECTION('',(-0.996194698091746,-0.0871557427476582,0.));
#6765=DIRECTION('',(-0.0871557427476582,0.996194698091746,0.));
#6766=DIRECTION('',(0.996194698091746,-0.0871557427476582,0.));
#6767=DIRECTION('',(-0.0871557427476582,-0.996194698091746,0.));
#6768=DIRECTION('',(0.996194698091746,-0.0871557427476582,0.));
#6769=DIRECTION('',(-0.0871557427476582,-0.996194698091746,0.));
#6770=DIRECTION('',(0.,0.,-1.));
#6771=DIRECTION('',(0.996194698091746,-0.0871557427476582,0.));
#6772=DIRECTION('',(0.0871557427476582,0.996194698091746,0.));
#6773=DIRECTION('',(-0.996194698091746,-0.0871557427476582,0.));
#6774=DIRECTION('',(0.0871557427476582,-0.996194698091746,0.));
#6775=DIRECTION('',(-0.996194698091746,-0.0871557427476582,0.));
#6776=DIRECTION('',(0.0871557427476582,-0.996194698091746,0.));
#6777=DIRECTION('',(0.,0.,-1.));
#6778=DIRECTION('',(-0.5,0.866025403784439,0.));
#6779=DIRECTION('',(0.,0.,1.));
#6780=DIRECTION('',(0.,0.,-1.));
#6781=DIRECTION('',(0.825964736070556,0.476870962711474,-0.300626578483222));
#6782=DIRECTION('',(0.866025403784439,0.5,0.));
#6783=DIRECTION('',(-0.5,-0.866025403784439,0.));
#6784=DIRECTION('',(0.,0.,-1.));
#6785=DIRECTION('',(-0.825964736070556,0.476870962711474,-0.300626578483222));
#6786=DIRECTION('',(0.,0.,1.));
#6787=DIRECTION('',(0.866025403784439,-0.5,0.));
#6788=DIRECTION('',(-0.707106781186548,-0.707106781186547,0.));
#6789=DIRECTION('',(0.,0.,-1.));
#6790=DIRECTION('',(0.,1.,0.));
#6791=DIRECTION('',(0.,0.,1.));
#6792=DIRECTION('',(-1.,0.,0.));
#6793=DIRECTION('',(0.,0.,-1.));
#6794=DIRECTION('',(-1.,0.,0.));
#6795=DIRECTION('',(0.,0.,1.));
#6796=DIRECTION('',(1.,0.,0.));
#6797=DIRECTION('',(-1.,0.,0.));
#6798=DIRECTION('',(0.,1.,0.));
#6799=DIRECTION('',(0.,-1.,0.));
#6800=DIRECTION('',(0.,0.,-1.));
#6801=DIRECTION('',(-1.,0.,0.));
#6802=DIRECTION('',(0.,0.,1.));
#6803=DIRECTION('',(0.,0.,-1.));
#6804=DIRECTION('',(-1.,0.,0.));
#6805=DIRECTION('',(0.,-1.,0.));
#6806=DIRECTION('',(1.,0.,0.));
#6807=DIRECTION('',(0.,1.,0.));
#6808=DIRECTION('',(0.,-1.,0.));
#6809=DIRECTION('',(0.,0.,-1.));
#6810=DIRECTION('',(-1.,0.,0.));
#6811=DIRECTION('',(0.,0.,1.));
#6812=DIRECTION('',(-1.,0.,0.));
#6813=DIRECTION('',(0.,0.,-1.));
#6814=DIRECTION('',(-1.,0.,0.));
#6815=DIRECTION('',(-1.,0.,0.));
#6816=DIRECTION('',(0.,-1.,0.));
#6817=DIRECTION('',(0.,1.,0.));
#6818=DIRECTION('',(0.,0.,1.));
#6819=DIRECTION('',(-1.,0.,0.));
#6820=DIRECTION('',(0.,0.,-1.));
#6821=DIRECTION('',(0.,0.,1.));
#6822=DIRECTION('',(1.,0.,0.));
#6823=DIRECTION('',(0.,1.,0.));
#6824=DIRECTION('',(1.,0.,0.));
#6825=DIRECTION('',(0.,1.,0.));
#6826=DIRECTION('',(0.,1.,0.));
#6827=DIRECTION('',(0.,0.,1.));
#6828=DIRECTION('',(-1.,0.,0.));
#6829=DIRECTION('',(0.,0.,-1.));
#6830=DIRECTION('',(-1.,0.,0.));
#6831=DIRECTION('',(0.,0.,1.));
#6832=DIRECTION('',(1.,0.,0.));
#6833=DIRECTION('',(-1.,0.,0.));
#6834=DIRECTION('',(0.,1.,0.));
#6835=DIRECTION('',(0.,-1.,0.));
#6836=DIRECTION('',(0.,0.,-1.));
#6837=DIRECTION('',(-1.,0.,0.));
#6838=DIRECTION('',(0.,0.,1.));
#6839=DIRECTION('',(0.,0.,-1.));
#6840=DIRECTION('',(-1.,0.,0.));
#6841=DIRECTION('',(0.,-1.,0.));
#6842=DIRECTION('',(1.,0.,0.));
#6843=DIRECTION('',(0.,1.,0.));
#6844=DIRECTION('',(0.,-1.,0.));
#6845=DIRECTION('',(0.,0.,-1.));
#6846=DIRECTION('',(-1.,0.,0.));
#6847=DIRECTION('',(0.,0.,1.));
#6848=DIRECTION('',(-1.,0.,0.));
#6849=DIRECTION('',(0.,3.25525947635906E-16,-1.));
#6850=DIRECTION('',(0.,1.,3.25525947635906E-16));
#6851=DIRECTION('',(-1.,0.,0.));
#6852=DIRECTION('',(0.,-1.,-3.25525947635906E-16));
#6853=DIRECTION('',(0.,1.,0.));
#6854=DIRECTION('',(0.,0.,1.));
#6855=DIRECTION('',(-1.,0.,0.));
#6856=DIRECTION('',(0.,0.,-1.));
#6857=DIRECTION('',(0.,0.,1.));
#6858=DIRECTION('',(1.,0.,0.));
#6859=DIRECTION('',(0.,1.,0.));
#6860=DIRECTION('',(1.,0.,0.));
#6861=DIRECTION('',(0.,1.,0.));
#6862=DIRECTION('',(0.,0.,-1.));
#6863=DIRECTION('',(-1.,0.,0.));
#6864=DIRECTION('',(-1.,0.,0.));
#6865=DIRECTION('',(0.,-1.,0.));
#6866=DIRECTION('',(-1.,0.,0.));
#6867=DIRECTION('',(0.,1.,0.));
#6868=DIRECTION('',(0.,0.,1.));
#6869=DIRECTION('',(-1.,0.,0.));
#6870=DIRECTION('',(0.,0.,-1.));
#6871=DIRECTION('',(0.,-3.23791876582929E-16,1.));
#6872=DIRECTION('',(0.,-1.,-3.23791876582929E-16));
#6873=DIRECTION('',(-1.,0.,0.));
#6874=DIRECTION('',(0.,1.,3.23791876582929E-16));
#6875=DIRECTION('',(0.,-1.,0.));
#6876=DIRECTION('',(0.,0.,-1.));
#6877=DIRECTION('',(0.,0.,1.));
#6878=DIRECTION('',(1.,0.,0.));
#6879=DIRECTION('',(0.,1.,0.));
#6880=DIRECTION('',(0.,-1.,0.));
#6881=DIRECTION('',(0.,0.,-1.));
#6882=DIRECTION('',(-1.,0.,0.));
#6883=DIRECTION('',(0.,0.,1.));
#6884=DIRECTION('',(-1.,0.,0.));
#6885=DIRECTION('',(0.,0.,-1.));
#6886=DIRECTION('',(-1.,0.,0.));
#6887=DIRECTION('',(-1.,0.,0.));
#6888=DIRECTION('',(0.,-1.,0.));
#6889=DIRECTION('',(0.,1.,0.));
#6890=DIRECTION('',(0.,0.,1.));
#6891=DIRECTION('',(-1.,0.,0.));
#6892=DIRECTION('',(0.,0.,-1.));
#6893=DIRECTION('',(0.,0.,1.));
#6894=DIRECTION('',(1.,0.,0.));
#6895=DIRECTION('',(0.,1.,0.));
#6896=DIRECTION('',(1.,0.,0.));
#6897=DIRECTION('',(0.,1.,0.));
#6898=DIRECTION('',(-0.342020143325669,0.,-0.939692620785908));
#6899=DIRECTION('',(0.,1.,0.));
#6900=DIRECTION('',(-0.342020143325669,0.,-0.939692620785908));
#6901=DIRECTION('',(-0.800647517618799,-0.523490857349933,0.291411864552368));
#6902=DIRECTION('',(0.825964736070556,0.476870962711474,-0.300626578483222));
#6903=DIRECTION('',(-0.342020143325669,0.,0.939692620785908));
#6904=DIRECTION('',(0.,-1.,0.));
#6905=DIRECTION('',(-0.825964736070556,0.476870962711474,-0.300626578483222));
#6906=DIRECTION('',(-0.342020143325669,0.,0.939692620785908));
#6907=DIRECTION('',(0.800647517618799,-0.523490857349933,0.291411864552368));
#6908=DIRECTION('',(-0.939692620785908,0.,0.342020143325669));
#6909=DIRECTION('',(0.342020143325669,0.,0.939692620785908));
#6910=DIRECTION('',(-0.984807753012208,0.,0.17364817766693));
#6911=DIRECTION('',(0.17364817766693,0.,0.984807753012208));
#6912=DIRECTION('',(-1.,0.,0.));
#6913=DIRECTION('',(0.,0.,1.));
#6914=DIRECTION('',(-0.984807753012208,0.,-0.17364817766693));
#6915=DIRECTION('',(-0.17364817766693,0.,0.984807753012208));
#6916=DIRECTION('',(0.939692620785909,0.,0.342020143325669));
#6917=DIRECTION('',(0.342020143325669,0.,-0.939692620785908));
#6918=DIRECTION('',(-0.825964736070556,0.476870962711474,-0.300626578483222));
#6919=DIRECTION('',(-0.5,-0.866025403784439,0.));
#6920=DIRECTION('',(-0.825964736070556,0.476870962711474,-0.300626578483222));
#6921=DIRECTION('',(-0.5,-0.866025403784439,0.));
#6922=DIRECTION('',(-0.855951647018455,0.494183913819409,-0.152082337201025));
#6923=DIRECTION('',(0.131707167482999,-0.0760411686005129,-0.988367827638817));
#6924=DIRECTION('',(0.866025403784439,-0.5,0.));
#6925=DIRECTION('',(0.5,0.866025403784439,0.));
#6926=DIRECTION('',(0.965925826289068,-0.258819045102521,0.));
#6927=DIRECTION('',(-0.258819045102521,-0.965925826289068,0.));
#6928=DIRECTION('',(-1.,0.,0.));
#6929=DIRECTION('',(0.,0.,1.));
#6930=DIRECTION('',(-0.965925826289068,-0.258819045102521,0.));
#6931=DIRECTION('',(-0.258819045102521,0.965925826289068,0.));
#6932=DIRECTION('',(-0.866025403784439,-0.5,0.));
#6933=DIRECTION('',(0.5,-0.866025403784439,0.));
#6934=DIRECTION('',(-0.855951647018455,-0.494183913819408,0.152082337201025));
#6935=DIRECTION('',(-0.131707167482999,-0.0760411686005128,-0.988367827638817));
#6936=DIRECTION('',(-0.825964736070556,-0.476870962711474,0.300626578483222));
#6937=DIRECTION('',(0.5,-0.866025403784439,0.));
#6938=DIRECTION('',(-0.825964736070556,-0.476870962711474,0.300626578483222));
#6939=DIRECTION('',(0.5,-0.866025403784439,0.));
#6940=DIRECTION('',(0.,-1.,0.));
#6941=DIRECTION('',(0.,0.,-1.));
#6942=DIRECTION('',(1.,0.,0.));
#6943=DIRECTION('',(0.,0.,-1.));
#6944=DIRECTION('',(1.,0.,0.));
#6945=DIRECTION('',(0.,0.,-1.));
#6946=DIRECTION('',(-1.,0.,0.));
#6947=DIRECTION('',(0.,1.,0.));
#6948=DIRECTION('',(1.,0.,0.));
#6949=DIRECTION('',(0.,1.,0.));
#6950=DIRECTION('',(0.,0.,1.));
#6951=DIRECTION('',(0.,0.,1.));
#6952=DIRECTION('',(1.,0.,0.));
#6953=DIRECTION('',(0.,0.,1.));
#6954=DIRECTION('',(1.,0.,0.));
#6955=DIRECTION('',(0.,-1.,0.));
#6956=DIRECTION('',(1.,0.,0.));
#6957=DIRECTION('',(0.,1.,0.));
#6958=DIRECTION('',(0.,1.,0.));
#6959=DIRECTION('',(0.,0.,1.));
#6960=DIRECTION('',(1.,0.,0.));
#6961=DIRECTION('',(0.,0.,1.));
#6962=DIRECTION('',(1.,0.,0.));
#6963=DIRECTION('',(0.,0.,1.));
#6964=DIRECTION('',(1.,0.,0.));
#6965=DIRECTION('',(0.,-1.,0.));
#6966=DIRECTION('',(1.,0.,0.));
#6967=DIRECTION('',(0.,-1.,0.));
#6968=DIRECTION('',(0.,0.,-1.));
#6969=DIRECTION('',(0.,0.,-1.));
#6970=DIRECTION('',(1.,0.,0.));
#6971=DIRECTION('',(0.,0.,-1.));
#6972=DIRECTION('',(-1.,0.,0.));
#6973=DIRECTION('',(0.,1.,0.));
#6974=DIRECTION('',(1.,0.,0.));
#6975=DIRECTION('',(0.,1.,0.));
#6976=DIRECTION('',(0.,-1.,0.));
#6977=DIRECTION('',(0.,0.,-1.));
#6978=DIRECTION('',(1.,0.,0.));
#6979=DIRECTION('',(0.,0.,-1.));
#6980=DIRECTION('',(1.,0.,0.));
#6981=DIRECTION('',(0.,0.,-1.));
#6982=DIRECTION('',(-1.,0.,0.));
#6983=DIRECTION('',(0.,1.,0.));
#6984=DIRECTION('',(1.,0.,0.));
#6985=DIRECTION('',(0.,1.,0.));
#6986=DIRECTION('',(0.,0.,1.));
#6987=DIRECTION('',(0.,0.,1.));
#6988=DIRECTION('',(1.,0.,0.));
#6989=DIRECTION('',(0.,0.,1.));
#6990=DIRECTION('',(1.,0.,0.));
#6991=DIRECTION('',(0.,-1.,0.));
#6992=DIRECTION('',(1.,0.,0.));
#6993=DIRECTION('',(0.,1.,0.));
#6994=DIRECTION('',(0.,1.,0.));
#6995=DIRECTION('',(0.,0.,1.));
#6996=DIRECTION('',(1.,0.,0.));
#6997=DIRECTION('',(0.,0.,1.));
#6998=DIRECTION('',(1.,0.,0.));
#6999=DIRECTION('',(0.,-3.25525947635906E-16,1.));
#7000=DIRECTION('',(0.,-1.,-3.25525947635906E-16));
#7001=DIRECTION('',(0.,-1.,-3.25525947635906E-16));
#7002=DIRECTION('',(1.,0.,0.));
#7003=DIRECTION('',(0.,-1.,0.));
#7004=DIRECTION('',(0.,0.,-1.));
#7005=DIRECTION('',(0.,0.,-1.));
#7006=DIRECTION('',(1.,0.,0.));
#7007=DIRECTION('',(0.,0.,-1.));
#7008=DIRECTION('',(-1.,0.,0.));
#7009=DIRECTION('',(0.,1.,0.));
#7010=DIRECTION('',(1.,0.,0.));
#7011=DIRECTION('',(0.,1.,0.));
#7012=DIRECTION('',(0.,0.,1.));
#7013=DIRECTION('',(1.,0.,0.));
#7014=DIRECTION('',(1.,0.,0.));
#7015=DIRECTION('',(0.,-1.,0.));
#7016=DIRECTION('',(1.,0.,0.));
#7017=DIRECTION('',(0.,-1.,0.));
#7018=DIRECTION('',(0.,0.,-1.));
#7019=DIRECTION('',(0.,0.,-1.));
#7020=DIRECTION('',(1.,0.,0.));
#7021=DIRECTION('',(0.,3.23791876582929E-16,-1.));
#7022=DIRECTION('',(0.,1.,3.23791876582929E-16));
#7023=DIRECTION('',(0.,1.,3.23791876582929E-16));
#7024=DIRECTION('',(1.,0.,0.));
#7025=DIRECTION('',(0.,1.,0.));
#7026=DIRECTION('',(0.,0.,1.));
#7027=DIRECTION('',(0.,0.,1.));
#7028=DIRECTION('',(1.,0.,0.));
#7029=DIRECTION('',(0.,1.,0.));
#7030=DIRECTION('',(0.,1.,0.));
#7031=DIRECTION('',(0.,0.,1.));
#7032=DIRECTION('',(1.,0.,0.));
#7033=DIRECTION('',(0.,0.,1.));
#7034=DIRECTION('',(1.,0.,0.));
#7035=DIRECTION('',(0.,0.,1.));
#7036=DIRECTION('',(1.,0.,0.));
#7037=DIRECTION('',(0.,-1.,0.));
#7038=DIRECTION('',(1.,0.,0.));
#7039=DIRECTION('',(0.,-1.,0.));
#7040=DIRECTION('',(0.,0.,-1.));
#7041=DIRECTION('',(0.,0.,-1.));
#7042=DIRECTION('',(1.,0.,0.));
#7043=DIRECTION('',(0.,0.,-1.));
#7044=DIRECTION('',(-1.,0.,0.));
#7045=DIRECTION('',(0.,1.,0.));
#7046=DIRECTION('',(1.,0.,0.));
#7047=DIRECTION('',(0.,1.,0.));
#7048=DIRECTION('',(0.,-1.,0.));
#7049=DIRECTION('',(0.,0.,-1.));
#7050=DIRECTION('',(0.,0.,-1.));
#7051=DIRECTION('',(1.,0.,0.));
#7052=DIRECTION('',(0.,0.,-1.));
#7053=DIRECTION('',(0.,0.,-1.));
#7054=DIRECTION('',(-1.,0.,0.));
#7055=DIRECTION('',(0.,1.,0.));
#7056=DIRECTION('',(1.,0.,0.));
#7057=DIRECTION('',(0.,1.,0.));
#7058=DIRECTION('',(0.,1.,0.));
#7059=DIRECTION('',(0.,0.,1.));
#7060=DIRECTION('',(0.,0.,1.));
#7061=DIRECTION('',(0.,0.,1.));
#7062=DIRECTION('',(1.,0.,0.));
#7063=DIRECTION('',(0.,1.,0.));
#7064=DIRECTION('',(1.,0.,0.));
#7065=DIRECTION('',(0.,1.,0.));
#7066=DIRECTION('',(0.,-1.,0.));
#7067=DIRECTION('',(0.,0.,-1.));
#7068=DIRECTION('',(0.,0.,-1.));
#7069=DIRECTION('',(1.,0.,0.));
#7070=DIRECTION('',(0.,0.,-1.));
#7071=DIRECTION('',(0.,0.,-1.));
#7072=DIRECTION('',(-1.,0.,0.));
#7073=DIRECTION('',(0.,1.,0.));
#7074=DIRECTION('',(1.,0.,0.));
#7075=DIRECTION('',(0.,1.,0.));
#7076=DIRECTION('',(0.,1.,0.));
#7077=DIRECTION('',(0.,0.,1.));
#7078=DIRECTION('',(0.,0.,1.));
#7079=DIRECTION('',(0.,0.,1.));
#7080=DIRECTION('',(1.,0.,0.));
#7081=DIRECTION('',(0.,1.,0.));
#7082=DIRECTION('',(1.,0.,0.));
#7083=DIRECTION('',(0.,1.,0.));
#7084=DIRECTION('',(0.,-1.,0.));
#7085=DIRECTION('',(0.,0.,-1.));
#7086=DIRECTION('',(0.,0.,-1.));
#7087=DIRECTION('',(1.,0.,0.));
#7088=DIRECTION('',(0.,0.,-1.));
#7089=DIRECTION('',(0.,0.,-1.));
#7090=DIRECTION('',(-1.,0.,0.));
#7091=DIRECTION('',(0.,1.,0.));
#7092=DIRECTION('',(1.,0.,0.));
#7093=DIRECTION('',(0.,1.,0.));
#7094=DIRECTION('',(0.,1.,0.));
#7095=DIRECTION('',(0.,0.,1.));
#7096=DIRECTION('',(0.,0.,1.));
#7097=DIRECTION('',(0.,0.,1.));
#7098=DIRECTION('',(1.,0.,0.));
#7099=DIRECTION('',(0.,1.,0.));
#7100=DIRECTION('',(1.,0.,0.));
#7101=DIRECTION('',(0.,1.,0.));
#7102=DIRECTION('',(0.,-1.,0.));
#7103=DIRECTION('',(0.,0.,-1.));
#7104=DIRECTION('',(0.,0.,-1.));
#7105=DIRECTION('',(1.,0.,0.));
#7106=DIRECTION('',(0.,0.,-1.));
#7107=DIRECTION('',(0.,0.,-1.));
#7108=DIRECTION('',(-1.,0.,0.));
#7109=DIRECTION('',(0.,1.,0.));
#7110=DIRECTION('',(1.,0.,0.));
#7111=DIRECTION('',(0.,1.,0.));
#7112=DIRECTION('',(0.,1.,0.));
#7113=DIRECTION('',(0.,0.,1.));
#7114=DIRECTION('',(0.,0.,1.));
#7115=DIRECTION('',(0.,0.,1.));
#7116=DIRECTION('',(1.,0.,0.));
#7117=DIRECTION('',(0.,1.,0.));
#7118=DIRECTION('',(1.,0.,0.));
#7119=DIRECTION('',(0.,1.,0.));
#7120=DIRECTION('',(0.,-1.,0.));
#7121=DIRECTION('',(0.,0.,-1.));
#7122=DIRECTION('',(0.,0.,-1.));
#7123=DIRECTION('',(1.,0.,0.));
#7124=DIRECTION('',(0.,0.,-1.));
#7125=DIRECTION('',(0.,0.,-1.));
#7126=DIRECTION('',(-1.,0.,0.));
#7127=DIRECTION('',(0.,1.,0.));
#7128=DIRECTION('',(1.,0.,0.));
#7129=DIRECTION('',(0.,1.,0.));
#7130=DIRECTION('',(0.,1.,0.));
#7131=DIRECTION('',(0.,0.,1.));
#7132=DIRECTION('',(0.,0.,1.));
#7133=DIRECTION('',(0.,0.,1.));
#7134=DIRECTION('',(1.,0.,0.));
#7135=DIRECTION('',(0.,1.,0.));
#7136=DIRECTION('',(1.,0.,0.));
#7137=DIRECTION('',(0.,1.,0.));
#7138=DIRECTION('',(0.,-1.,0.));
#7139=DIRECTION('',(0.,0.,-1.));
#7140=DIRECTION('',(0.,0.,-1.));
#7141=DIRECTION('',(1.,0.,0.));
#7142=DIRECTION('',(0.,0.,-1.));
#7143=DIRECTION('',(0.,0.,-1.));
#7144=DIRECTION('',(-1.,0.,0.));
#7145=DIRECTION('',(0.,1.,0.));
#7146=DIRECTION('',(1.,0.,0.));
#7147=DIRECTION('',(0.,1.,0.));
#7148=DIRECTION('',(0.,1.,0.));
#7149=DIRECTION('',(0.,0.,1.));
#7150=DIRECTION('',(0.,0.,1.));
#7151=DIRECTION('',(0.,0.,1.));
#7152=DIRECTION('',(1.,0.,0.));
#7153=DIRECTION('',(0.,1.,0.));
#7154=DIRECTION('',(1.,0.,0.));
#7155=DIRECTION('',(0.,1.,0.));
#7156=DIRECTION('',(0.,-1.,0.));
#7157=DIRECTION('',(0.,0.,-1.));
#7158=DIRECTION('',(0.,0.,-1.));
#7159=DIRECTION('',(1.,0.,0.));
#7160=DIRECTION('',(0.,0.,-1.));
#7161=DIRECTION('',(0.,0.,-1.));
#7162=DIRECTION('',(-1.,0.,0.));
#7163=DIRECTION('',(0.,1.,0.));
#7164=DIRECTION('',(1.,0.,0.));
#7165=DIRECTION('',(0.,1.,0.));
#7166=DIRECTION('',(0.,1.,0.));
#7167=DIRECTION('',(0.,0.,1.));
#7168=DIRECTION('',(0.,0.,1.));
#7169=DIRECTION('',(0.,0.,1.));
#7170=DIRECTION('',(1.,0.,0.));
#7171=DIRECTION('',(0.,1.,0.));
#7172=DIRECTION('',(1.,0.,0.));
#7173=DIRECTION('',(0.,1.,0.));
#7174=DIRECTION('',(0.,-1.,0.));
#7175=DIRECTION('',(0.,0.,-1.));
#7176=DIRECTION('',(0.,0.,-1.));
#7177=DIRECTION('',(1.,0.,0.));
#7178=DIRECTION('',(0.,0.,-1.));
#7179=DIRECTION('',(0.,0.,-1.));
#7180=DIRECTION('',(-1.,0.,0.));
#7181=DIRECTION('',(0.,1.,0.));
#7182=DIRECTION('',(1.,0.,0.));
#7183=DIRECTION('',(0.,1.,0.));
#7184=DIRECTION('',(0.,1.,0.));
#7185=DIRECTION('',(0.,0.,1.));
#7186=DIRECTION('',(0.,0.,1.));
#7187=DIRECTION('',(0.,0.,1.));
#7188=DIRECTION('',(1.,0.,0.));
#7189=DIRECTION('',(0.,1.,0.));
#7190=DIRECTION('',(1.,0.,0.));
#7191=DIRECTION('',(0.,1.,0.));
#7192=DIRECTION('',(0.,-1.,0.));
#7193=DIRECTION('',(0.,0.,-1.));
#7194=DIRECTION('',(0.,0.,-1.));
#7195=DIRECTION('',(1.,0.,0.));
#7196=DIRECTION('',(0.,0.,-1.));
#7197=DIRECTION('',(0.,0.,-1.));
#7198=DIRECTION('',(-1.,0.,0.));
#7199=DIRECTION('',(0.,1.,0.));
#7200=DIRECTION('',(1.,0.,0.));
#7201=DIRECTION('',(0.,1.,0.));
#7202=DIRECTION('',(0.,1.,0.));
#7203=DIRECTION('',(0.,0.,1.));
#7204=DIRECTION('',(0.,0.,1.));
#7205=DIRECTION('',(0.,0.,1.));
#7206=DIRECTION('',(1.,0.,0.));
#7207=DIRECTION('',(0.,1.,0.));
#7208=DIRECTION('',(1.,0.,0.));
#7209=DIRECTION('',(0.,1.,0.));
#7210=DIRECTION('',(0.,-1.,0.));
#7211=DIRECTION('',(0.,0.,-1.));
#7212=DIRECTION('',(0.,0.,-1.));
#7213=DIRECTION('',(1.,0.,0.));
#7214=DIRECTION('',(0.,0.,-1.));
#7215=DIRECTION('',(0.,0.,-1.));
#7216=DIRECTION('',(-1.,0.,0.));
#7217=DIRECTION('',(0.,1.,0.));
#7218=DIRECTION('',(1.,0.,0.));
#7219=DIRECTION('',(0.,1.,0.));
#7220=DIRECTION('',(0.,1.,0.));
#7221=DIRECTION('',(0.,0.,1.));
#7222=DIRECTION('',(0.,0.,1.));
#7223=DIRECTION('',(0.,0.,1.));
#7224=DIRECTION('',(1.,0.,0.));
#7225=DIRECTION('',(0.,1.,0.));
#7226=DIRECTION('',(1.,0.,0.));
#7227=DIRECTION('',(0.,1.,0.));
#7228=DIRECTION('',(0.,0.,-1.));
#7229=DIRECTION('',(-1.,0.,0.));
#7230=DIRECTION('',(0.,-1.,0.));
#7231=DIRECTION('',(-1.,0.,0.));
#7232=DIRECTION('',(-1.,0.,0.));
#7233=DIRECTION('',(0.,1.,0.));
#7234=DIRECTION('',(0.,0.,1.));
#7235=DIRECTION('',(0.,0.,-1.));
#7236=DIRECTION('',(-1.,0.,0.));
#7237=DIRECTION('',(0.,0.,1.));
#7238=DIRECTION('',(1.,0.,0.));
#7239=DIRECTION('',(0.,1.,0.));
#7240=DIRECTION('',(-1.,0.,0.));
#7241=DIRECTION('',(0.,-1.,0.));
#7242=DIRECTION('',(0.,0.,-1.));
#7243=DIRECTION('',(-0.939692620785909,0.,0.342020143325668));
#7244=DIRECTION('',(0.,0.,1.));
#7245=DIRECTION('',(0.,-1.,0.));
#7246=DIRECTION('',(0.,0.,-1.));
#7247=DIRECTION('',(0.939692620785909,0.,0.342020143325668));
#7248=DIRECTION('',(0.,0.,1.));
#7249=DIRECTION('',(1.,0.,0.));
#7250=DIRECTION('',(0.,1.,0.));
#7251=DIRECTION('',(1.,0.,0.));
#7252=DIRECTION('',(0.,1.,0.));
#7253=DIRECTION('',(0.,1.,0.));
#7254=DIRECTION('',(0.,0.,1.));
#7255=DIRECTION('',(0.,0.,-1.));
#7256=DIRECTION('',(0.,0.,-1.));
#7257=DIRECTION('',(-1.,0.,0.));
#7258=DIRECTION('',(0.,0.,1.));
#7259=DIRECTION('',(1.,0.,0.));
#7260=DIRECTION('',(0.,1.,0.));
#7261=DIRECTION('',(0.,1.,0.));
#7262=DIRECTION('',(-1.,0.,0.));
#7263=DIRECTION('',(0.,-1.,0.));
#7264=DIRECTION('',(0.,0.,-1.));
#7265=DIRECTION('',(0.,0.,1.));
#7266=DIRECTION('',(0.,0.,1.));
#7267=DIRECTION('',(1.,0.,0.));
#7268=DIRECTION('',(0.,1.,0.));
#7269=DIRECTION('',(1.,0.,0.));
#7270=DIRECTION('',(0.,1.,0.));
#7271=DIRECTION('',(0.,1.,0.));
#7272=DIRECTION('',(0.,0.,1.));
#7273=DIRECTION('',(0.,0.,-1.));
#7274=DIRECTION('',(0.,0.,-1.));
#7275=DIRECTION('',(-1.,0.,0.));
#7276=DIRECTION('',(0.,0.,1.));
#7277=DIRECTION('',(1.,0.,0.));
#7278=DIRECTION('',(0.,1.,0.));
#7279=DIRECTION('',(0.,1.,0.));
#7280=DIRECTION('',(-1.,0.,0.));
#7281=DIRECTION('',(0.,-1.,0.));
#7282=DIRECTION('',(0.,0.,-1.));
#7283=DIRECTION('',(0.,0.,1.));
#7284=DIRECTION('',(0.,0.,1.));
#7285=DIRECTION('',(1.,0.,0.));
#7286=DIRECTION('',(0.,1.,0.));
#7287=DIRECTION('',(1.,0.,0.));
#7288=DIRECTION('',(0.,1.,0.));
#7289=DIRECTION('',(0.,1.,0.));
#7290=DIRECTION('',(0.,0.,1.));
#7291=DIRECTION('',(0.,0.,-1.));
#7292=DIRECTION('',(0.,0.,-1.));
#7293=DIRECTION('',(-1.,0.,0.));
#7294=DIRECTION('',(0.,0.,1.));
#7295=DIRECTION('',(1.,0.,0.));
#7296=DIRECTION('',(0.,1.,0.));
#7297=DIRECTION('',(0.,1.,0.));
#7298=DIRECTION('',(-1.,0.,0.));
#7299=DIRECTION('',(0.,-1.,0.));
#7300=DIRECTION('',(0.,0.,-1.));
#7301=DIRECTION('',(0.,0.,1.));
#7302=DIRECTION('',(0.,0.,1.));
#7303=DIRECTION('',(1.,0.,0.));
#7304=DIRECTION('',(0.,1.,0.));
#7305=DIRECTION('',(1.,0.,0.));
#7306=DIRECTION('',(0.,1.,0.));
#7307=DIRECTION('',(0.,1.,0.));
#7308=DIRECTION('',(0.,0.,1.));
#7309=DIRECTION('',(0.,0.,-1.));
#7310=DIRECTION('',(0.,0.,-1.));
#7311=DIRECTION('',(-1.,0.,0.));
#7312=DIRECTION('',(0.,0.,1.));
#7313=DIRECTION('',(1.,0.,0.));
#7314=DIRECTION('',(0.,1.,0.));
#7315=DIRECTION('',(0.,1.,0.));
#7316=DIRECTION('',(-1.,0.,0.));
#7317=DIRECTION('',(0.,-1.,0.));
#7318=DIRECTION('',(0.,0.,-1.));
#7319=DIRECTION('',(0.,0.,1.));
#7320=DIRECTION('',(0.,0.,1.));
#7321=DIRECTION('',(1.,0.,0.));
#7322=DIRECTION('',(0.,1.,0.));
#7323=DIRECTION('',(1.,0.,0.));
#7324=DIRECTION('',(0.,1.,0.));
#7325=DIRECTION('',(0.,1.,0.));
#7326=DIRECTION('',(0.,0.,1.));
#7327=DIRECTION('',(0.,0.,-1.));
#7328=DIRECTION('',(0.,0.,-1.));
#7329=DIRECTION('',(-1.,0.,0.));
#7330=DIRECTION('',(0.,0.,1.));
#7331=DIRECTION('',(1.,0.,0.));
#7332=DIRECTION('',(0.,1.,0.));
#7333=DIRECTION('',(0.,1.,0.));
#7334=DIRECTION('',(-1.,0.,0.));
#7335=DIRECTION('',(0.,-1.,0.));
#7336=DIRECTION('',(0.,0.,-1.));
#7337=DIRECTION('',(0.,0.,1.));
#7338=DIRECTION('',(0.,0.,1.));
#7339=DIRECTION('',(1.,0.,0.));
#7340=DIRECTION('',(0.,1.,0.));
#7341=DIRECTION('',(1.,0.,0.));
#7342=DIRECTION('',(0.,1.,0.));
#7343=DIRECTION('',(0.,1.,0.));
#7344=DIRECTION('',(0.,0.,1.));
#7345=DIRECTION('',(0.,0.,-1.));
#7346=DIRECTION('',(0.,0.,-1.));
#7347=DIRECTION('',(-1.,0.,0.));
#7348=DIRECTION('',(0.,0.,1.));
#7349=DIRECTION('',(1.,0.,0.));
#7350=DIRECTION('',(0.,1.,0.));
#7351=DIRECTION('',(0.,1.,0.));
#7352=DIRECTION('',(-1.,0.,0.));
#7353=DIRECTION('',(0.,-1.,0.));
#7354=DIRECTION('',(0.,0.,-1.));
#7355=DIRECTION('',(0.,0.,1.));
#7356=DIRECTION('',(0.,0.,1.));
#7357=DIRECTION('',(1.,0.,0.));
#7358=DIRECTION('',(0.,1.,0.));
#7359=DIRECTION('',(1.,0.,0.));
#7360=DIRECTION('',(0.,1.,0.));
#7361=DIRECTION('',(0.,1.,0.));
#7362=DIRECTION('',(0.,0.,1.));
#7363=DIRECTION('',(0.,0.,-1.));
#7364=DIRECTION('',(0.,0.,-1.));
#7365=DIRECTION('',(-1.,0.,0.));
#7366=DIRECTION('',(0.,0.,1.));
#7367=DIRECTION('',(1.,0.,0.));
#7368=DIRECTION('',(0.,1.,0.));
#7369=DIRECTION('',(0.,1.,0.));
#7370=DIRECTION('',(-1.,0.,0.));
#7371=DIRECTION('',(0.,-1.,0.));
#7372=DIRECTION('',(0.,0.,-1.));
#7373=DIRECTION('',(0.,0.,1.));
#7374=DIRECTION('',(0.,0.,1.));
#7375=DIRECTION('',(1.,0.,0.));
#7376=DIRECTION('',(0.,1.,0.));
#7377=DIRECTION('',(1.,0.,0.));
#7378=DIRECTION('',(0.,1.,0.));
#7379=DIRECTION('',(0.,1.,0.));
#7380=DIRECTION('',(0.,0.,1.));
#7381=DIRECTION('',(0.,0.,-1.));
#7382=DIRECTION('',(0.,0.,-1.));
#7383=DIRECTION('',(-1.,0.,0.));
#7384=DIRECTION('',(0.,0.,1.));
#7385=DIRECTION('',(1.,0.,0.));
#7386=DIRECTION('',(0.,1.,0.));
#7387=DIRECTION('',(0.,1.,0.));
#7388=DIRECTION('',(-1.,0.,0.));
#7389=DIRECTION('',(0.,-1.,0.));
#7390=DIRECTION('',(0.,0.,-1.));
#7391=DIRECTION('',(0.,0.,1.));
#7392=DIRECTION('',(0.,0.,1.));
#7393=DIRECTION('',(1.,0.,0.));
#7394=DIRECTION('',(0.,1.,0.));
#7395=DIRECTION('',(1.,0.,0.));
#7396=DIRECTION('',(0.,1.,0.));
#7397=DIRECTION('',(0.,1.,0.));
#7398=DIRECTION('',(0.,0.,1.));
#7399=DIRECTION('',(0.,0.,-1.));
#7400=DIRECTION('',(0.,0.,-1.));
#7401=DIRECTION('',(-1.,0.,0.));
#7402=DIRECTION('',(0.,0.,1.));
#7403=DIRECTION('',(1.,0.,0.));
#7404=DIRECTION('',(0.,1.,0.));
#7405=DIRECTION('',(0.,1.,0.));
#7406=DIRECTION('',(-1.,0.,0.));
#7407=DIRECTION('',(0.,-1.,0.));
#7408=DIRECTION('',(0.,0.,-1.));
#7409=DIRECTION('',(0.,0.,1.));
#7410=DIRECTION('',(0.,0.,1.));
#7411=DIRECTION('',(1.,0.,0.));
#7412=DIRECTION('',(0.,1.,0.));
#7413=DIRECTION('',(1.,0.,0.));
#7414=DIRECTION('',(0.,1.,0.));
#7415=DIRECTION('',(0.,1.,0.));
#7416=DIRECTION('',(0.,0.,1.));
#7417=DIRECTION('',(0.,0.,-1.));
#7418=DIRECTION('',(0.,0.,-1.));
#7419=DIRECTION('',(-1.,0.,0.));
#7420=DIRECTION('',(0.,0.,1.));
#7421=DIRECTION('',(1.,0.,0.));
#7422=DIRECTION('',(0.,1.,0.));
#7423=DIRECTION('',(0.,1.,0.));
#7424=DIRECTION('',(-1.,0.,0.));
#7425=DIRECTION('',(0.,-1.,0.));
#7426=DIRECTION('',(0.,0.,-1.));
#7427=DIRECTION('',(0.,0.,1.));
#7428=DIRECTION('',(0.,0.,1.));
#7429=DIRECTION('',(1.,0.,0.));
#7430=DIRECTION('',(0.,1.,0.));
#7431=DIRECTION('',(1.,0.,0.));
#7432=DIRECTION('',(0.,1.,0.));
#7433=DIRECTION('',(0.296198132726024,-0.171010071662834,0.939692620785909));
#7434=DIRECTION('',(-0.5,-0.866025403784439,0.));
#7435=DIRECTION('',(0.91125068467017,-0.244168885059678,-0.331668125174639));
#7436=DIRECTION('',(-0.342020143325668,0.,-0.939692620785909));
#7437=DIRECTION('',(0.,1.,0.));
#7438=DIRECTION('',(-0.342020143325668,0.,0.939692620785909));
#7439=DIRECTION('',(0.,-1.,0.));
#7440=DIRECTION('',(-0.91125068467017,-0.24416888505968,-0.331668125174639));
#7441=DIRECTION('',(0.296198132726024,0.171010071662834,-0.939692620785909));
#7442=DIRECTION('',(0.5,-0.866025403784439,0.));
#7443=DIRECTION('',(0.,0.,-1.));
#7444=DIRECTION('',(-1.,0.,0.));
#7445=DIRECTION('',(0.,0.,1.));
#7446=DIRECTION('',(1.,0.,0.));
#7447=DIRECTION('',(1.,0.,0.));
#7448=DIRECTION('',(0.,0.,-1.));
#7449=DIRECTION('',(0.,0.,1.));
#7450=DIRECTION('',(1.,0.,0.));
#7451=DIRECTION('',(0.,0.,1.));
#7452=DIRECTION('',(1.,0.,0.));
#7453=DIRECTION('',(1.,0.,0.));
#7454=DIRECTION('',(0.,0.,-1.));
#7455=DIRECTION('',(0.,1.,0.));
#7456=DIRECTION('',(0.,0.,1.));
#7457=DIRECTION('',(-1.,0.,0.));
#7458=DIRECTION('',(-0.707106781186548,0.,0.707106781186548));
#7459=DIRECTION('',(0.,0.,-1.));
#7460=DIRECTION('',(0.,0.,-1.));
#7461=DIRECTION('',(0.707106781186548,0.,0.707106781186548));
#7462=DIRECTION('',(0.,0.,1.));
#7463=DIRECTION('',(1.,0.,0.));
#7464=DIRECTION('',(-1.,0.,0.));
#7465=DIRECTION('',(0.,1.,0.));
#7466=DIRECTION('',(0.,-1.,0.));
#7467=DIRECTION('',(0.,-1.,0.));
#7468=DIRECTION('',(0.,0.,-1.));
#7469=DIRECTION('',(0.,0.,1.));
#7470=DIRECTION('',(0.707106781186548,0.,-0.707106781186548));
#7471=DIRECTION('',(-0.707106781186548,0.,-0.707106781186548));
#7472=DIRECTION('',(0.,0.,1.));
#7473=DIRECTION('',(1.,0.,0.));
#7474=DIRECTION('',(0.,1.,0.));
#7475=DIRECTION('',(0.,-1.,0.));
#7476=DIRECTION('',(1.,0.,0.));
#7477=DIRECTION('',(0.,1.,0.));
#7478=DIRECTION('',(0.,1.,0.));
#7479=DIRECTION('',(0.,1.,0.));
#7480=DIRECTION('',(0.,0.,1.));
#7481=DIRECTION('',(-1.,0.,0.));
#7482=DIRECTION('',(-0.707106781186548,0.,0.707106781186548));
#7483=DIRECTION('',(0.,0.,-1.));
#7484=DIRECTION('',(0.,0.,-1.));
#7485=DIRECTION('',(0.707106781186548,0.,0.707106781186548));
#7486=DIRECTION('',(0.,0.,1.));
#7487=DIRECTION('',(1.,0.,0.));
#7488=DIRECTION('',(-1.,0.,0.));
#7489=DIRECTION('',(0.,1.,0.));
#7490=DIRECTION('',(0.,-1.,0.));
#7491=DIRECTION('',(0.,-1.,0.));
#7492=DIRECTION('',(0.,0.,-1.));
#7493=DIRECTION('',(0.,0.,1.));
#7494=DIRECTION('',(0.707106781186548,0.,-0.707106781186548));
#7495=DIRECTION('',(-0.707106781186548,0.,-0.707106781186548));
#7496=DIRECTION('',(0.,0.,1.));
#7497=DIRECTION('',(1.,0.,0.));
#7498=DIRECTION('',(0.,1.,0.));
#7499=DIRECTION('',(0.,-1.,0.));
#7500=DIRECTION('',(1.,0.,0.));
#7501=DIRECTION('',(0.,1.,0.));
#7502=DIRECTION('',(0.,1.,0.));
#7503=DIRECTION('',(0.,0.,1.));
#7504=DIRECTION('',(1.,0.,0.));
#7505=DIRECTION('',(0.,1.,0.));
#7506=DIRECTION('',(-1.,0.,0.));
#7507=DIRECTION('',(0.,1.,0.));
#7508=DIRECTION('',(-1.,0.,0.));
#7509=DIRECTION('',(0.,1.,0.));
#7510=DIRECTION('',(0.,0.,1.));
#7511=DIRECTION('',(-1.,0.,0.));
#7512=DIRECTION('',(-0.707106781186548,0.,0.707106781186548));
#7513=DIRECTION('',(0.,0.,-1.));
#7514=DIRECTION('',(0.,0.,-1.));
#7515=DIRECTION('',(0.707106781186548,0.,0.707106781186548));
#7516=DIRECTION('',(0.,0.,1.));
#7517=DIRECTION('',(1.,0.,0.));
#7518=DIRECTION('',(-1.,0.,0.));
#7519=DIRECTION('',(0.,1.,0.));
#7520=DIRECTION('',(0.,-1.,0.));
#7521=DIRECTION('',(0.,-1.,0.));
#7522=DIRECTION('',(0.,0.,-1.));
#7523=DIRECTION('',(0.,0.,1.));
#7524=DIRECTION('',(0.707106781186548,0.,-0.707106781186548));
#7525=DIRECTION('',(-0.707106781186548,0.,-0.707106781186548));
#7526=DIRECTION('',(0.,0.,1.));
#7527=DIRECTION('',(-1.,0.,0.));
#7528=DIRECTION('',(0.,0.,1.));
#7529=DIRECTION('',(1.,0.,0.));
#7530=DIRECTION('',(0.,1.,0.));
#7531=DIRECTION('',(-1.,0.,0.));
#7532=DIRECTION('',(0.,1.,0.));
#7533=DIRECTION('',(0.,-0.237219616158374,0.971456048264498));
#7534=DIRECTION('',(0.,-0.971456048264498,-0.237219616158374));
#7535=DIRECTION('',(0.,0.971456048264498,0.237219616158374));
#7536=DIRECTION('',(0.,0.971456048264498,0.237219616158374));
#7537=DIRECTION('',(0.,0.254227650884398,0.96714440572533));
#7538=DIRECTION('',(0.,-0.96714440572533,0.254227650884398));
#7539=DIRECTION('',(0.,0.96714440572533,-0.254227650884398));
#7540=DIRECTION('',(0.,0.96714440572533,-0.254227650884398));
#7541=DIRECTION('',(1.,0.,0.));
#7542=DIRECTION('',(0.,1.,0.));
#7543=DIRECTION('',(0.,-1.,0.));
#7544=DIRECTION('',(1.,0.,0.));
#7545=DIRECTION('',(0.,1.,0.));
#7546=DIRECTION('',(0.,1.,0.));
#7547=DIRECTION('',(0.,0.,1.));
#7548=DIRECTION('',(1.,0.,0.));
#7549=DIRECTION('',(0.,1.,0.));
#7550=DIRECTION('',(-1.,0.,0.));
#7551=DIRECTION('',(0.,1.,0.));
#7552=DIRECTION('',(-1.,0.,0.));
#7553=DIRECTION('',(0.,1.,0.));
#7554=DIRECTION('',(0.,0.,1.));
#7555=DIRECTION('',(-1.,0.,0.));
#7556=DIRECTION('',(-0.707106781186548,0.,0.707106781186548));
#7557=DIRECTION('',(0.,0.,-1.));
#7558=DIRECTION('',(0.,0.,-1.));
#7559=DIRECTION('',(0.707106781186548,0.,0.707106781186548));
#7560=DIRECTION('',(0.,0.,1.));
#7561=DIRECTION('',(1.,0.,0.));
#7562=DIRECTION('',(0.,0.,1.));
#7563=DIRECTION('',(1.,0.,0.));
#7564=DIRECTION('',(0.,1.,0.));
#7565=DIRECTION('',(0.,-1.,0.));
#7566=DIRECTION('',(0.,-1.,0.));
#7567=DIRECTION('',(0.,0.,-1.));
#7568=DIRECTION('',(0.,0.,1.));
#7569=DIRECTION('',(0.707106781186548,0.,-0.707106781186548));
#7570=DIRECTION('',(-0.707106781186548,0.,-0.707106781186548));
#7571=DIRECTION('',(0.,0.,1.));
#7572=DIRECTION('',(-1.,0.,0.));
#7573=DIRECTION('',(0.,0.,1.));
#7574=DIRECTION('',(1.,0.,0.));
#7575=DIRECTION('',(0.,1.,0.));
#7576=DIRECTION('',(-1.,0.,0.));
#7577=DIRECTION('',(0.,1.,0.));
#7578=DIRECTION('',(0.,-0.818952148389742,0.573861811456231));
#7579=DIRECTION('',(0.,-0.573861811456231,-0.818952148389742));
#7580=DIRECTION('',(0.,0.573861811456231,0.818952148389742));
#7581=DIRECTION('',(0.,0.573861811456231,0.818952148389742));
#7582=DIRECTION('',(0.,1.,0.));
#7583=DIRECTION('',(0.,0.,1.));
#7584=DIRECTION('',(0.,0.,-1.));
#7585=DIRECTION('',(0.,0.,-1.));
#7586=DIRECTION('',(1.,0.,0.));
#7587=DIRECTION('',(0.,1.,0.));
#7588=DIRECTION('',(0.,-1.,0.));
#7589=DIRECTION('',(1.,0.,0.));
#7590=DIRECTION('',(0.,1.,0.));
#7591=DIRECTION('',(0.,1.,0.));
#7592=DIRECTION('',(0.,0.,-1.));
#7593=DIRECTION('',(-1.,0.,0.));
#7594=DIRECTION('',(0.,0.,1.));
#7595=DIRECTION('',(1.,0.,0.));
#7596=DIRECTION('',(-0.707106781186548,0.,0.707106781186548));
#7597=DIRECTION('',(-0.707106781186548,0.,-0.707106781186548));
#7598=DIRECTION('',(-0.707106781186548,0.,-0.707106781186548));
#7599=DIRECTION('',(0.707106781186548,0.,-0.707106781186548));
#7600=DIRECTION('',(0.,0.,1.));
#7601=DIRECTION('',(1.,0.,0.));
#7602=DIRECTION('',(-0.707106781186548,0.,-0.707106781186548));
#7603=DIRECTION('',(0.,1.,0.));
#7604=DIRECTION('',(-0.707106781186548,0.,0.707106781186548));
#7605=DIRECTION('',(0.,-1.,0.));
#7606=DIRECTION('',(-0.707106781186548,0.,-0.707106781186548));
#7607=DIRECTION('',(0.,1.,0.));
#7608=DIRECTION('',(-0.707106781186548,0.,0.707106781186548));
#7609=DIRECTION('',(0.,-1.,0.));
#7610=DIRECTION('',(-0.707106781186548,0.,-0.707106781186548));
#7611=DIRECTION('',(0.,1.,0.));
#7612=DIRECTION('',(-0.707106781186548,0.,0.707106781186548));
#7613=DIRECTION('',(0.,-1.,0.));
#7614=DIRECTION('',(-0.707106781186548,0.,-0.707106781186548));
#7615=DIRECTION('',(0.,1.,0.));
#7616=DIRECTION('',(-0.707106781186548,0.,0.707106781186548));
#7617=DIRECTION('',(0.,-1.,0.));
#7618=DIRECTION('',(0.,0.,1.));
#7619=DIRECTION('',(1.,0.,0.));
#7620=DIRECTION('',(0.707106781186548,0.,-0.707106781186548));
#7621=DIRECTION('',(0.707106781186548,0.,0.707106781186548));
#7622=DIRECTION('',(1.,0.,0.));
#7623=DIRECTION('',(0.,0.,-1.));
#7624=DIRECTION('',(0.707106781186548,0.,0.707106781186548));
#7625=DIRECTION('',(0.707106781186548,0.,-0.707106781186548));
#7626=DIRECTION('',(0.,0.,1.));
#7627=DIRECTION('',(1.,0.,0.));
#7628=DIRECTION('',(-1.,-4.17309610760317E-16,-2.37831434947484E-31));
#7629=DIRECTION('',(4.17309610760317E-16,-1.,0.));
#7630=DIRECTION('',(4.17309610760317E-16,-1.,-5.69916025931364E-16));
#7631=DIRECTION('',(0.,-5.69916025931364E-16,1.));
#7632=DIRECTION('',(4.17309610760317E-16,-1.,-5.69916025931364E-16));
#7633=DIRECTION('',(0.,1.,5.69916025931364E-16));
#7634=DIRECTION('',(0.,-5.69916025931364E-16,1.));
#7635=DIRECTION('',(-1.,0.,0.));
#7636=DIRECTION('',(-1.,0.,0.));
#7637=DIRECTION('',(0.,-5.69916025931364E-16,1.));
#7638=DIRECTION('',(1.,0.,0.));
#7639=DIRECTION('',(0.,-5.69916025931364E-16,1.));
#7640=DIRECTION('',(1.,0.,0.));
#7641=DIRECTION('',(0.,-1.,-5.69916025931364E-16));
#7642=DIRECTION('',(0.,5.69916025931364E-16,-1.));
#7643=DIRECTION('',(1.,0.,0.));
#7644=DIRECTION('',(0.,-5.69916025931364E-16,1.));
#7645=DIRECTION('',(1.,0.,0.));
#7646=DIRECTION('',(-1.,0.,0.));
#7647=DIRECTION('',(0.,0.,1.));
#7648=DIRECTION('',(0.,-1.,-5.69916025931364E-16));
#7649=DIRECTION('',(0.,-1.,-5.69916025931364E-16));
#7650=DIRECTION('',(0.,-5.69916025931364E-16,1.));
#7651=DIRECTION('',(1.,0.,0.));
#7652=DIRECTION('',(0.,-5.69916025931364E-16,1.));
#7653=DIRECTION('',(1.,0.,0.));
#7654=DIRECTION('',(0.,-1.,0.));
#7655=DIRECTION('',(0.,0.,-1.));
#7656=DIRECTION('',(0.,0.,1.));
#7657=DIRECTION('',(-1.,0.,0.));
#7658=DIRECTION('',(0.,0.,1.));
#7659=DIRECTION('',(0.,1.,0.));
#7660=DIRECTION('',(0.,0.,1.));
#7661=DIRECTION('',(0.,0.,-1.));
#7662=DIRECTION('',(0.,0.,-1.));
#7663=DIRECTION('',(-1.,0.,0.));
#7664=DIRECTION('',(0.,0.,1.));
#7665=DIRECTION('',(1.,0.,0.));
#7666=DIRECTION('',(0.,1.,0.));
#7667=DIRECTION('',(0.,1.,0.));
#7668=DIRECTION('',(1.,0.,0.));
#7669=DIRECTION('',(0.,1.,0.));
#7670=DIRECTION('',(1.,0.,0.));
#7671=DIRECTION('',(0.,1.,0.));
#7672=DIRECTION('',(0.,1.,0.));
#7673=DIRECTION('',(0.,0.,1.));
#7674=DIRECTION('',(0.,0.,-1.));
#7675=DIRECTION('',(0.,0.,-1.));
#7676=DIRECTION('',(-1.,0.,0.));
#7677=DIRECTION('',(0.,0.,1.));
#7678=DIRECTION('',(1.,0.,0.));
#7679=DIRECTION('',(0.,1.,0.));
#7680=DIRECTION('',(0.,1.,0.));
#7681=DIRECTION('',(-1.,0.,0.));
#7682=DIRECTION('',(0.,1.,0.));
#7683=DIRECTION('',(0.,0.,1.));
#7684=DIRECTION('',(0.,0.,-1.));
#7685=DIRECTION('',(0.,0.,-1.));
#7686=DIRECTION('',(1.,0.,0.));
#7687=DIRECTION('',(0.,1.,0.));
#7688=DIRECTION('',(1.,0.,0.));
#7689=DIRECTION('',(0.,1.,0.));
#7690=DIRECTION('',(0.,1.,5.69916025931364E-16));
#7691=DIRECTION('',(0.,-5.69916025931364E-16,1.));
#7692=DIRECTION('',(0.,-5.69916025931364E-16,1.));
#7693=DIRECTION('',(-1.,0.,0.));
#7694=DIRECTION('',(0.,-5.69916025931364E-16,1.));
#7695=DIRECTION('',(1.,0.,0.));
#7696=DIRECTION('',(0.,0.,-1.));
#7697=DIRECTION('',(0.,1.,5.69916025931364E-16));
#7698=DIRECTION('',(0.,-5.69916025931364E-16,1.));
#7699=DIRECTION('',(0.,-1.,-5.69916025931364E-16));
#7700=DIRECTION('',(0.,5.69916025931364E-16,-1.));
#7701=DIRECTION('',(1.,0.,0.));
#7702=DIRECTION('',(0.,-5.69916025931364E-16,1.));
#7703=DIRECTION('',(1.,0.,0.));
#7704=DIRECTION('',(0.,0.,-1.));
#7705=DIRECTION('',(0.,1.,5.69916025931364E-16));
#7706=DIRECTION('',(0.,5.69916025931364E-16,-1.));
#7707=DIRECTION('',(1.,0.,0.));
#7708=DIRECTION('',(1.,0.,0.));
#7709=DIRECTION('',(0.,0.,-1.));
#7710=DIRECTION('',(0.,-5.69916025931364E-16,1.));
#7711=DIRECTION('',(0.,1.,5.69916025931364E-16));
#7712=DIRECTION('',(0.,-5.69916025931364E-16,1.));
#7713=DIRECTION('',(0.,-1.,-5.69916025931364E-16));
#7714=DIRECTION('',(0.,5.69916025931364E-16,-1.));
#7715=DIRECTION('',(1.,0.,0.));
#7716=DIRECTION('',(0.,-5.69916025931364E-16,1.));
#7717=DIRECTION('',(1.,0.,0.));
#7718=DIRECTION('',(0.,0.,-1.));
#7719=DIRECTION('',(0.,1.,5.69916025931364E-16));
#7720=DIRECTION('',(0.,-5.69916025931364E-16,1.));
#7721=DIRECTION('',(0.,1.,5.69916025931364E-16));
#7722=DIRECTION('',(0.,-5.69916025931364E-16,1.));
#7723=DIRECTION('',(-1.,0.,0.));
#7724=DIRECTION('',(0.,5.69916025931364E-16,-1.));
#7725=DIRECTION('',(1.,0.,0.));
#7726=DIRECTION('',(0.,-1.,0.));
#7727=DIRECTION('',(0.,0.,-1.));
#7728=DIRECTION('',(0.,0.,-1.));
#7729=DIRECTION('',(0.,-1.,0.));
#7730=DIRECTION('',(0.,0.,-1.));
#7731=DIRECTION('',(0.,0.,-1.));
#7732=DIRECTION('',(1.,0.,0.));
#7733=DIRECTION('',(0.,1.,0.));
#7734=DIRECTION('',(0.,1.,0.));
#7735=DIRECTION('',(0.,0.,1.));
#7736=DIRECTION('',(0.,0.,-1.));
#7737=DIRECTION('',(0.,1.,0.));
#7738=DIRECTION('',(0.,0.,1.));
#7739=DIRECTION('',(0.,0.,-1.));
#7740=DIRECTION('',(1.,0.,0.));
#7741=DIRECTION('',(0.,1.,0.));
#7742=DIRECTION('',(0.,0.,-1.));
#7743=DIRECTION('',(-1.,0.,0.));
#7744=DIRECTION('',(0.,0.,-1.));
#7745=DIRECTION('',(-1.,0.,0.));
#7746=DIRECTION('',(0.,0.,-1.));
#7747=DIRECTION('',(1.,0.,0.));
#7748=DIRECTION('',(0.,0.,-1.));
#7749=DIRECTION('',(-1.,0.,0.));
#7750=DIRECTION('',(0.,0.,-1.));
#7751=DIRECTION('',(-1.,0.,0.));
#7752=DIRECTION('',(0.,0.,-1.));
#7753=DIRECTION('',(1.,0.,0.));
#7754=DIRECTION('',(0.,0.,1.));
#7755=DIRECTION('',(1.,0.,0.));
#7756=DIRECTION('',(0.,0.,1.));
#7757=DIRECTION('',(1.,0.,0.));
#7758=DIRECTION('',(0.,-1.,0.));
#7759=DIRECTION('',(-1.,0.,0.));
#7760=DIRECTION('',(0.,-1.,0.));
#7761=DIRECTION('',(-1.,0.,0.));
#7762=DIRECTION('',(0.,0.,1.));
#7763=DIRECTION('',(0.,0.,-1.));
#7764=DIRECTION('',(1.,0.,0.));
#7765=DIRECTION('',(0.,0.,-1.));
#7766=DIRECTION('',(0.,0.,1.));
#7767=DIRECTION('',(0.,1.,0.));
#7768=DIRECTION('',(-1.,0.,0.));
#7769=DIRECTION('',(0.,0.,1.));
#7770=DIRECTION('',(1.,0.,0.));
#7771=DIRECTION('',(1.,0.,0.));
#7772=DIRECTION('',(0.,1.,0.));
#7773=DIRECTION('',(0.,0.,-1.));
#7774=DIRECTION('',(0.,-1.,0.));
#7775=DIRECTION('',(0.,0.,-1.));
#7776=DIRECTION('',(0.,1.,0.));
#7777=DIRECTION('',(0.,0.,1.));
#7778=DIRECTION('',(0.,0.,1.));
#7779=DIRECTION('',(0.,0.,1.));
#7780=DIRECTION('',(1.,0.,0.));
#7781=DIRECTION('',(0.,-1.,0.));
#7782=DIRECTION('',(0.,0.,-1.));
#7783=DIRECTION('',(0.,0.,-1.));
#7784=DIRECTION('',(1.,0.,0.));
#7785=DIRECTION('',(0.,0.,-1.));
#7786=DIRECTION('',(0.,0.,-1.));
#7787=DIRECTION('',(-1.,0.,0.));
#7788=DIRECTION('',(0.,1.,0.));
#7789=DIRECTION('',(0.,1.,0.));
#7790=DIRECTION('',(1.,0.,0.));
#7791=DIRECTION('',(0.,1.,0.));
#7792=DIRECTION('',(1.,0.,0.));
#7793=DIRECTION('',(0.,1.,0.));
#7794=DIRECTION('',(0.,0.,-1.));
#7795=DIRECTION('',(-1.,0.,0.));
#7796=DIRECTION('',(0.,0.,1.));
#7797=DIRECTION('',(1.,0.,0.));
#7798=DIRECTION('',(0.,0.,1.));
#7799=DIRECTION('',(1.,0.,0.));
#7800=DIRECTION('',(0.,0.,-1.));
#7801=DIRECTION('',(-1.,0.,0.));
#7802=DIRECTION('',(0.,0.,1.));
#7803=DIRECTION('',(1.,0.,0.));
#7804=DIRECTION('',(0.,0.,1.));
#7805=DIRECTION('',(1.,0.,0.));
#7806=DIRECTION('',(0.,0.,-1.));
#7807=DIRECTION('',(-1.,0.,0.));
#7808=DIRECTION('',(0.,0.,1.));
#7809=DIRECTION('',(1.,0.,0.));
#7810=DIRECTION('',(0.,0.,1.));
#7811=DIRECTION('',(1.,0.,0.));
#7812=DIRECTION('',(0.,0.,-1.));
#7813=DIRECTION('',(-1.,0.,0.));
#7814=DIRECTION('',(0.,0.,1.));
#7815=DIRECTION('',(1.,0.,0.));
#7816=DIRECTION('',(0.,0.,1.));
#7817=DIRECTION('',(1.,0.,0.));
#7818=CARTESIAN_POINT('',(0.,0.,0.));
#7819=CARTESIAN_POINT('',(0.0138754956866615,0.026284033373755,0.0249169273596198));
#7820=CARTESIAN_POINT('',(0.0138754956866615,0.0262840333737549,0.0224379707664308));
#7821=CARTESIAN_POINT('',(0.0173395973017993,0.032284033373755,0.0224379707664308));
#7822=CARTESIAN_POINT('',(0.0147895973017992,0.0278673038144543,0.0224379707664308));
#7823=CARTESIAN_POINT('',(0.0173395973017993,0.032284033373755,0.0140846850693343));
#7824=CARTESIAN_POINT('',(0.0173395973017993,0.032284033373755,0.0312876345097502));
#7825=CARTESIAN_POINT('',(0.0138754956866615,0.026284033373755,0.0312876345097502));
#7826=CARTESIAN_POINT('',(0.0138754956866615,0.026284033373755,0.0312876345097502));
#7827=CARTESIAN_POINT('',(0.0138754956866615,0.026284033373755,0.0249169273596198));
#7828=CARTESIAN_POINT('',(0.0138754956866615,0.026284033373755,0.00752032076643086));
#7829=CARTESIAN_POINT('',(0.0138754956866615,0.026284033373755,0.0075203207664308));
#7830=CARTESIAN_POINT('',(0.0173395973017993,0.032284033373755,0.0075203207664308));
#7831=CARTESIAN_POINT('',(0.0173395973017993,0.032284033373755,0.0140846850693343));
#7832=CARTESIAN_POINT('',(0.0173395973017993,0.032284033373755,0.0207879707664308));
#7833=CARTESIAN_POINT('',(0.0138754956866615,0.0262840333737549,0.0207879707664308));
#7834=CARTESIAN_POINT('',(0.0147895973017992,0.0278673038144543,0.0207879707664308));
#7835=CARTESIAN_POINT('',(0.0147895973017992,0.0278673038144543,0.0207879707664308));
#7836=CARTESIAN_POINT('',(-0.00516040269820076,0.032284033373755,0.0140846850693343));
#7837=CARTESIAN_POINT('',(-0.00516040269820076,0.032284033373755,0.0323795452125487));
#7838=CARTESIAN_POINT('',(-0.00516040269820075,0.032284033373755,0.0224379707664308));
#7839=CARTESIAN_POINT('',(-0.00516040269820076,0.032284033373755,0.0312876345097502));
#7840=CARTESIAN_POINT('',(-0.00516040269820076,0.032284033373755,0.0224379707664308));
#7841=CARTESIAN_POINT('',(-0.00261040269820074,0.0278673038144543,0.0224379707664308));
#7842=CARTESIAN_POINT('',(-0.00261040269820075,0.0278673038144543,0.0207879707664308));
#7843=CARTESIAN_POINT('',(-0.00261040269820075,0.0278673038144543,0.0207879707664308));
#7844=CARTESIAN_POINT('',(-0.00516040269820076,0.032284033373755,0.0207879707664308));
#7845=CARTESIAN_POINT('',(-0.00516040269820076,0.032284033373755,0.0207879707664308));
#7846=CARTESIAN_POINT('',(-0.00516040269820076,0.032284033373755,0.0323795452125487));
#7847=CARTESIAN_POINT('',(-0.00516040269820076,0.032284033373755,0.0075203207664308));
#7848=CARTESIAN_POINT('',(-0.00516040269820076,0.032284033373755,0.0075203207664308));
#7849=CARTESIAN_POINT('',(-0.001696301083063,0.026284033373755,0.00752032076643086));
#7850=CARTESIAN_POINT('',(-0.001696301083063,0.026284033373755,0.0075203207664308));
#7851=CARTESIAN_POINT('',(-0.001696301083063,0.026284033373755,0.0312876345097502));
#7852=CARTESIAN_POINT('',(-0.00516040269820076,0.032284033373755,0.0312876345097502));
#7853=CARTESIAN_POINT('',(0.0173395973017993,0.152044580259186,0.00752032076643087));
#7854=CARTESIAN_POINT('',(0.0150895973017993,0.0125095573563244,0.00752032076643079));
#7855=CARTESIAN_POINT('',(0.0150895973017993,0.0125095573563244,0.00752032076643079));
#7856=CARTESIAN_POINT('',(0.0173395973017993,0.0125095573563244,0.00752032076643079));
#7857=CARTESIAN_POINT('',(0.0173395973017993,0.152044580259186,0.00752032076643087));
#7858=CARTESIAN_POINT('',(0.0135895973017992,0.026284033373755,0.00752032076643086));
#7859=CARTESIAN_POINT('',(0.0124018456823123,0.026284033373755,0.00752032076643086));
#7860=CARTESIAN_POINT('',(0.0124018456823123,0.025534033373755,0.0075203207664308));
#7861=CARTESIAN_POINT('',(0.0116546996587435,0.0255994001808157,0.0075203207664308));
#7862=CARTESIAN_POINT('',(0.0226763703909782,0.151577673114072,0.00752032076643087));
#7863=CARTESIAN_POINT('',(0.010197244373755,0.00894061004446125,0.00752032076643085));
#7864=CARTESIAN_POINT('',(0.0117145973017992,0.00894061004446125,0.00752032076643085));
#7865=CARTESIAN_POINT('',(0.00198195022984349,0.00894061004446125,0.00752032076643085));
#7866=CARTESIAN_POINT('',(-0.0103262630087671,0.149624131115319,0.00752032076643087));
#7867=CARTESIAN_POINT('',(0.000524494944854983,0.0255994001808157,0.0075203207664308));
#7868=CARTESIAN_POINT('',(-0.000222651078713823,0.025534033373755,0.0075203207664308));
#7869=CARTESIAN_POINT('',(-0.000222651078713824,0.026284033373755,0.00752032076643086));
#7870=CARTESIAN_POINT('',(0.0135895973017992,0.026284033373755,0.00752032076643086));
#7871=CARTESIAN_POINT('',(-0.00516040269820076,0.152044580259186,0.00752032076643087));
#7872=CARTESIAN_POINT('',(-0.00516040269820076,0.0081957337733475,0.00752032076643079));
#7873=CARTESIAN_POINT('',(-0.0658348259411199,0.0688701570162667,0.00752032076643082));
#7874=CARTESIAN_POINT('',(0.000839597301799245,0.0021957337733475,0.00752032076643085));
#7875=CARTESIAN_POINT('',(0.0173395973017993,0.0021957337733475,0.00752032076643085));
#7876=CARTESIAN_POINT('',(0.0113395973017992,0.0021957337733475,0.00752032076643085));
#7877=CARTESIAN_POINT('',(0.0892640205447184,0.0801201570162667,0.00752032076643083));
#7878=CARTESIAN_POINT('',(0.0150895973017993,0.00594573377334752,0.00752032076643079));
#7879=CARTESIAN_POINT('',(0.0150895973017993,0.00679750400697601,0.00752032076643079));
#7880=CARTESIAN_POINT('',(0.00395944578278276,0.00369573377334748,0.00752032076643079));
#7881=CARTESIAN_POINT('',(0.00395944578278276,0.00287073377334748,0.00752032076643079));
#7882=CARTESIAN_POINT('',(0.00395944578278276,0.00452073377334749,0.00752032076643079));
#7883=CARTESIAN_POINT('',(0.00313444578278275,0.00287073377334748,0.00752032076643079));
#7884=CARTESIAN_POINT('',(0.00230944578278275,0.00287073377334748,0.00752032076643079));
#7885=CARTESIAN_POINT('',(0.00230944578278275,0.00369573377334748,0.00752032076643079));
#7886=CARTESIAN_POINT('',(0.00230944578278275,0.00452073377334748,0.00752032076643079));
#7887=CARTESIAN_POINT('',(0.00313444578278275,0.00452073377334748,0.00752032076643079));
#7888=CARTESIAN_POINT('',(0.00904474882081572,0.00452073377334748,0.00752032076643079));
#7889=CARTESIAN_POINT('',(0.00986974882081572,0.00452073377334748,0.00752032076643079));
#7890=CARTESIAN_POINT('',(0.00821974882081572,0.00452073377334749,0.00752032076643079));
#7891=CARTESIAN_POINT('',(0.00986974882081572,0.00369573377334749,0.00752032076643079));
#7892=CARTESIAN_POINT('',(0.00986974882081572,0.00287073377334748,0.00752032076643079));
#7893=CARTESIAN_POINT('',(0.00904474882081572,0.00287073377334748,0.00752032076643079));
#7894=CARTESIAN_POINT('',(0.00821974882081572,0.00287073377334748,0.00752032076643079));
#7895=CARTESIAN_POINT('',(0.00821974882081572,0.00369573377334749,0.00752032076643079));
#7896=CARTESIAN_POINT('',(-0.00291040269820076,0.0123970573563244,0.00752032076643079));
#7897=CARTESIAN_POINT('',(-0.00291040269820076,0.0108595573563244,0.00752032076643079));
#7898=CARTESIAN_POINT('',(-0.00291040269820076,0.0125095573563244,0.00752032076643079));
#7899=CARTESIAN_POINT('',(-0.00291040269820076,0.0108595573563244,0.00752032076643079));
#7900=CARTESIAN_POINT('',(-0.00456040269820076,0.0108595573563244,0.00752032076643079));
#7901=CARTESIAN_POINT('',(-0.00456040269820076,0.0123970573563244,0.00752032076643079));
#7902=CARTESIAN_POINT('',(-0.00456040269820076,0.0125095573563243,0.00752032076643079));
#7903=CARTESIAN_POINT('',(-0.00291040269820076,0.0125095573563244,0.00752032076643079));
#7904=CARTESIAN_POINT('',(-0.00291040269820076,0.0145720573563244,0.00752032076643079));
#7905=CARTESIAN_POINT('',(-0.00291040269820076,0.0144595573563244,0.00752032076643079));
#7906=CARTESIAN_POINT('',(-0.00291040269820076,0.0161095573563244,0.00752032076643079));
#7907=CARTESIAN_POINT('',(-0.00291040269820076,0.0144595573563244,0.00752032076643079));
#7908=CARTESIAN_POINT('',(-0.00456040269820076,0.0144595573563244,0.00752032076643079));
#7909=CARTESIAN_POINT('',(-0.00456040269820076,0.0145720573563244,0.00752032076643079));
#7910=CARTESIAN_POINT('',(-0.00456040269820076,0.0161095573563244,0.00752032076643079));
#7911=CARTESIAN_POINT('',(-0.00291040269820076,0.0161095573563244,0.00752032076643079));
#7912=CARTESIAN_POINT('',(0.0150895973017993,0.0144595573563244,0.00752032076643079));
#7913=CARTESIAN_POINT('',(0.0150895973017993,0.0144595573563244,0.00752032076643079));
#7914=CARTESIAN_POINT('',(0.0167395973017993,0.0144595573563244,0.00752032076643079));
#7915=CARTESIAN_POINT('',(0.0150895973017993,0.0152845573563244,0.00752032076643079));
#7916=CARTESIAN_POINT('',(0.0150895973017993,0.0161095573563244,0.00752032076643079));
#7917=CARTESIAN_POINT('',(0.0150895973017993,0.0161095573563244,0.00752032076643079));
#7918=CARTESIAN_POINT('',(0.0167395973017993,0.0161095573563244,0.00752032076643079));
#7919=CARTESIAN_POINT('',(0.0167395973017993,0.0152845573563244,0.00752032076643079));
#7920=CARTESIAN_POINT('',(0.0173395973017993,0.0335586583235418,0.00463267633666425));
#7921=CARTESIAN_POINT('',(0.0107372850179672,0.067881241440773,0.00463267633666425));
#7922=CARTESIAN_POINT('',(0.0123372850179672,0.067881241440773,0.00463267633666425));
#7923=CARTESIAN_POINT('',(0.00153777608647942,0.0941381024882431,0.00463267633666425));
#7924=CARTESIAN_POINT('',(0.00313777608647943,0.0941381024882431,0.00463267633666425));
#7925=CARTESIAN_POINT('',(0.0107372850179672,0.0941381024882431,0.00463267633666425));
#7926=CARTESIAN_POINT('',(0.0123372850179672,0.0941381024882431,0.00463267633666425));
#7927=CARTESIAN_POINT('',(0.00153777608647942,0.067881241440773,0.00463267633666425));
#7928=CARTESIAN_POINT('',(0.00313777608647943,0.067881241440773,0.00463267633666425));
#7929=CARTESIAN_POINT('',(0.00608959730179925,0.157154887234618,0.00463267633666425));
#7930=CARTESIAN_POINT('',(0.00713959730179925,0.157154887234618,0.00463267633666425));
#7931=CARTESIAN_POINT('',(0.00608959730179925,0.0341727096941163,0.00463267633666425));
#7932=CARTESIAN_POINT('',(0.00361459730179925,0.0341727096941163,0.00463267633666425));
#7933=CARTESIAN_POINT('',(0.00608959730179925,0.124379887234618,0.00463267633666425));
#7934=CARTESIAN_POINT('',(0.00361459730179925,0.124379887234618,0.00463267633666425));
#7935=CARTESIAN_POINT('',(-0.00291040269820076,0.0335586583235418,0.00463267633666425));
#7936=CARTESIAN_POINT('',(-0.00291040269820076,0.145486991641903,0.00463267633666425));
#7937=CARTESIAN_POINT('',(-0.00291040269820076,0.152054887234617,0.00463267633666425));
#7938=CARTESIAN_POINT('',(-0.00291040269820076,0.152054887234617,0.00463267633666425));
#7939=CARTESIAN_POINT('',(-0.00516040269820076,0.152054887234617,0.00463267633666425));
#7940=CARTESIAN_POINT('',(-0.00516040269820076,0.0335586583235418,0.00463267633666425));
#7941=CARTESIAN_POINT('',(-0.00516040269820076,0.152654887234618,0.00463267633666425));
#7942=CARTESIAN_POINT('',(0.0173395973017993,0.152654887234618,0.00463267633666425));
#7943=CARTESIAN_POINT('',(0.00458959730179924,0.152654887234618,0.00463267633666425));
#7944=CARTESIAN_POINT('',(0.00458959730179924,0.158654887234618,0.00463267633666425));
#7945=CARTESIAN_POINT('',(0.00458959730179924,0.158654887234618,0.00463267633666425));
#7946=CARTESIAN_POINT('',(0.0173395973017993,0.158654887234618,0.00463267633666425));
#7947=CARTESIAN_POINT('',(0.00758959730179925,0.158654887234618,0.00463267633666425));
#7948=CARTESIAN_POINT('',(0.00758959730179925,0.158654887234618,0.00463267633666425));
#7949=CARTESIAN_POINT('',(0.00758959730179925,0.152654887234618,0.00463267633666425));
#7950=CARTESIAN_POINT('',(0.0173395973017993,0.152654887234618,0.00463267633666425));
#7951=CARTESIAN_POINT('',(0.0173395973017993,0.152654887234618,0.00463267633666425));
#7952=CARTESIAN_POINT('',(0.0173395973017993,0.0335586583235418,0.00463267633666425));
#7953=CARTESIAN_POINT('',(0.0173395973017993,0.152054887234617,0.00463267633666425));
#7954=CARTESIAN_POINT('',(0.0150895973017993,0.152054887234617,0.00463267633666425));
#7955=CARTESIAN_POINT('',(0.0150895973017993,0.152054887234617,0.00463267633666425));
#7956=CARTESIAN_POINT('',(0.0150895973017993,0.0335586583235418,0.00463267633666425));
#7957=CARTESIAN_POINT('',(0.0150895973017993,0.145486991641903,0.00463267633666425));
#7958=CARTESIAN_POINT('',(0.0150895973017993,0.145486991641903,0.00463267633666425));
#7959=CARTESIAN_POINT('',(0.0173395973017993,0.145486991641903,0.00463267633666425));
#7960=CARTESIAN_POINT('',(0.0173395973017993,0.0335586583235418,0.00463267633666425));
#7961=CARTESIAN_POINT('',(0.0173395973017993,0.0125095573563244,0.00463267633666425));
#7962=CARTESIAN_POINT('',(0.0150895973017993,0.0125095573563244,0.00463267633666425));
#7963=CARTESIAN_POINT('',(0.0150895973017993,0.0125095573563244,0.00463267633666425));
#7964=CARTESIAN_POINT('',(0.0150895973017993,0.00679750400697601,0.00463267633666425));
#7965=CARTESIAN_POINT('',(0.0150895973017993,0.00614311458711749,0.00463267633666425));
#7966=CARTESIAN_POINT('',(0.0173395973017993,0.00614311458711749,0.00463267633666425));
#7967=CARTESIAN_POINT('',(-0.00310778351197075,0.00614311458711749,0.00463267633666425));
#7968=CARTESIAN_POINT('',(-0.00516040269820076,0.0081957337733475,0.00463267633666425));
#7969=CARTESIAN_POINT('',(-0.00516040269820076,0.0081957337733475,0.00463267633666425));
#7970=CARTESIAN_POINT('',(-0.00516040269820076,0.0335586583235418,0.00463267633666425));
#7971=CARTESIAN_POINT('',(-0.00516040269820076,0.145486991641903,0.00463267633666425));
#7972=CARTESIAN_POINT('',(-0.00291040269820076,0.145486991641903,0.00463267633666425));
#7973=CARTESIAN_POINT('',(0.0173395973017993,0.00614311458711749,0.00463267633666425));
#7974=CARTESIAN_POINT('',(0.0150895973017993,0.00614311458711749,0.00463267633666425));
#7975=CARTESIAN_POINT('',(0.0150895973017993,0.0059457337733475,0.0046968092507166));
#7976=CARTESIAN_POINT('',(0.0112186550553056,0.00207479152685383,0.00595455462958245));
#7977=CARTESIAN_POINT('',(0.0114552621117861,0.00231139858333437,0.00587767633666423));
#7978=CARTESIAN_POINT('',(0.0173395973017993,0.00231139858333437,0.00587767633666423));
#7979=CARTESIAN_POINT('',(0.000723932491812372,0.00231139858333437,0.00587767633666423));
#7980=CARTESIAN_POINT('',(-0.00359890619451583,0.00663423726966257,0.00447310090383862));
#7981=CARTESIAN_POINT('',(0.0113395973017992,0.0021957337733475,0.00669899855154754));
#7982=CARTESIAN_POINT('',(0.0150895973017993,0.0059457337733475,0.00669899855154754));
#7983=CARTESIAN_POINT('',(0.0113395973017992,0.0021957337733475,0.00669899855154754));
#7984=CARTESIAN_POINT('',(0.0113395973017992,0.0021957337733475,0.00587767633666423));
#7985=CARTESIAN_POINT('',(0.0529412308705593,0.0437973673421075,0.00587767633666424));
#7986=CARTESIAN_POINT('',(0.0173395973017993,0.152654887234618,0.00525517633666425));
#7987=CARTESIAN_POINT('',(0.00458959730179924,0.152654887234618,0.00525517633666425));
#7988=CARTESIAN_POINT('',(0.00458959730179924,0.152654887234618,0.00587767633666425));
#7989=CARTESIAN_POINT('',(-0.00516040269820076,0.152654887234618,0.00525517633666425));
#7990=CARTESIAN_POINT('',(-0.00516040269820076,0.152654887234618,0.00587767633666425));
#7991=CARTESIAN_POINT('',(0.0173395973017993,0.152654887234618,0.00587767633666425));
#7992=CARTESIAN_POINT('',(0.0173395973017993,0.152654887234618,0.00525517633666425));
#7993=CARTESIAN_POINT('',(0.00758959730179925,0.152654887234618,0.00525517633666425));
#7994=CARTESIAN_POINT('',(0.00758959730179925,0.152654887234618,0.00587767633666425));
#7995=CARTESIAN_POINT('',(0.0173395973017993,0.152654887234618,0.00587767633666425));
#7996=CARTESIAN_POINT('',(0.0173395973017993,0.152654887234618,0.00587767633666425));
#7997=CARTESIAN_POINT('',(0.0173395973017993,0.152654887234618,0.00525517633666425));
#7998=CARTESIAN_POINT('',(-0.00516040269820076,0.0782615906203283,0.0140846850693343));
#7999=CARTESIAN_POINT('',(-0.00516040269820076,0.152054887234617,0.00607649855154756));
#8000=CARTESIAN_POINT('',(-0.00516040269820076,0.152054887234617,0.00752032076643087));
#8001=CARTESIAN_POINT('',(-0.00516040269820076,0.152044580259186,0.00752032076643087));
#8002=CARTESIAN_POINT('',(-0.00516040269820076,0.154327447467309,0.00752032076643087));
#8003=CARTESIAN_POINT('',(-0.00516040269820076,0.153491167350964,0.00669899855154756));
#8004=CARTESIAN_POINT('',(0.0173395973017993,0.152044580259186,0.00752032076643087));
#8005=CARTESIAN_POINT('',(-0.00291040269820076,0.152054887234617,0.00752032076643087));
#8006=CARTESIAN_POINT('',(-0.00291040269820076,0.152054887234617,0.00752032076643087));
#8007=CARTESIAN_POINT('',(-0.00291040269820076,0.152044580259186,0.00752032076643087));
#8008=CARTESIAN_POINT('',(-0.00291040269820076,0.145486991641903,0.00752032076643087));
#8009=CARTESIAN_POINT('',(-0.00291040269820076,0.145486991641903,0.00752032076643087));
#8010=CARTESIAN_POINT('',(-0.00516040269820076,0.145486991641903,0.00752032076643087));
#8011=CARTESIAN_POINT('',(-0.00516040269820076,0.152044580259186,0.00752032076643087));
#8012=CARTESIAN_POINT('',(-0.00516040269820076,0.0439954948954401,0.00752032076643081));
#8013=CARTESIAN_POINT('',(0.0173395973017993,0.0439954948954401,0.00752032076643086));
#8014=CARTESIAN_POINT('',(-0.00141040269820075,0.0439954948954401,0.00752032076643086));
#8015=CARTESIAN_POINT('',(-0.00141040269820075,0.0351397641345975,0.00752032076643086));
#8016=CARTESIAN_POINT('',(-0.00141040269820075,0.149761713051063,0.00752032076643087));
#8017=CARTESIAN_POINT('',(0.0135895973017992,0.149761713051063,0.00752032076643087));
#8018=CARTESIAN_POINT('',(0.0135895973017992,0.149761713051063,0.00752032076643087));
#8019=CARTESIAN_POINT('',(0.0135895973017992,0.0351397641345975,0.00752032076643086));
#8020=CARTESIAN_POINT('',(0.0135895973017992,0.0439954948954401,0.00752032076643086));
#8021=CARTESIAN_POINT('',(0.0173395973017993,0.0439954948954401,0.00752032076643086));
#8022=CARTESIAN_POINT('',(0.0173395973017993,0.0439954948954401,0.00752032076643081));
#8023=CARTESIAN_POINT('',(0.0173395973017993,0.152044580259186,0.00752032076643087));
#8024=CARTESIAN_POINT('',(0.0173395973017993,0.145486991641903,0.00752032076643087));
#8025=CARTESIAN_POINT('',(0.0150895973017993,0.145486991641903,0.00752032076643087));
#8026=CARTESIAN_POINT('',(0.0150895973017993,0.145486991641903,0.00752032076643087));
#8027=CARTESIAN_POINT('',(0.0150895973017993,0.152044580259186,0.00752032076643087));
#8028=CARTESIAN_POINT('',(0.0150895973017993,0.152054887234617,0.00752032076643087));
#8029=CARTESIAN_POINT('',(0.0150895973017993,0.152054887234617,0.00752032076643087));
#8030=CARTESIAN_POINT('',(0.0173395973017993,0.152054887234617,0.00752032076643087));
#8031=CARTESIAN_POINT('',(0.0173395973017993,0.152044580259186,0.00752032076643087));
#8032=CARTESIAN_POINT('',(0.0173395973017993,0.154327447467309,0.00752032076643087));
#8033=CARTESIAN_POINT('',(0.0173395973017993,0.154327447467309,0.00752032076643087));
#8034=CARTESIAN_POINT('',(-0.00291040269820076,0.152044580259186,0.00752032076643087));
#8035=CARTESIAN_POINT('',(-0.00291040269820076,0.124108404617768,0.00752032076643086));
#8036=CARTESIAN_POINT('',(-0.00291040269820076,0.125758404617768,0.00752032076643086));
#8037=CARTESIAN_POINT('',(-0.00291040269820076,0.124108404617768,0.00752032076643086));
#8038=CARTESIAN_POINT('',(-0.00456040269820076,0.124108404617768,0.00752032076643086));
#8039=CARTESIAN_POINT('',(-0.00456040269820076,0.152044580259186,0.00752032076643087));
#8040=CARTESIAN_POINT('',(-0.00456040269820076,0.125758404617768,0.00752032076643086));
#8041=CARTESIAN_POINT('',(-0.00291040269820076,0.125758404617768,0.00752032076643086));
#8042=CARTESIAN_POINT('',(-0.00291040269820076,0.152044580259186,0.00752032076643087));
#8043=CARTESIAN_POINT('',(-0.00291040269820076,0.133164827477199,0.00752032076643086));
#8044=CARTESIAN_POINT('',(-0.00291040269820076,0.134814827477199,0.00752032076643086));
#8045=CARTESIAN_POINT('',(-0.00291040269820076,0.133164827477199,0.00752032076643086));
#8046=CARTESIAN_POINT('',(-0.00456040269820076,0.133164827477199,0.00752032076643086));
#8047=CARTESIAN_POINT('',(-0.00456040269820076,0.152044580259186,0.00752032076643087));
#8048=CARTESIAN_POINT('',(-0.00456040269820076,0.134814827477199,0.00752032076643086));
#8049=CARTESIAN_POINT('',(-0.00291040269820076,0.134814827477199,0.00752032076643086));
#8050=CARTESIAN_POINT('',(-0.00291040269820076,0.152044580259186,0.00752032076643087));
#8051=CARTESIAN_POINT('',(-0.00291040269820076,0.141722135942441,0.00752032076643087));
#8052=CARTESIAN_POINT('',(-0.00291040269820076,0.143372135942441,0.00752032076643087));
#8053=CARTESIAN_POINT('',(-0.00291040269820076,0.141722135942441,0.00752032076643087));
#8054=CARTESIAN_POINT('',(-0.00456040269820076,0.141722135942441,0.00752032076643087));
#8055=CARTESIAN_POINT('',(-0.00456040269820076,0.152044580259186,0.00752032076643087));
#8056=CARTESIAN_POINT('',(-0.00456040269820076,0.143372135942441,0.00752032076643087));
#8057=CARTESIAN_POINT('',(-0.00291040269820076,0.143372135942441,0.00752032076643087));
#8058=CARTESIAN_POINT('',(-0.00291040269820076,0.152044580259186,0.00752032076643087));
#8059=CARTESIAN_POINT('',(-0.00291040269820076,0.0505034671507893,0.00752032076643081));
#8060=CARTESIAN_POINT('',(-0.00291040269820076,0.0521534671507892,0.00752032076643081));
#8061=CARTESIAN_POINT('',(-0.00291040269820076,0.0505034671507893,0.00752032076643081));
#8062=CARTESIAN_POINT('',(-0.00456040269820076,0.0505034671507893,0.00752032076643081));
#8063=CARTESIAN_POINT('',(-0.00456040269820076,0.152044580259186,0.00752032076643087));
#8064=CARTESIAN_POINT('',(-0.00456040269820076,0.0521534671507892,0.00752032076643081));
#8065=CARTESIAN_POINT('',(-0.00291040269820076,0.0521534671507892,0.00752032076643081));
#8066=CARTESIAN_POINT('',(-0.00291040269820076,0.152044580259186,0.00752032076643087));
#8067=CARTESIAN_POINT('',(-0.00291040269820076,0.114036598008138,0.00752032076643085));
#8068=CARTESIAN_POINT('',(-0.00291040269820076,0.115686598008138,0.00752032076643085));
#8069=CARTESIAN_POINT('',(-0.00291040269820076,0.114036598008138,0.00752032076643085));
#8070=CARTESIAN_POINT('',(-0.00456040269820076,0.114036598008138,0.00752032076643085));
#8071=CARTESIAN_POINT('',(-0.00456040269820076,0.152044580259186,0.00752032076643087));
#8072=CARTESIAN_POINT('',(-0.00456040269820076,0.115686598008138,0.00752032076643085));
#8073=CARTESIAN_POINT('',(-0.00291040269820076,0.115686598008138,0.00752032076643085));
#8074=CARTESIAN_POINT('',(-0.00291040269820076,0.152044580259186,0.00752032076643087));
#8075=CARTESIAN_POINT('',(-0.00291040269820076,0.104182720880967,0.00752032076643085));
#8076=CARTESIAN_POINT('',(-0.00291040269820076,0.105832720880967,0.00752032076643085));
#8077=CARTESIAN_POINT('',(-0.00291040269820076,0.104182720880967,0.00752032076643085));
#8078=CARTESIAN_POINT('',(-0.00456040269820076,0.104182720880967,0.00752032076643085));
#8079=CARTESIAN_POINT('',(-0.00456040269820076,0.152044580259186,0.00752032076643087));
#8080=CARTESIAN_POINT('',(-0.00456040269820076,0.105832720880967,0.00752032076643085));
#8081=CARTESIAN_POINT('',(-0.00291040269820076,0.105832720880967,0.00752032076643085));
#8082=CARTESIAN_POINT('',(-0.00291040269820076,0.152044580259186,0.00752032076643087));
#8083=CARTESIAN_POINT('',(-0.00291040269820076,0.0931034671507892,0.00752032076643084));
#8084=CARTESIAN_POINT('',(-0.00291040269820076,0.0947534671507892,0.00752032076643084));
#8085=CARTESIAN_POINT('',(-0.00291040269820076,0.0931034671507892,0.00752032076643084));
#8086=CARTESIAN_POINT('',(-0.00456040269820076,0.0931034671507892,0.00752032076643084));
#8087=CARTESIAN_POINT('',(-0.00456040269820076,0.152044580259186,0.00752032076643087));
#8088=CARTESIAN_POINT('',(-0.00456040269820076,0.0947534671507892,0.00752032076643084));
#8089=CARTESIAN_POINT('',(-0.00291040269820076,0.0947534671507892,0.00752032076643084));
#8090=CARTESIAN_POINT('',(-0.00291040269820076,0.152044580259186,0.00752032076643087));
#8091=CARTESIAN_POINT('',(-0.00291040269820076,0.0821534671507892,0.00752032076643083));
#8092=CARTESIAN_POINT('',(-0.00291040269820076,0.0838034671507892,0.00752032076643083));
#8093=CARTESIAN_POINT('',(-0.00291040269820076,0.0821534671507892,0.00752032076643083));
#8094=CARTESIAN_POINT('',(-0.00456040269820076,0.0821534671507892,0.00752032076643083));
#8095=CARTESIAN_POINT('',(-0.00456040269820076,0.152044580259186,0.00752032076643087));
#8096=CARTESIAN_POINT('',(-0.00456040269820076,0.0838034671507892,0.00752032076643083));
#8097=CARTESIAN_POINT('',(-0.00291040269820076,0.0838034671507892,0.00752032076643083));
#8098=CARTESIAN_POINT('',(-0.00291040269820076,0.152044580259186,0.00752032076643087));
#8099=CARTESIAN_POINT('',(-0.00291040269820076,0.0608534671507893,0.00752032076643082));
#8100=CARTESIAN_POINT('',(-0.00291040269820076,0.0625034671507893,0.00752032076643082));
#8101=CARTESIAN_POINT('',(-0.00291040269820076,0.0608534671507893,0.00752032076643082));
#8102=CARTESIAN_POINT('',(-0.00456040269820076,0.0608534671507893,0.00752032076643082));
#8103=CARTESIAN_POINT('',(-0.00456040269820076,0.152044580259186,0.00752032076643087));
#8104=CARTESIAN_POINT('',(-0.00456040269820076,0.0625034671507893,0.00752032076643082));
#8105=CARTESIAN_POINT('',(-0.00291040269820076,0.0625034671507893,0.00752032076643082));
#8106=CARTESIAN_POINT('',(-0.00291040269820076,0.152044580259186,0.00752032076643087));
#8107=CARTESIAN_POINT('',(-0.00291040269820076,0.0715034671507892,0.00752032076643082));
#8108=CARTESIAN_POINT('',(-0.00291040269820076,0.0731534671507892,0.00752032076643083));
#8109=CARTESIAN_POINT('',(-0.00291040269820076,0.0715034671507892,0.00752032076643082));
#8110=CARTESIAN_POINT('',(-0.00456040269820076,0.0715034671507892,0.00752032076643082));
#8111=CARTESIAN_POINT('',(-0.00456040269820076,0.152044580259186,0.00752032076643087));
#8112=CARTESIAN_POINT('',(-0.00456040269820076,0.0731534671507892,0.00752032076643083));
#8113=CARTESIAN_POINT('',(-0.00291040269820076,0.0731534671507892,0.00752032076643083));
#8114=CARTESIAN_POINT('',(0.0150895973017993,0.0608534671507893,0.00752032076643082));
#8115=CARTESIAN_POINT('',(0.0150895973017993,0.0608534671507893,0.00752032076643082));
#8116=CARTESIAN_POINT('',(0.0167395973017993,0.0608534671507893,0.00752032076643082));
#8117=CARTESIAN_POINT('',(0.0150895973017993,0.152044580259186,0.00752032076643087));
#8118=CARTESIAN_POINT('',(0.0150895973017993,0.0625034671507893,0.00752032076643082));
#8119=CARTESIAN_POINT('',(0.0150895973017993,0.0625034671507893,0.00752032076643082));
#8120=CARTESIAN_POINT('',(0.0167395973017993,0.0625034671507893,0.00752032076643082));
#8121=CARTESIAN_POINT('',(0.0167395973017993,0.152044580259186,0.00752032076643087));
#8122=CARTESIAN_POINT('',(0.0150895973017993,0.0715034671507892,0.00752032076643082));
#8123=CARTESIAN_POINT('',(0.0150895973017993,0.0715034671507892,0.00752032076643082));
#8124=CARTESIAN_POINT('',(0.0167395973017993,0.0715034671507892,0.00752032076643082));
#8125=CARTESIAN_POINT('',(0.0150895973017993,0.152044580259186,0.00752032076643087));
#8126=CARTESIAN_POINT('',(0.0150895973017993,0.0731534671507892,0.00752032076643083));
#8127=CARTESIAN_POINT('',(0.0150895973017993,0.0731534671507892,0.00752032076643083));
#8128=CARTESIAN_POINT('',(0.0167395973017993,0.0731534671507892,0.00752032076643083));
#8129=CARTESIAN_POINT('',(0.0167395973017993,0.152044580259186,0.00752032076643087));
#8130=CARTESIAN_POINT('',(0.0150895973017993,0.0821534671507892,0.00752032076643083));
#8131=CARTESIAN_POINT('',(0.0150895973017993,0.0821534671507892,0.00752032076643083));
#8132=CARTESIAN_POINT('',(0.0167395973017993,0.0821534671507892,0.00752032076643083));
#8133=CARTESIAN_POINT('',(0.0150895973017993,0.152044580259186,0.00752032076643087));
#8134=CARTESIAN_POINT('',(0.0150895973017993,0.0838034671507892,0.00752032076643083));
#8135=CARTESIAN_POINT('',(0.0150895973017993,0.0838034671507892,0.00752032076643083));
#8136=CARTESIAN_POINT('',(0.0167395973017993,0.0838034671507892,0.00752032076643083));
#8137=CARTESIAN_POINT('',(0.0167395973017993,0.152044580259186,0.00752032076643087));
#8138=CARTESIAN_POINT('',(0.0150895973017993,0.0931034671507892,0.00752032076643084));
#8139=CARTESIAN_POINT('',(0.0150895973017993,0.0931034671507892,0.00752032076643084));
#8140=CARTESIAN_POINT('',(0.0167395973017993,0.0931034671507892,0.00752032076643084));
#8141=CARTESIAN_POINT('',(0.0150895973017993,0.152044580259186,0.00752032076643087));
#8142=CARTESIAN_POINT('',(0.0150895973017993,0.0947534671507892,0.00752032076643084));
#8143=CARTESIAN_POINT('',(0.0150895973017993,0.0947534671507892,0.00752032076643084));
#8144=CARTESIAN_POINT('',(0.0167395973017993,0.0947534671507892,0.00752032076643084));
#8145=CARTESIAN_POINT('',(0.0167395973017993,0.152044580259186,0.00752032076643087));
#8146=CARTESIAN_POINT('',(0.0150895973017993,0.104182720880967,0.00752032076643085));
#8147=CARTESIAN_POINT('',(0.0150895973017993,0.104182720880967,0.00752032076643085));
#8148=CARTESIAN_POINT('',(0.0167395973017993,0.104182720880967,0.00752032076643085));
#8149=CARTESIAN_POINT('',(0.0150895973017993,0.152044580259186,0.00752032076643087));
#8150=CARTESIAN_POINT('',(0.0150895973017993,0.105832720880967,0.00752032076643085));
#8151=CARTESIAN_POINT('',(0.0150895973017993,0.105832720880967,0.00752032076643085));
#8152=CARTESIAN_POINT('',(0.0167395973017993,0.105832720880967,0.00752032076643085));
#8153=CARTESIAN_POINT('',(0.0167395973017993,0.152044580259186,0.00752032076643087));
#8154=CARTESIAN_POINT('',(0.0150895973017993,0.114036598008138,0.00752032076643085));
#8155=CARTESIAN_POINT('',(0.0150895973017993,0.114036598008138,0.00752032076643085));
#8156=CARTESIAN_POINT('',(0.0167395973017993,0.114036598008138,0.00752032076643085));
#8157=CARTESIAN_POINT('',(0.0150895973017993,0.152044580259186,0.00752032076643087));
#8158=CARTESIAN_POINT('',(0.0150895973017993,0.115686598008138,0.00752032076643085));
#8159=CARTESIAN_POINT('',(0.0150895973017993,0.115686598008138,0.00752032076643085));
#8160=CARTESIAN_POINT('',(0.0167395973017993,0.115686598008138,0.00752032076643085));
#8161=CARTESIAN_POINT('',(0.0167395973017993,0.152044580259186,0.00752032076643087));
#8162=CARTESIAN_POINT('',(0.0150895973017993,0.124108404617768,0.00752032076643086));
#8163=CARTESIAN_POINT('',(0.0150895973017993,0.124108404617768,0.00752032076643086));
#8164=CARTESIAN_POINT('',(0.0167395973017993,0.124108404617768,0.00752032076643086));
#8165=CARTESIAN_POINT('',(0.0150895973017993,0.152044580259186,0.00752032076643087));
#8166=CARTESIAN_POINT('',(0.0150895973017993,0.125758404617768,0.00752032076643086));
#8167=CARTESIAN_POINT('',(0.0150895973017993,0.125758404617768,0.00752032076643086));
#8168=CARTESIAN_POINT('',(0.0167395973017993,0.125758404617768,0.00752032076643086));
#8169=CARTESIAN_POINT('',(0.0167395973017993,0.152044580259186,0.00752032076643087));
#8170=CARTESIAN_POINT('',(0.0150895973017993,0.141722135942441,0.00752032076643087));
#8171=CARTESIAN_POINT('',(0.0150895973017993,0.141722135942441,0.00752032076643087));
#8172=CARTESIAN_POINT('',(0.0167395973017993,0.141722135942441,0.00752032076643087));
#8173=CARTESIAN_POINT('',(0.0150895973017993,0.152044580259186,0.00752032076643087));
#8174=CARTESIAN_POINT('',(0.0150895973017993,0.143372135942441,0.00752032076643087));
#8175=CARTESIAN_POINT('',(0.0150895973017993,0.143372135942441,0.00752032076643087));
#8176=CARTESIAN_POINT('',(0.0167395973017993,0.143372135942441,0.00752032076643087));
#8177=CARTESIAN_POINT('',(0.0167395973017993,0.152044580259186,0.00752032076643087));
#8178=CARTESIAN_POINT('',(0.0150895973017993,0.133164827477199,0.00752032076643086));
#8179=CARTESIAN_POINT('',(0.0150895973017993,0.133164827477199,0.00752032076643086));
#8180=CARTESIAN_POINT('',(0.0167395973017993,0.133164827477199,0.00752032076643086));
#8181=CARTESIAN_POINT('',(0.0150895973017993,0.152044580259186,0.00752032076643087));
#8182=CARTESIAN_POINT('',(0.0150895973017993,0.134814827477199,0.00752032076643086));
#8183=CARTESIAN_POINT('',(0.0150895973017993,0.134814827477199,0.00752032076643086));
#8184=CARTESIAN_POINT('',(0.0167395973017993,0.134814827477199,0.00752032076643086));
#8185=CARTESIAN_POINT('',(0.0167395973017993,0.152044580259186,0.00752032076643087));
#8186=CARTESIAN_POINT('',(0.0150895973017993,0.0505034671507893,0.00752032076643081));
#8187=CARTESIAN_POINT('',(0.0150895973017993,0.0505034671507893,0.00752032076643081));
#8188=CARTESIAN_POINT('',(0.0167395973017993,0.0505034671507893,0.00752032076643081));
#8189=CARTESIAN_POINT('',(0.0150895973017993,0.152044580259186,0.00752032076643087));
#8190=CARTESIAN_POINT('',(0.0150895973017993,0.0521534671507892,0.00752032076643081));
#8191=CARTESIAN_POINT('',(0.0150895973017993,0.0521534671507892,0.00752032076643081));
#8192=CARTESIAN_POINT('',(0.0167395973017993,0.0521534671507892,0.00752032076643081));
#8193=CARTESIAN_POINT('',(0.0167395973017993,0.152044580259186,0.00752032076643087));
#8194=CARTESIAN_POINT('',(0.0173395973017993,0.0782615906203283,0.0140846850693343));
#8195=CARTESIAN_POINT('',(0.0173395973017993,0.152054887234617,0.00607649855154756));
#8196=CARTESIAN_POINT('',(0.0173395973017993,0.153491167350964,0.00669899855154756));
#8197=CARTESIAN_POINT('',(0.00946459730179925,0.0558938774623094,0.0342691894032178));
#8198=CARTESIAN_POINT('',(0.00946459730179925,0.0497830984525499,0.0342691894032178));
#8199=CARTESIAN_POINT('',(0.00796459730179925,0.0497830984525499,0.0342691894032178));
#8200=CARTESIAN_POINT('',(0.00421459730179924,0.0497830984525499,0.0342691894032178));
#8201=CARTESIAN_POINT('',(0.00796459730179925,0.0558938774623094,0.0342691894032178));
#8202=CARTESIAN_POINT('',(0.00796459730179925,0.0576496148458409,0.0342691894032178));
#8203=CARTESIAN_POINT('',(0.00608959730179925,0.0588659921929335,0.0342691894032178));
#8204=CARTESIAN_POINT('',(0.00421459730179924,0.0576496148458409,0.0342691894032178));
#8205=CARTESIAN_POINT('',(0.00421459730179924,0.0497830984525499,0.0342691894032178));
#8206=CARTESIAN_POINT('',(0.0135895973017992,0.0351397641345975,0.0323795452125487));
#8207=CARTESIAN_POINT('',(0.00946838117261731,0.0351397641345975,0.0323795452125487));
#8208=CARTESIAN_POINT('',(0.00946838117261731,0.0439954948954401,0.0323795452125487));
#8209=CARTESIAN_POINT('',(0.00946648923720828,0.0471758348278818,0.0323795452125487));
#8210=CARTESIAN_POINT('',(0.00946459730179925,0.0471758348278818,0.0323795452125487));
#8211=CARTESIAN_POINT('',(0.00271270536639021,0.0471758348278818,0.0323795452125487));
#8212=CARTESIAN_POINT('',(0.00271081343098118,0.0259623717598734,0.0323795452125487));
#8213=CARTESIAN_POINT('',(0.00271081343098118,0.0439954948954401,0.0323795452125487));
#8214=CARTESIAN_POINT('',(0.0173395973017993,0.0439954948954401,0.0323795452125487));
#8215=CARTESIAN_POINT('',(-0.00216040269820076,0.0439954948954401,0.0323795452125487));
#8216=CARTESIAN_POINT('',(-0.00216040269820076,0.032284033373755,0.0323795452125487));
#8217=CARTESIAN_POINT('',(-0.00216040269820076,0.0330878809510484,0.0323795452125487));
#8218=CARTESIAN_POINT('',(0.000888605820523396,0.0278068432839078,0.0323795452125487));
#8219=CARTESIAN_POINT('',(0.00176780053207476,0.026284033373755,0.0323795452125487));
#8220=CARTESIAN_POINT('',(0.0173395973017993,0.026284033373755,0.0323795452125487));
#8221=CARTESIAN_POINT('',(0.00271081343098118,0.026284033373755,0.0323795452125487));
#8222=CARTESIAN_POINT('',(0.00271081343098118,0.0259623717598734,0.0323795452125487));
#8223=CARTESIAN_POINT('',(0.00271081343098118,0.024449011922086,0.0323795452125487));
#8224=CARTESIAN_POINT('',(0.00624066983329489,0.0224110483780094,0.0323795452125487));
#8225=CARTESIAN_POINT('',(0.00398671161882921,0.0237123717598734,0.0323795452125487));
#8226=CARTESIAN_POINT('',(0.0135895973017992,0.0237123717598734,0.0323795452125487));
#8227=CARTESIAN_POINT('',(0.00819248298476927,0.0237123717598734,0.0323795452125487));
#8228=CARTESIAN_POINT('',(0.0171885247703036,0.0289062389063927,0.0323795452125487));
#8229=CARTESIAN_POINT('',(0.00946838117261731,0.024449011922086,0.0323795452125487));
#8230=CARTESIAN_POINT('',(0.00946838117261731,0.0351397641345975,0.0323795452125487));
#8231=CARTESIAN_POINT('',(0.00946838117261731,0.026284033373755,0.0323795452125487));
#8232=CARTESIAN_POINT('',(0.0173395973017993,0.026284033373755,0.0323795452125487));
#8233=CARTESIAN_POINT('',(0.0104113940715237,0.026284033373755,0.0323795452125487));
#8234=CARTESIAN_POINT('',(0.0150405887830751,0.0343020338122911,0.0323795452125487));
#8235=CARTESIAN_POINT('',(0.0143395973017992,0.0330878809510484,0.0323795452125487));
#8236=CARTESIAN_POINT('',(0.0143395973017992,0.0351397641345975,0.0323795452125487));
#8237=CARTESIAN_POINT('',(0.0143395973017992,0.0439954948954401,0.0323795452125487));
#8238=CARTESIAN_POINT('',(0.0173395973017993,0.0439954948954401,0.0323795452125487));
#8239=CARTESIAN_POINT('',(0.0135895973017992,0.0351397641345975,0.0323795452125487));
#8240=CARTESIAN_POINT('',(0.00946459730179925,0.0625221775256214,0.0323795452125487));
#8241=CARTESIAN_POINT('',(0.00946648923720828,0.0625221775256214,0.0323795452125487));
#8242=CARTESIAN_POINT('',(0.00271270536639022,0.0625221775256214,0.0323795452125487));
#8243=CARTESIAN_POINT('',(0.00946838117261731,0.0351397641345975,0.0323795452125487));
#8244=CARTESIAN_POINT('',(0.00946648923720828,0.0747225460939226,0.0323795452125487));
#8245=CARTESIAN_POINT('',(0.00946459730179925,0.0747225460939226,0.0323795452125487));
#8246=CARTESIAN_POINT('',(0.00271270536639022,0.0747225460939226,0.0323795452125487));
#8247=CARTESIAN_POINT('',(0.00271081343098118,0.0259623717598734,0.0323795452125487));
#8248=CARTESIAN_POINT('',(0.0135895973017992,0.0351397641345975,0.0323795452125487));
#8249=CARTESIAN_POINT('',(0.00946459730179925,0.100924062483769,0.0323795452125487));
#8250=CARTESIAN_POINT('',(0.00946648923720829,0.100924062483769,0.0323795452125487));
#8251=CARTESIAN_POINT('',(0.00271270536639022,0.100924062483769,0.0323795452125487));
#8252=CARTESIAN_POINT('',(0.00946838117261731,0.0351397641345975,0.0323795452125487));
#8253=CARTESIAN_POINT('',(0.00946648923720828,0.119688383244735,0.0323795452125487));
#8254=CARTESIAN_POINT('',(0.00946459730179925,0.119688383244735,0.0323795452125487));
#8255=CARTESIAN_POINT('',(0.00271270536639022,0.119688383244735,0.0323795452125487));
#8256=CARTESIAN_POINT('',(0.00271081343098118,0.0259623717598734,0.0323795452125487));
#8257=CARTESIAN_POINT('',(0.0135895973017992,0.0351397641345975,0.0323795452125487));
#8258=CARTESIAN_POINT('',(0.00946459730179925,0.130337457113725,0.0323795452125487));
#8259=CARTESIAN_POINT('',(0.00946648923720828,0.130337457113725,0.0323795452125487));
#8260=CARTESIAN_POINT('',(0.00271270536639022,0.130337457113725,0.0323795452125487));
#8261=CARTESIAN_POINT('',(0.00946838117261731,0.0351397641345975,0.0323795452125487));
#8262=CARTESIAN_POINT('',(0.00946648923720828,0.132248318695289,0.0323795452125487));
#8263=CARTESIAN_POINT('',(0.00946459730179925,0.132248318695289,0.0323795452125487));
#8264=CARTESIAN_POINT('',(0.00271270536639022,0.132248318695289,0.0323795452125487));
#8265=CARTESIAN_POINT('',(0.00271081343098118,0.0259623717598734,0.0323795452125487));
#8266=CARTESIAN_POINT('',(0.0173395973017993,0.0429518585436163,0.0207879738293705));
#8267=CARTESIAN_POINT('',(0.0173395973017993,0.0419082221917925,0.0207879738293705));
#8268=CARTESIAN_POINT('',(-0.00291040269820076,0.0419082221917925,0.0207879738293705));
#8269=CARTESIAN_POINT('',(-0.00516040269820076,0.0419082221917925,0.0207879738293705));
#8270=CARTESIAN_POINT('',(-0.00291040269820076,0.0429518585436163,0.0207879738293705));
#8271=CARTESIAN_POINT('',(-0.00291040269820076,0.0439954948954401,0.0207879738293705));
#8272=CARTESIAN_POINT('',(0.0173395973017993,0.0439954948954401,0.0207879738293705));
#8273=CARTESIAN_POINT('',(-0.00516040269820076,0.0439954948954401,0.0207879738293705));
#8274=CARTESIAN_POINT('',(-0.00516040269820076,0.0429518585436163,0.0207879738293705));
#8275=CARTESIAN_POINT('',(0.0173395973017993,0.0419082221917925,0.0216129738293705));
#8276=CARTESIAN_POINT('',(0.0173395973017993,0.0419082221917925,0.0224379738293705));
#8277=CARTESIAN_POINT('',(-0.00291040269820076,0.0419082221917925,0.0224379738293705));
#8278=CARTESIAN_POINT('',(-0.00516040269820076,0.0419082221917925,0.0224379738293705));
#8279=CARTESIAN_POINT('',(-0.00291040269820076,0.0419082221917925,0.0216129738293705));
#8280=CARTESIAN_POINT('',(-0.00516040269820076,0.0419082221917925,0.0216129738293705));
#8281=CARTESIAN_POINT('',(0.0173395973017993,0.0429518585436163,0.0224379738293705));
#8282=CARTESIAN_POINT('',(0.0173395973017993,0.0439954948954401,0.0224379738293705));
#8283=CARTESIAN_POINT('',(-0.00291040269820076,0.0439954948954401,0.0224379738293705));
#8284=CARTESIAN_POINT('',(-0.00516040269820076,0.0439954948954401,0.0224379738293705));
#8285=CARTESIAN_POINT('',(-0.00291040269820076,0.0429518585436163,0.0224379738293705));
#8286=CARTESIAN_POINT('',(-0.00516040269820076,0.0429518585436163,0.0224379738293705));
#8287=CARTESIAN_POINT('',(-0.00141040269820075,0.0782615906203283,0.0140846850693343));
#8288=CARTESIAN_POINT('',(-0.00141040269820075,0.0887884714639805,0.0187079409945873));
#8289=CARTESIAN_POINT('',(-0.00141040269820075,0.0887884714639805,0.0103047540754197));
#8290=CARTESIAN_POINT('',(-0.00141040269820075,0.0887884714639805,0.0271111279137549));
#8291=CARTESIAN_POINT('',(-0.00141040269820075,0.0967819516546152,0.0103047540754197));
#8292=CARTESIAN_POINT('',(-0.00141040269820075,0.10477543184525,0.0103047540754197));
#8293=CARTESIAN_POINT('',(-0.00141040269820075,0.10477543184525,0.0187079409945873));
#8294=CARTESIAN_POINT('',(-0.00141040269820075,0.10477543184525,0.0271111279137549));
#8295=CARTESIAN_POINT('',(-0.00141040269820075,0.0967819516546152,0.0271111279137549));
#8296=CARTESIAN_POINT('',(-0.00141040269820075,0.11007063011058,0.024210689064872));
#8297=CARTESIAN_POINT('',(-0.00141040269820075,0.114546426705796,0.024210689064872));
#8298=CARTESIAN_POINT('',(-0.00141040269820075,0.105594833515364,0.024210689064872));
#8299=CARTESIAN_POINT('',(-0.00141040269820075,0.105594833515364,0.0172577215701458));
#8300=CARTESIAN_POINT('',(-0.00141040269820075,0.105594833515364,0.0103047540754197));
#8301=CARTESIAN_POINT('',(-0.00141040269820075,0.11007063011058,0.0103047540754197));
#8302=CARTESIAN_POINT('',(-0.00141040269820075,0.114546426705796,0.0103047540754197));
#8303=CARTESIAN_POINT('',(-0.00141040269820075,0.114546426705796,0.0172577215701458));
#8304=CARTESIAN_POINT('',(-0.00141040269820075,0.130235233658764,0.024210689064872));
#8305=CARTESIAN_POINT('',(-0.00141040269820075,0.134696954244587,0.024210689064872));
#8306=CARTESIAN_POINT('',(-0.00141040269820075,0.125773513072941,0.024210689064872));
#8307=CARTESIAN_POINT('',(-0.00141040269820075,0.125773513072941,0.0172577215701458));
#8308=CARTESIAN_POINT('',(-0.00141040269820075,0.125773513072941,0.0103047540754197));
#8309=CARTESIAN_POINT('',(-0.00141040269820075,0.130235233658764,0.0103047540754197));
#8310=CARTESIAN_POINT('',(-0.00141040269820075,0.134696954244587,0.0103047540754197));
#8311=CARTESIAN_POINT('',(-0.00141040269820075,0.134696954244587,0.0172577215701458));
#8312=CARTESIAN_POINT('',(-0.00141040269820075,0.115815108295485,0.0172577215701458));
#8313=CARTESIAN_POINT('',(-0.00141040269820075,0.115815108295485,0.0103047540754197));
#8314=CARTESIAN_POINT('',(-0.00141040269820075,0.115815108295485,0.024210689064872));
#8315=CARTESIAN_POINT('',(-0.00141040269820075,0.120291258967042,0.0103047540754197));
#8316=CARTESIAN_POINT('',(-0.00141040269820075,0.124767409638598,0.0103047540754197));
#8317=CARTESIAN_POINT('',(-0.00141040269820075,0.124767409638598,0.0172577215701458));
#8318=CARTESIAN_POINT('',(-0.00141040269820075,0.124767409638598,0.024210689064872));
#8319=CARTESIAN_POINT('',(-0.00141040269820075,0.120291258967042,0.024210689064872));
#8320=CARTESIAN_POINT('',(-0.00141040269820075,0.0872902394948859,0.0187079409945873));
#8321=CARTESIAN_POINT('',(-0.00141040269820075,0.0872902394948859,0.0103047540754197));
#8322=CARTESIAN_POINT('',(-0.00141040269820075,0.0872902394948859,0.0271111279137549));
#8323=CARTESIAN_POINT('',(-0.00141040269820075,0.0792539501307864,0.0271111279137549));
#8324=CARTESIAN_POINT('',(-0.00141040269820075,0.0712176607666869,0.0271111279137549));
#8325=CARTESIAN_POINT('',(-0.00141040269820075,0.0712176607666869,0.0187079409945873));
#8326=CARTESIAN_POINT('',(-0.00141040269820075,0.0712176607666869,0.0103047540754197));
#8327=CARTESIAN_POINT('',(-0.00141040269820075,0.0792539501307864,0.0103047540754197));
#8328=CARTESIAN_POINT('',(-0.00141040269820075,0.063074472301465,0.0187079409945873));
#8329=CARTESIAN_POINT('',(-0.00141040269820075,0.063074472301465,0.0103047540754197));
#8330=CARTESIAN_POINT('',(-0.00141040269820075,0.063074472301465,0.0271111279137549));
#8331=CARTESIAN_POINT('',(-0.00141040269820075,0.0667789773427067,0.0103047540754197));
#8332=CARTESIAN_POINT('',(-0.00141040269820075,0.0704834823839483,0.0103047540754197));
#8333=CARTESIAN_POINT('',(-0.00141040269820075,0.0704834823839483,0.0187079409945873));
#8334=CARTESIAN_POINT('',(-0.00141040269820075,0.0704834823839483,0.0271111279137549));
#8335=CARTESIAN_POINT('',(-0.00141040269820075,0.0667789773427067,0.0271111279137549));
#8336=CARTESIAN_POINT('',(-0.00141040269820075,0.0439954948954401,0.0140846850693343));
#8337=CARTESIAN_POINT('',(-0.00141040269820075,0.0439954948954401,0.0308795452125488));
#8338=CARTESIAN_POINT('',(-0.00141040269820075,0.149761713051063,0.0308795452125488));
#8339=CARTESIAN_POINT('',(-0.00141040269820075,0.149011713051063,0.0308795452125488));
#8340=CARTESIAN_POINT('',(-0.00141040269820075,0.149011713051063,0.0300814118831918));
#8341=CARTESIAN_POINT('',(-0.00141040269820075,0.149761713051063,0.0300814118831918));
#8342=CARTESIAN_POINT('',(-0.00141040269820075,0.149761713051063,0.0199499329894898));
#8343=CARTESIAN_POINT('',(0.0135895973017992,0.0782615906203283,0.0140846850693343));
#8344=CARTESIAN_POINT('',(0.0135895973017992,0.063074472301465,0.0187079409945873));
#8345=CARTESIAN_POINT('',(0.0135895973017992,0.063074472301465,0.0103047540754197));
#8346=CARTESIAN_POINT('',(0.0135895973017992,0.063074472301465,0.0271111279137549));
#8347=CARTESIAN_POINT('',(0.0135895973017992,0.0667789773427067,0.0271111279137549));
#8348=CARTESIAN_POINT('',(0.0135895973017992,0.0704834823839483,0.0271111279137549));
#8349=CARTESIAN_POINT('',(0.0135895973017992,0.0704834823839483,0.0187079409945873));
#8350=CARTESIAN_POINT('',(0.0135895973017992,0.0704834823839483,0.0103047540754197));
#8351=CARTESIAN_POINT('',(0.0135895973017992,0.0667789773427067,0.0103047540754197));
#8352=CARTESIAN_POINT('',(0.0135895973017992,0.0887884714639805,0.0187079409945873));
#8353=CARTESIAN_POINT('',(0.0135895973017992,0.0887884714639805,0.0103047540754197));
#8354=CARTESIAN_POINT('',(0.0135895973017992,0.0887884714639805,0.0271111279137549));
#8355=CARTESIAN_POINT('',(0.0135895973017992,0.0967819516546152,0.0271111279137549));
#8356=CARTESIAN_POINT('',(0.0135895973017992,0.10477543184525,0.0271111279137549));
#8357=CARTESIAN_POINT('',(0.0135895973017992,0.10477543184525,0.0187079409945873));
#8358=CARTESIAN_POINT('',(0.0135895973017992,0.10477543184525,0.0103047540754197));
#8359=CARTESIAN_POINT('',(0.0135895973017992,0.0967819516546152,0.0103047540754197));
#8360=CARTESIAN_POINT('',(0.0135895973017992,0.115815108295485,0.0172577215701458));
#8361=CARTESIAN_POINT('',(0.0135895973017992,0.115815108295485,0.0103047540754197));
#8362=CARTESIAN_POINT('',(0.0135895973017992,0.115815108295485,0.024210689064872));
#8363=CARTESIAN_POINT('',(0.0135895973017992,0.120291258967042,0.024210689064872));
#8364=CARTESIAN_POINT('',(0.0135895973017992,0.124767409638598,0.024210689064872));
#8365=CARTESIAN_POINT('',(0.0135895973017992,0.124767409638598,0.0172577215701458));
#8366=CARTESIAN_POINT('',(0.0135895973017992,0.124767409638598,0.0103047540754197));
#8367=CARTESIAN_POINT('',(0.0135895973017992,0.120291258967042,0.0103047540754197));
#8368=CARTESIAN_POINT('',(0.0135895973017992,0.130235233658764,0.0103047540754197));
#8369=CARTESIAN_POINT('',(0.0135895973017992,0.125773513072941,0.0103047540754197));
#8370=CARTESIAN_POINT('',(0.0135895973017992,0.134696954244587,0.0103047540754197));
#8371=CARTESIAN_POINT('',(0.0135895973017992,0.125773513072941,0.0172577215701458));
#8372=CARTESIAN_POINT('',(0.0135895973017992,0.125773513072941,0.024210689064872));
#8373=CARTESIAN_POINT('',(0.0135895973017992,0.130235233658764,0.024210689064872));
#8374=CARTESIAN_POINT('',(0.0135895973017992,0.134696954244587,0.024210689064872));
#8375=CARTESIAN_POINT('',(0.0135895973017992,0.134696954244587,0.0172577215701458));
#8376=CARTESIAN_POINT('',(0.0135895973017992,0.11007063011058,0.0103047540754197));
#8377=CARTESIAN_POINT('',(0.0135895973017992,0.105594833515364,0.0103047540754197));
#8378=CARTESIAN_POINT('',(0.0135895973017992,0.114546426705796,0.0103047540754197));
#8379=CARTESIAN_POINT('',(0.0135895973017992,0.105594833515364,0.0172577215701458));
#8380=CARTESIAN_POINT('',(0.0135895973017992,0.105594833515364,0.024210689064872));
#8381=CARTESIAN_POINT('',(0.0135895973017992,0.11007063011058,0.024210689064872));
#8382=CARTESIAN_POINT('',(0.0135895973017992,0.114546426705796,0.024210689064872));
#8383=CARTESIAN_POINT('',(0.0135895973017992,0.114546426705796,0.0172577215701458));
#8384=CARTESIAN_POINT('',(0.0135895973017992,0.0712176607666869,0.0187079409945873));
#8385=CARTESIAN_POINT('',(0.0135895973017992,0.0712176607666869,0.0271111279137549));
#8386=CARTESIAN_POINT('',(0.0135895973017992,0.0712176607666869,0.0103047540754197));
#8387=CARTESIAN_POINT('',(0.0135895973017992,0.0792539501307864,0.0271111279137549));
#8388=CARTESIAN_POINT('',(0.0135895973017992,0.0872902394948859,0.0271111279137549));
#8389=CARTESIAN_POINT('',(0.0135895973017992,0.0872902394948859,0.0187079409945873));
#8390=CARTESIAN_POINT('',(0.0135895973017992,0.0872902394948859,0.0103047540754197));
#8391=CARTESIAN_POINT('',(0.0135895973017992,0.0792539501307864,0.0103047540754197));
#8392=CARTESIAN_POINT('',(0.0135895973017992,0.0782615906203283,0.0308795452125488));
#8393=CARTESIAN_POINT('',(0.0135895973017992,0.149011713051063,0.0308795452125488));
#8394=CARTESIAN_POINT('',(0.0135895973017992,0.0439954948954401,0.0308795452125488));
#8395=CARTESIAN_POINT('',(0.0135895973017992,0.0439954948954401,0.0140846850693343));
#8396=CARTESIAN_POINT('',(0.0135895973017992,0.149761713051063,0.0199499329894898));
#8397=CARTESIAN_POINT('',(0.0135895973017992,0.149761713051063,0.0300814118831918));
#8398=CARTESIAN_POINT('',(0.0135895973017992,0.149011713051063,0.0300814118831918));
#8399=CARTESIAN_POINT('',(0.00946838117261731,0.0351397641345975,0.0323795452125487));
#8400=CARTESIAN_POINT('',(0.00946838117261731,0.0439954948954401,0.0323795452125487));
#8401=CARTESIAN_POINT('',(0.00946838117261731,0.149011713051063,0.0323795452125487));
#8402=CARTESIAN_POINT('',(0.00946838117261731,0.149011713051063,0.0323795452125487));
#8403=CARTESIAN_POINT('',(0.00946838117261731,0.0351397641345975,0.0323795452125487));
#8404=CARTESIAN_POINT('',(0.00946648923720828,0.14281777566002,0.0323795452125487));
#8405=CARTESIAN_POINT('',(0.00946459730179925,0.0351397641345975,0.0323809224288968));
#8406=CARTESIAN_POINT('',(0.00946459730179925,0.0351397641345975,0.0323809224288968));
#8407=CARTESIAN_POINT('',(0.00946459730179925,0.0351397641345975,0.0323809224288968));
#8408=CARTESIAN_POINT('',(0.00946459730179925,0.0351397641345975,0.0323809224288968));
#8409=CARTESIAN_POINT('',(-0.00141040269820075,0.0782615906203283,0.0308795452125488));
#8410=CARTESIAN_POINT('',(-0.00141040269820075,0.0439954948954401,0.0308795452125488));
#8411=CARTESIAN_POINT('',(0.00271459730179925,0.0782615906203283,0.0323809224288968));
#8412=CARTESIAN_POINT('',(0.00271459730179925,0.0782615906203283,0.0323809224288968));
#8413=CARTESIAN_POINT('',(0.00271459730179925,0.0782615906203283,0.0323809224288968));
#8414=CARTESIAN_POINT('',(0.00271459730179925,0.0782615906203283,0.0323809224288968));
#8415=CARTESIAN_POINT('',(0.00271270536639022,0.14281777566002,0.0323795452125487));
#8416=CARTESIAN_POINT('',(0.00271081343098118,0.0259623717598734,0.0323795452125487));
#8417=CARTESIAN_POINT('',(0.00271081343098118,0.149011713051063,0.0323795452125487));
#8418=CARTESIAN_POINT('',(-0.00141040269820075,0.149011713051063,0.0308795452125488));
#8419=CARTESIAN_POINT('',(0.0173395973017993,0.0782615906203283,0.0140846850693343));
#8420=CARTESIAN_POINT('',(0.0173395973017993,0.0125095573563244,0.0140846850693343));
#8421=CARTESIAN_POINT('',(0.0173395973017993,0.145486991641903,0.00607649855154756));
#8422=CARTESIAN_POINT('',(0.0173395973017993,0.0439954948954401,0.0141541472979007));
#8423=CARTESIAN_POINT('',(0.0173395973017993,0.0439954948954401,0.0207879738293705));
#8424=CARTESIAN_POINT('',(0.0173395973017993,0.0429518585436163,0.0207879738293705));
#8425=CARTESIAN_POINT('',(0.0173395973017993,0.0419082221917925,0.0207879738293705));
#8426=CARTESIAN_POINT('',(0.0173395973017993,0.0419082221917925,0.0216129738293705));
#8427=CARTESIAN_POINT('',(0.0173395973017993,0.0419082221917925,0.0224379738293705));
#8428=CARTESIAN_POINT('',(0.0173395973017993,0.0429518585436163,0.0224379738293705));
#8429=CARTESIAN_POINT('',(0.0173395973017993,0.0439954948954401,0.0224379738293705));
#8430=CARTESIAN_POINT('',(0.0173395973017993,0.0439954948954401,0.0274087595209596));
#8431=CARTESIAN_POINT('',(0.0173395973017993,0.0439954948954401,0.0312876345097502));
#8432=CARTESIAN_POINT('',(0.0173395973017993,0.0782615906203283,0.0312876345097502));
#8433=CARTESIAN_POINT('',(0.0173395973017993,0.0323965333737549,0.0224379707664308));
#8434=CARTESIAN_POINT('',(0.0173395973017993,0.0325090333737549,0.0224379707664308));
#8435=CARTESIAN_POINT('',(0.0173395973017993,0.0325090333737549,0.0207879707664308));
#8436=CARTESIAN_POINT('',(0.0173395973017993,0.0325090333737549,0.0207879707664308));
#8437=CARTESIAN_POINT('',(0.0173395973017993,0.0323965333737549,0.0207879707664308));
#8438=CARTESIAN_POINT('',(-0.00516040269820076,0.0782615906203283,0.0140846850693343));
#8439=CARTESIAN_POINT('',(-0.00516040269820076,0.145486991641903,0.00607649855154756));
#8440=CARTESIAN_POINT('',(-0.00516040269820076,0.0081957337733475,0.00752032076643085));
#8441=CARTESIAN_POINT('',(-0.00516040269820076,0.0323965333737549,0.0207879707664308));
#8442=CARTESIAN_POINT('',(-0.00516040269820076,0.0325090333737549,0.0207879707664308));
#8443=CARTESIAN_POINT('',(-0.00516040269820076,0.0325090333737549,0.0207879707664308));
#8444=CARTESIAN_POINT('',(-0.00516040269820076,0.0325090333737549,0.0224379707664308));
#8445=CARTESIAN_POINT('',(-0.00516040269820076,0.0323965333737549,0.0224379707664308));
#8446=CARTESIAN_POINT('',(-0.00516040269820076,0.0439954948954401,0.0312876345097502));
#8447=CARTESIAN_POINT('',(-0.00516040269820076,0.0439954948954401,0.0312876345097502));
#8448=CARTESIAN_POINT('',(-0.00516040269820076,0.0439954948954401,0.0274087595209596));
#8449=CARTESIAN_POINT('',(-0.00516040269820076,0.0439954948954401,0.0141541472979007));
#8450=CARTESIAN_POINT('',(0.0173395973017993,0.0793990009108675,0.00587767633666424));
#8451=CARTESIAN_POINT('',(0.0173395973017993,0.0021957337733475,0.00587767633666423));
#8452=CARTESIAN_POINT('',(0.000839597301799245,0.0021957337733475,0.00587767633666423));
#8453=CARTESIAN_POINT('',(-0.0295120362669608,0.0325473673421075,0.00587767633666424));
#8454=CARTESIAN_POINT('',(0.0173395973017993,0.153491167350964,0.00669899855154756));
#8455=CARTESIAN_POINT('',(0.0173395973017993,0.152654887234618,0.00587767633666425));
#8456=CARTESIAN_POINT('',(0.0173395973017993,0.0021957337733475,0.00669899855154754));
#8457=CARTESIAN_POINT('',(0.000839597301799245,0.0021957337733475,0.00587767633666423));
#8458=CARTESIAN_POINT('',(0.0135895973017992,0.149761713051063,0.0199499329894898));
#8459=CARTESIAN_POINT('',(0.00857873607485541,0.149761713051063,0.0337171610625387));
#8460=CARTESIAN_POINT('',(0.00284305866651252,0.149761713051063,0.0316295452125487));
#8461=CARTESIAN_POINT('',(0.0135895973017992,0.149761713051063,0.0316295452125487));
#8462=CARTESIAN_POINT('',(0.00933613593708597,0.149761713051063,0.0316295452125487));
#8463=CARTESIAN_POINT('',(0.0168457918521354,0.149761713051063,0.0288962539898896));
#8464=CARTESIAN_POINT('',(0.0135895973017992,0.0351397641345975,0.0323795452125487));
#8465=CARTESIAN_POINT('',(0.00946459730179925,0.14281777566002,0.0323795452125487));
#8466=CARTESIAN_POINT('',(0.0135895973017992,0.149011713051063,0.0323795452125487));
#8467=CARTESIAN_POINT('',(0.0135895973017992,0.0229623717598734,0.0298231122426806));
#8468=CARTESIAN_POINT('',(0.00839344487909261,0.0229623717598734,0.0298231122426806));
#8469=CARTESIAN_POINT('',(0.00839344487909261,0.0229623717598734,0.0272666792728124));
#8470=CARTESIAN_POINT('',(0.00839344487909261,0.0229623717598734,0.0316295452125487));
#8471=CARTESIAN_POINT('',(0.0135895973017992,0.0229623717598734,0.0316295452125487));
#8472=CARTESIAN_POINT('',(0.00378574972450588,0.0229623717598734,0.0316295452125487));
#8473=CARTESIAN_POINT('',(0.00378574972450588,0.0229623717598734,0.0272666792728124));
#8474=CARTESIAN_POINT('',(0.00378574972450588,0.0229623717598734,0.0272666792728124));
#8475=CARTESIAN_POINT('',(0.0135895973017992,0.0229623717598734,0.0272666792728124));
#8476=CARTESIAN_POINT('',(0.0135895973017992,0.0246232025668142,0.0272666792728124));
#8477=CARTESIAN_POINT('',(0.0104194745723766,0.0191323889332253,0.0272666792728124));
#8478=CARTESIAN_POINT('',(-0.00103540269820076,0.0257458654089273,0.0272666792728124));
#8479=CARTESIAN_POINT('',(-0.000660402698200755,0.0263953844617656,0.0272666792728124));
#8480=CARTESIAN_POINT('',(-0.00140209059428566,0.026284033373755,0.0272666792728124));
#8481=CARTESIAN_POINT('',(0.0135895973017992,0.026284033373755,0.0272666792728124));
#8482=CARTESIAN_POINT('',(0.0135812851978841,0.026284033373755,0.0272666792728124));
#8483=CARTESIAN_POINT('',(0.0128395973017992,0.0263953844617656,0.0272666792728124));
#8484=CARTESIAN_POINT('',(0.0132145973017992,0.0257458654089273,0.0272666792728124));
#8485=CARTESIAN_POINT('',(0.0130097200312219,0.0256275794616086,0.0272666792728124));
#8486=CARTESIAN_POINT('',(0.0135895973017992,0.026284033373755,0.0249169273596198));
#8487=CARTESIAN_POINT('',(-0.000222651078713824,0.026284033373755,0.0249169273596198));
#8488=CARTESIAN_POINT('',(-0.000222651078713823,0.026284033373755,0.0233171754464274));
#8489=CARTESIAN_POINT('',(0.0117145973017992,0.026284033373755,0.0233171754464274));
#8490=CARTESIAN_POINT('',(0.0124018456823123,0.026284033373755,0.0233171754464274));
#8491=CARTESIAN_POINT('',(0.0124018456823123,0.026284033373755,0.00752032076643086));
#8492=CARTESIAN_POINT('',(0.0154420459998932,0.026284033373755,0.030793846150305));
#8493=CARTESIAN_POINT('',(0.00946838117261731,0.026284033373755,0.0323795452125487));
#8494=CARTESIAN_POINT('',(0.012903246667381,0.026284033373755,0.0311293564137467));
#8495=CARTESIAN_POINT('',(0.0126467315598868,0.026284033373755,0.0304245869481573));
#8496=CARTESIAN_POINT('',(0.0131491948750537,0.026284033373755,0.0310283704768957));
#8497=CARTESIAN_POINT('',(0.0128395973017992,0.026284033373755,0.0303543895588914));
#8498=CARTESIAN_POINT('',(0.0135812851978841,0.026284033373755,0.0303543895588914));
#8499=CARTESIAN_POINT('',(0.0135812851978841,0.026284033373755,0.0288105344158519));
#8500=CARTESIAN_POINT('',(-0.00140209059428566,0.026284033373755,0.0288105344158519));
#8501=CARTESIAN_POINT('',(-0.00140209059428566,0.026284033373755,0.0303543895588914));
#8502=CARTESIAN_POINT('',(-0.000660402698200755,0.026284033373755,0.0303543895588914));
#8503=CARTESIAN_POINT('',(-0.0009700002714552,0.026284033373755,0.0310283704768957));
#8504=CARTESIAN_POINT('',(-0.000467536956288263,0.026284033373755,0.0304245869481573));
#8505=CARTESIAN_POINT('',(-0.000724052063782502,0.026284033373755,0.0311293564137467));
#8506=CARTESIAN_POINT('',(-0.00141040269820075,0.026284033373755,0.0308795452125488));
#8507=CARTESIAN_POINT('',(0.0103815035083473,0.026284033373755,0.0350946487272435));
#8508=CARTESIAN_POINT('',(0.0117145973017992,0.00894061004446125,0.014337593630713));
#8509=CARTESIAN_POINT('',(0.00198195022984349,0.00894061004446125,0.014337593630713));
#8510=CARTESIAN_POINT('',(0.00198195022984349,0.00894061004446124,0.0211548664949951));
#8511=CARTESIAN_POINT('',(0.010197244373755,0.00894061004446125,0.014337593630713));
#8512=CARTESIAN_POINT('',(0.010197244373755,0.00894061004446124,0.0211548664949951));
#8513=CARTESIAN_POINT('',(0.0117145973017992,0.00894061004446124,0.0211548664949951));
#8514=CARTESIAN_POINT('',(0.0117145973017992,0.0183184761848242,0.0225671754464274));
#8515=CARTESIAN_POINT('',(0.0110229950568195,0.018378983540929,0.0225671754464274));
#8516=CARTESIAN_POINT('',(0.0103208053964015,0.0103529189958935,0.0225671754464274));
#8517=CARTESIAN_POINT('',(0.0116489808041548,0.025534033373755,0.0225671754464274));
#8518=CARTESIAN_POINT('',(0.000464597301799244,0.025534033373755,0.0225671754464274));
#8519=CARTESIAN_POINT('',(0.000530213799443688,0.025534033373755,0.0225671754464274));
#8520=CARTESIAN_POINT('',(0.00124165593608534,0.0174022125415525,0.0225671754464274));
#8521=CARTESIAN_POINT('',(0.00185838920719698,0.0103529189958935,0.0225671754464274));
#8522=CARTESIAN_POINT('',(0.0117145973017992,0.0103529189958935,0.0225671754464274));
#8523=CARTESIAN_POINT('',(0.0117145973017992,0.0103529189958935,0.0211548664949951));
#8524=CARTESIAN_POINT('',(0.00185838920719698,0.0103529189958935,0.0211548664949951));
#8525=CARTESIAN_POINT('',(0.0103208053964015,0.0103529189958935,0.0211548664949951));
#8526=CARTESIAN_POINT('',(0.0117145973017992,0.026284033373755,0.0249169273596198));
#8527=CARTESIAN_POINT('',(0.0116546996587435,0.0255994001808157,0.0225671754464274));
#8528=CARTESIAN_POINT('',(0.0116546996587435,0.0255994001808157,0.0225700294228585));
#8529=CARTESIAN_POINT('',(0.0116489808041548,0.025534033373755,0.0233171754464274));
#8530=CARTESIAN_POINT('',(0.000464597301799244,0.026284033373755,0.0249169273596198));
#8531=CARTESIAN_POINT('',(0.000530213799443687,0.025534033373755,0.0233171754464274));
#8532=CARTESIAN_POINT('',(0.000524494944854986,0.0255994001808157,0.0225700294228585));
#8533=CARTESIAN_POINT('',(0.000524494944854986,0.0255994001808157,0.0249169273596198));
#8534=CARTESIAN_POINT('',(0.00839344487909261,0.0229623717598734,0.0298231122426806));
#8535=CARTESIAN_POINT('',(0.0132145973017992,0.0257458654089273,0.0298231122426806));
#8536=CARTESIAN_POINT('',(0.0132145973017992,0.0257458654089273,0.0303543895588914));
#8537=CARTESIAN_POINT('',(0.00896108283949566,0.0232900976891144,0.0319025422141908));
#8538=CARTESIAN_POINT('',(0.00971113593708597,0.0237231410469146,0.0316295452125487));
#8539=CARTESIAN_POINT('',(0.00839344487909261,0.0229623717598734,0.0316295452125487));
#8540=CARTESIAN_POINT('',(-0.00141040269820075,0.0259623717598734,0.0140846850693343));
#8541=CARTESIAN_POINT('',(-0.00541639231155155,0.0282752309415123,0.0287598397430024));
#8542=CARTESIAN_POINT('',(0.00246805866651253,0.0237231410469146,0.0316295452125487));
#8543=CARTESIAN_POINT('',(-0.00103540269820076,0.0257458654089273,0.0303543895588914));
#8544=CARTESIAN_POINT('',(-0.00103540269820076,0.0257458654089273,0.0272666792728124));
#8545=CARTESIAN_POINT('',(-0.00141040269820075,0.0259623717598734,0.0316295452125487));
#8546=CARTESIAN_POINT('',(-0.00516040269820076,0.0081957337733475,0.0140846850693343));
#8547=CARTESIAN_POINT('',(0.0141895973017992,0.125773513072941,0.0172577215701458));
#8548=CARTESIAN_POINT('',(0.0141895973017992,0.125773513072941,0.0103047540754197));
#8549=CARTESIAN_POINT('',(0.0141895973017992,0.125773513072941,0.0103047540754197));
#8550=CARTESIAN_POINT('',(0.0141895973017992,0.125773513072941,0.0172577215701458));
#8551=CARTESIAN_POINT('',(0.0141895973017992,0.125773513072941,0.024210689064872));
#8552=CARTESIAN_POINT('',(0.0141895973017992,0.125773513072941,0.024210689064872));
#8553=CARTESIAN_POINT('',(0.0141895973017992,0.130235233658764,0.0103047540754197));
#8554=CARTESIAN_POINT('',(0.0141895973017992,0.134696954244587,0.0103047540754197));
#8555=CARTESIAN_POINT('',(0.0141895973017992,0.134696954244587,0.0103047540754197));
#8556=CARTESIAN_POINT('',(0.0141895973017992,0.130235233658764,0.0103047540754197));
#8557=CARTESIAN_POINT('',(0.0141895973017992,0.134696954244587,0.0172577215701458));
#8558=CARTESIAN_POINT('',(0.0141895973017992,0.134696954244587,0.024210689064872));
#8559=CARTESIAN_POINT('',(0.0141895973017992,0.134696954244587,0.024210689064872));
#8560=CARTESIAN_POINT('',(0.0141895973017992,0.134696954244587,0.0172577215701458));
#8561=CARTESIAN_POINT('',(0.0141895973017992,0.130235233658764,0.024210689064872));
#8562=CARTESIAN_POINT('',(0.0141895973017992,0.130235233658764,0.024210689064872));
#8563=CARTESIAN_POINT('',(0.0141895973017992,0.087862042405468,0.0199499329894898));
#8564=CARTESIAN_POINT('',(0.0141895973017992,0.115815108295485,0.0172577215701458));
#8565=CARTESIAN_POINT('',(0.0141895973017992,0.115815108295485,0.0103047540754197));
#8566=CARTESIAN_POINT('',(0.0141895973017992,0.115815108295485,0.0103047540754197));
#8567=CARTESIAN_POINT('',(0.0141895973017992,0.115815108295485,0.0172577215701458));
#8568=CARTESIAN_POINT('',(0.0141895973017992,0.115815108295485,0.024210689064872));
#8569=CARTESIAN_POINT('',(0.0141895973017992,0.115815108295485,0.024210689064872));
#8570=CARTESIAN_POINT('',(0.0141895973017992,0.120291258967042,0.0103047540754197));
#8571=CARTESIAN_POINT('',(0.0141895973017992,0.124767409638598,0.0103047540754197));
#8572=CARTESIAN_POINT('',(0.0141895973017992,0.124767409638598,0.0103047540754197));
#8573=CARTESIAN_POINT('',(0.0141895973017992,0.120291258967042,0.0103047540754197));
#8574=CARTESIAN_POINT('',(0.0141895973017992,0.124767409638598,0.0172577215701458));
#8575=CARTESIAN_POINT('',(0.0141895973017992,0.124767409638598,0.024210689064872));
#8576=CARTESIAN_POINT('',(0.0141895973017992,0.124767409638598,0.024210689064872));
#8577=CARTESIAN_POINT('',(0.0141895973017992,0.124767409638598,0.0172577215701458));
#8578=CARTESIAN_POINT('',(0.0141895973017992,0.120291258967042,0.024210689064872));
#8579=CARTESIAN_POINT('',(0.0141895973017992,0.120291258967042,0.024210689064872));
#8580=CARTESIAN_POINT('',(0.0141895973017992,0.087862042405468,0.0199499329894898));
#8581=CARTESIAN_POINT('',(0.0141895973017992,0.105594833515364,0.0172577215701458));
#8582=CARTESIAN_POINT('',(0.0141895973017992,0.105594833515364,0.0103047540754197));
#8583=CARTESIAN_POINT('',(0.0141895973017992,0.105594833515364,0.0103047540754197));
#8584=CARTESIAN_POINT('',(0.0141895973017992,0.105594833515364,0.0172577215701458));
#8585=CARTESIAN_POINT('',(0.0141895973017992,0.105594833515364,0.024210689064872));
#8586=CARTESIAN_POINT('',(0.0141895973017992,0.105594833515364,0.024210689064872));
#8587=CARTESIAN_POINT('',(0.0141895973017992,0.11007063011058,0.0103047540754197));
#8588=CARTESIAN_POINT('',(0.0141895973017992,0.114546426705796,0.0103047540754197));
#8589=CARTESIAN_POINT('',(0.0141895973017992,0.114546426705796,0.0103047540754197));
#8590=CARTESIAN_POINT('',(0.0141895973017992,0.11007063011058,0.0103047540754197));
#8591=CARTESIAN_POINT('',(0.0141895973017992,0.114546426705796,0.0172577215701458));
#8592=CARTESIAN_POINT('',(0.0141895973017992,0.114546426705796,0.024210689064872));
#8593=CARTESIAN_POINT('',(0.0141895973017992,0.114546426705796,0.024210689064872));
#8594=CARTESIAN_POINT('',(0.0141895973017992,0.114546426705796,0.0172577215701458));
#8595=CARTESIAN_POINT('',(0.0141895973017992,0.11007063011058,0.024210689064872));
#8596=CARTESIAN_POINT('',(0.0141895973017992,0.11007063011058,0.024210689064872));
#8597=CARTESIAN_POINT('',(0.0141895973017992,0.087862042405468,0.0199499329894898));
#8598=CARTESIAN_POINT('',(0.0141895973017992,0.0887884714639805,0.0187079409945873));
#8599=CARTESIAN_POINT('',(0.0141895973017992,0.0887884714639805,0.0103047540754197));
#8600=CARTESIAN_POINT('',(0.0141895973017992,0.0887884714639805,0.0103047540754197));
#8601=CARTESIAN_POINT('',(0.0141895973017992,0.0887884714639805,0.0187079409945873));
#8602=CARTESIAN_POINT('',(0.0141895973017992,0.0887884714639805,0.0271111279137549));
#8603=CARTESIAN_POINT('',(0.0141895973017992,0.0887884714639805,0.0271111279137549));
#8604=CARTESIAN_POINT('',(0.0141895973017992,0.0967819516546152,0.0103047540754197));
#8605=CARTESIAN_POINT('',(0.0141895973017992,0.10477543184525,0.0103047540754197));
#8606=CARTESIAN_POINT('',(0.0141895973017992,0.10477543184525,0.0103047540754197));
#8607=CARTESIAN_POINT('',(0.0141895973017992,0.0967819516546152,0.0103047540754197));
#8608=CARTESIAN_POINT('',(0.0141895973017992,0.10477543184525,0.0187079409945873));
#8609=CARTESIAN_POINT('',(0.0141895973017992,0.10477543184525,0.0271111279137549));
#8610=CARTESIAN_POINT('',(0.0141895973017992,0.10477543184525,0.0271111279137549));
#8611=CARTESIAN_POINT('',(0.0141895973017992,0.10477543184525,0.0187079409945873));
#8612=CARTESIAN_POINT('',(0.0141895973017992,0.0967819516546152,0.0271111279137549));
#8613=CARTESIAN_POINT('',(0.0141895973017992,0.0967819516546152,0.0271111279137549));
#8614=CARTESIAN_POINT('',(0.0141895973017992,0.087862042405468,0.0199499329894898));
#8615=CARTESIAN_POINT('',(0.0141895973017992,0.0792539501307864,0.0271111279137549));
#8616=CARTESIAN_POINT('',(0.0141895973017992,0.0712176607666869,0.0271111279137549));
#8617=CARTESIAN_POINT('',(0.0141895973017992,0.0712176607666869,0.0271111279137549));
#8618=CARTESIAN_POINT('',(0.0141895973017992,0.0792539501307864,0.0271111279137549));
#8619=CARTESIAN_POINT('',(0.0141895973017992,0.0872902394948859,0.0271111279137549));
#8620=CARTESIAN_POINT('',(0.0141895973017992,0.0872902394948859,0.0271111279137549));
#8621=CARTESIAN_POINT('',(0.0141895973017992,0.0712176607666869,0.0187079409945873));
#8622=CARTESIAN_POINT('',(0.0141895973017992,0.0712176607666869,0.0103047540754197));
#8623=CARTESIAN_POINT('',(0.0141895973017992,0.0712176607666869,0.0103047540754197));
#8624=CARTESIAN_POINT('',(0.0141895973017992,0.0712176607666869,0.0187079409945873));
#8625=CARTESIAN_POINT('',(0.0141895973017992,0.0792539501307864,0.0103047540754197));
#8626=CARTESIAN_POINT('',(0.0141895973017992,0.0872902394948859,0.0103047540754197));
#8627=CARTESIAN_POINT('',(0.0141895973017992,0.0872902394948859,0.0103047540754197));
#8628=CARTESIAN_POINT('',(0.0141895973017992,0.0792539501307864,0.0103047540754197));
#8629=CARTESIAN_POINT('',(0.0141895973017992,0.0872902394948859,0.0187079409945873));
#8630=CARTESIAN_POINT('',(0.0141895973017992,0.0872902394948859,0.0187079409945873));
#8631=CARTESIAN_POINT('',(0.0141895973017992,0.087862042405468,0.0199499329894898));
#8632=CARTESIAN_POINT('',(0.0141895973017992,0.063074472301465,0.0187079409945873));
#8633=CARTESIAN_POINT('',(0.0141895973017992,0.063074472301465,0.0103047540754197));
#8634=CARTESIAN_POINT('',(0.0141895973017992,0.063074472301465,0.0103047540754197));
#8635=CARTESIAN_POINT('',(0.0141895973017992,0.063074472301465,0.0187079409945873));
#8636=CARTESIAN_POINT('',(0.0141895973017992,0.063074472301465,0.0271111279137549));
#8637=CARTESIAN_POINT('',(0.0141895973017992,0.063074472301465,0.0271111279137549));
#8638=CARTESIAN_POINT('',(0.0141895973017992,0.0667789773427067,0.0103047540754197));
#8639=CARTESIAN_POINT('',(0.0141895973017992,0.0704834823839483,0.0103047540754197));
#8640=CARTESIAN_POINT('',(0.0141895973017992,0.0704834823839483,0.0103047540754197));
#8641=CARTESIAN_POINT('',(0.0141895973017992,0.0667789773427067,0.0103047540754197));
#8642=CARTESIAN_POINT('',(0.0141895973017992,0.0704834823839483,0.0187079409945873));
#8643=CARTESIAN_POINT('',(0.0141895973017992,0.0704834823839483,0.0271111279137549));
#8644=CARTESIAN_POINT('',(0.0141895973017992,0.0704834823839483,0.0271111279137549));
#8645=CARTESIAN_POINT('',(0.0141895973017992,0.0704834823839483,0.0187079409945873));
#8646=CARTESIAN_POINT('',(0.0141895973017992,0.0667789773427067,0.0271111279137549));
#8647=CARTESIAN_POINT('',(0.0141895973017992,0.0667789773427067,0.0271111279137549));
#8648=CARTESIAN_POINT('',(0.0141895973017992,0.087862042405468,0.0199499329894898));
#8649=CARTESIAN_POINT('',(0.00946838117261731,0.0351397641345975,0.0323795452125487));
#8650=CARTESIAN_POINT('',(0.0115289892372083,0.0256387045428719,0.0316295452125487));
#8651=CARTESIAN_POINT('',(0.00949873541170997,0.0243184378838342,0.0323684971730352));
#8652=CARTESIAN_POINT('',(0.0137375727275457,0.0267657317491829,0.0308256865621742));
#8653=CARTESIAN_POINT('',(-0.00141040269820075,0.0782615906203283,0.0308795452125488));
#8654=CARTESIAN_POINT('',(-0.0217271699243388,0.0384101891243687,0.0234848466857193));
#8655=CARTESIAN_POINT('',(0.00268045919188853,0.0243184378838342,0.0323684971730352));
#8656=CARTESIAN_POINT('',(0.000650205366390212,0.0256387045428719,0.0316295452125487));
#8657=CARTESIAN_POINT('',(0.0168457918521354,0.149011713051063,0.0288962539898896));
#8658=CARTESIAN_POINT('',(0.00933613593708597,0.149011713051063,0.0316295452125487));
#8659=CARTESIAN_POINT('',(0.0135895973017992,0.149011713051063,0.0316295452125487));
#8660=CARTESIAN_POINT('',(0.00284305866651253,0.149011713051063,0.0316295452125487));
#8661=CARTESIAN_POINT('',(0.00857873607485541,0.149011713051063,0.0337171610625387));
#8662=CARTESIAN_POINT('',(-0.00504139231155155,0.0289247499943507,0.0287598397430024));
#8663=CARTESIAN_POINT('',(-0.000660402698200755,0.0263953844617656,0.0303543895588914));
#8664=CARTESIAN_POINT('',(0.0028430586665125,0.0243726600997529,0.0316295452125487));
#8665=CARTESIAN_POINT('',(0.00624066983329489,0.0224110483780094,0.0316295452125487));
#8666=CARTESIAN_POINT('',(0.00398671161882921,0.0237123717598734,0.0316295452125487));
#8667=CARTESIAN_POINT('',(0.0135895973017992,0.0237123717598734,0.0316295452125487));
#8668=CARTESIAN_POINT('',(0.00819248298476927,0.0237123717598734,0.0316295452125487));
#8669=CARTESIAN_POINT('',(0.0171885247703036,0.0289062389063927,0.0316295452125487));
#8670=CARTESIAN_POINT('',(0.00933613593708596,0.0243726600997529,0.0316295452125487));
#8671=CARTESIAN_POINT('',(0.00858608283949566,0.0239396167419526,0.0319025422141908));
#8672=CARTESIAN_POINT('',(0.0128395973017992,0.0263953844617656,0.0303543895588914));
#8673=CARTESIAN_POINT('',(-0.00201040269820076,0.125773513072941,0.0172577215701458));
#8674=CARTESIAN_POINT('',(-0.00201040269820076,0.125773513072941,0.024210689064872));
#8675=CARTESIAN_POINT('',(-0.00201040269820076,0.125773513072941,0.024210689064872));
#8676=CARTESIAN_POINT('',(-0.00201040269820076,0.125773513072941,0.0172577215701458));
#8677=CARTESIAN_POINT('',(-0.00201040269820076,0.125773513072941,0.0103047540754197));
#8678=CARTESIAN_POINT('',(-0.00201040269820076,0.125773513072941,0.0103047540754197));
#8679=CARTESIAN_POINT('',(-0.00201040269820076,0.130235233658764,0.0103047540754197));
#8680=CARTESIAN_POINT('',(-0.00201040269820076,0.130235233658764,0.0103047540754197));
#8681=CARTESIAN_POINT('',(-0.00201040269820076,0.134696954244587,0.0103047540754197));
#8682=CARTESIAN_POINT('',(-0.00201040269820076,0.134696954244587,0.0103047540754197));
#8683=CARTESIAN_POINT('',(-0.00201040269820076,0.134696954244587,0.0172577215701458));
#8684=CARTESIAN_POINT('',(-0.00201040269820076,0.134696954244587,0.0172577215701458));
#8685=CARTESIAN_POINT('',(-0.00201040269820076,0.134696954244587,0.024210689064872));
#8686=CARTESIAN_POINT('',(-0.00201040269820076,0.134696954244587,0.024210689064872));
#8687=CARTESIAN_POINT('',(-0.00201040269820076,0.130235233658764,0.024210689064872));
#8688=CARTESIAN_POINT('',(-0.00201040269820076,0.130235233658764,0.024210689064872));
#8689=CARTESIAN_POINT('',(-0.00201040269820076,0.087862042405468,0.0199499329894898));
#8690=CARTESIAN_POINT('',(-0.00201040269820076,0.115815108295485,0.0172577215701458));
#8691=CARTESIAN_POINT('',(-0.00201040269820076,0.115815108295485,0.024210689064872));
#8692=CARTESIAN_POINT('',(-0.00201040269820076,0.115815108295485,0.024210689064872));
#8693=CARTESIAN_POINT('',(-0.00201040269820076,0.115815108295485,0.0172577215701458));
#8694=CARTESIAN_POINT('',(-0.00201040269820076,0.115815108295485,0.0103047540754197));
#8695=CARTESIAN_POINT('',(-0.00201040269820076,0.115815108295485,0.0103047540754197));
#8696=CARTESIAN_POINT('',(-0.00201040269820076,0.120291258967042,0.0103047540754197));
#8697=CARTESIAN_POINT('',(-0.00201040269820076,0.120291258967042,0.0103047540754197));
#8698=CARTESIAN_POINT('',(-0.00201040269820076,0.124767409638598,0.0103047540754197));
#8699=CARTESIAN_POINT('',(-0.00201040269820076,0.124767409638598,0.0103047540754197));
#8700=CARTESIAN_POINT('',(-0.00201040269820076,0.124767409638598,0.0172577215701458));
#8701=CARTESIAN_POINT('',(-0.00201040269820076,0.124767409638598,0.0172577215701458));
#8702=CARTESIAN_POINT('',(-0.00201040269820076,0.124767409638598,0.024210689064872));
#8703=CARTESIAN_POINT('',(-0.00201040269820076,0.124767409638598,0.024210689064872));
#8704=CARTESIAN_POINT('',(-0.00201040269820076,0.120291258967042,0.024210689064872));
#8705=CARTESIAN_POINT('',(-0.00201040269820076,0.120291258967042,0.024210689064872));
#8706=CARTESIAN_POINT('',(-0.00201040269820076,0.087862042405468,0.0199499329894898));
#8707=CARTESIAN_POINT('',(-0.00201040269820076,0.105594833515364,0.0172577215701458));
#8708=CARTESIAN_POINT('',(-0.00201040269820076,0.105594833515364,0.024210689064872));
#8709=CARTESIAN_POINT('',(-0.00201040269820076,0.105594833515364,0.024210689064872));
#8710=CARTESIAN_POINT('',(-0.00201040269820076,0.105594833515364,0.0172577215701458));
#8711=CARTESIAN_POINT('',(-0.00201040269820076,0.105594833515364,0.0103047540754197));
#8712=CARTESIAN_POINT('',(-0.00201040269820076,0.105594833515364,0.0103047540754197));
#8713=CARTESIAN_POINT('',(-0.00201040269820076,0.11007063011058,0.0103047540754197));
#8714=CARTESIAN_POINT('',(-0.00201040269820076,0.11007063011058,0.0103047540754197));
#8715=CARTESIAN_POINT('',(-0.00201040269820076,0.114546426705796,0.0103047540754197));
#8716=CARTESIAN_POINT('',(-0.00201040269820076,0.114546426705796,0.0103047540754197));
#8717=CARTESIAN_POINT('',(-0.00201040269820076,0.114546426705796,0.0172577215701458));
#8718=CARTESIAN_POINT('',(-0.00201040269820076,0.114546426705796,0.0172577215701458));
#8719=CARTESIAN_POINT('',(-0.00201040269820076,0.114546426705796,0.024210689064872));
#8720=CARTESIAN_POINT('',(-0.00201040269820076,0.114546426705796,0.024210689064872));
#8721=CARTESIAN_POINT('',(-0.00201040269820076,0.11007063011058,0.024210689064872));
#8722=CARTESIAN_POINT('',(-0.00201040269820076,0.11007063011058,0.024210689064872));
#8723=CARTESIAN_POINT('',(-0.00201040269820076,0.087862042405468,0.0199499329894898));
#8724=CARTESIAN_POINT('',(-0.00201040269820076,0.0887884714639805,0.0187079409945873));
#8725=CARTESIAN_POINT('',(-0.00201040269820076,0.0887884714639805,0.0271111279137549));
#8726=CARTESIAN_POINT('',(-0.00201040269820076,0.0887884714639805,0.0271111279137549));
#8727=CARTESIAN_POINT('',(-0.00201040269820076,0.0887884714639805,0.0187079409945873));
#8728=CARTESIAN_POINT('',(-0.00201040269820076,0.0887884714639805,0.0103047540754197));
#8729=CARTESIAN_POINT('',(-0.00201040269820076,0.0887884714639805,0.0103047540754197));
#8730=CARTESIAN_POINT('',(-0.00201040269820076,0.0967819516546152,0.0103047540754197));
#8731=CARTESIAN_POINT('',(-0.00201040269820076,0.0967819516546152,0.0103047540754197));
#8732=CARTESIAN_POINT('',(-0.00201040269820076,0.10477543184525,0.0103047540754197));
#8733=CARTESIAN_POINT('',(-0.00201040269820076,0.10477543184525,0.0103047540754197));
#8734=CARTESIAN_POINT('',(-0.00201040269820076,0.10477543184525,0.0187079409945873));
#8735=CARTESIAN_POINT('',(-0.00201040269820076,0.10477543184525,0.0187079409945873));
#8736=CARTESIAN_POINT('',(-0.00201040269820076,0.10477543184525,0.0271111279137549));
#8737=CARTESIAN_POINT('',(-0.00201040269820076,0.10477543184525,0.0271111279137549));
#8738=CARTESIAN_POINT('',(-0.00201040269820076,0.0967819516546152,0.0271111279137549));
#8739=CARTESIAN_POINT('',(-0.00201040269820076,0.0967819516546152,0.0271111279137549));
#8740=CARTESIAN_POINT('',(-0.00201040269820076,0.087862042405468,0.0199499329894898));
#8741=CARTESIAN_POINT('',(-0.00201040269820076,0.0792539501307864,0.0271111279137549));
#8742=CARTESIAN_POINT('',(-0.00201040269820076,0.0872902394948859,0.0271111279137549));
#8743=CARTESIAN_POINT('',(-0.00201040269820076,0.0872902394948859,0.0271111279137549));
#8744=CARTESIAN_POINT('',(-0.00201040269820076,0.0792539501307864,0.0271111279137549));
#8745=CARTESIAN_POINT('',(-0.00201040269820076,0.0712176607666869,0.0271111279137549));
#8746=CARTESIAN_POINT('',(-0.00201040269820076,0.0712176607666869,0.0271111279137549));
#8747=CARTESIAN_POINT('',(-0.00201040269820076,0.0712176607666869,0.0187079409945873));
#8748=CARTESIAN_POINT('',(-0.00201040269820076,0.0712176607666869,0.0187079409945873));
#8749=CARTESIAN_POINT('',(-0.00201040269820076,0.0712176607666869,0.0103047540754197));
#8750=CARTESIAN_POINT('',(-0.00201040269820076,0.0712176607666869,0.0103047540754197));
#8751=CARTESIAN_POINT('',(-0.00201040269820076,0.0792539501307864,0.0103047540754197));
#8752=CARTESIAN_POINT('',(-0.00201040269820076,0.0792539501307864,0.0103047540754197));
#8753=CARTESIAN_POINT('',(-0.00201040269820076,0.0872902394948859,0.0103047540754197));
#8754=CARTESIAN_POINT('',(-0.00201040269820076,0.0872902394948859,0.0103047540754197));
#8755=CARTESIAN_POINT('',(-0.00201040269820076,0.0872902394948859,0.0187079409945873));
#8756=CARTESIAN_POINT('',(-0.00201040269820076,0.0872902394948859,0.0187079409945873));
#8757=CARTESIAN_POINT('',(-0.00201040269820076,0.087862042405468,0.0199499329894898));
#8758=CARTESIAN_POINT('',(-0.00201040269820076,0.063074472301465,0.0187079409945873));
#8759=CARTESIAN_POINT('',(-0.00201040269820076,0.063074472301465,0.0271111279137549));
#8760=CARTESIAN_POINT('',(-0.00201040269820076,0.063074472301465,0.0271111279137549));
#8761=CARTESIAN_POINT('',(-0.00201040269820076,0.063074472301465,0.0187079409945873));
#8762=CARTESIAN_POINT('',(-0.00201040269820076,0.063074472301465,0.0103047540754197));
#8763=CARTESIAN_POINT('',(-0.00201040269820076,0.063074472301465,0.0103047540754197));
#8764=CARTESIAN_POINT('',(-0.00201040269820076,0.0667789773427067,0.0103047540754197));
#8765=CARTESIAN_POINT('',(-0.00201040269820076,0.0667789773427067,0.0103047540754197));
#8766=CARTESIAN_POINT('',(-0.00201040269820076,0.0704834823839483,0.0103047540754197));
#8767=CARTESIAN_POINT('',(-0.00201040269820076,0.0704834823839483,0.0103047540754197));
#8768=CARTESIAN_POINT('',(-0.00201040269820076,0.0704834823839483,0.0187079409945873));
#8769=CARTESIAN_POINT('',(-0.00201040269820076,0.0704834823839483,0.0187079409945873));
#8770=CARTESIAN_POINT('',(-0.00201040269820076,0.0704834823839483,0.0271111279137549));
#8771=CARTESIAN_POINT('',(-0.00201040269820076,0.0704834823839483,0.0271111279137549));
#8772=CARTESIAN_POINT('',(-0.00201040269820076,0.0667789773427067,0.0271111279137549));
#8773=CARTESIAN_POINT('',(-0.00201040269820076,0.0667789773427067,0.0271111279137549));
#8774=CARTESIAN_POINT('',(-0.00201040269820076,0.087862042405468,0.0199499329894898));
#8775=CARTESIAN_POINT('',(0.0150895973017993,0.0608534671507893,0.00692032076643082));
#8776=CARTESIAN_POINT('',(0.0167395973017993,0.0608534671507893,0.00692032076643082));
#8777=CARTESIAN_POINT('',(0.0167395973017993,0.0608534671507893,0.00632032076643082));
#8778=CARTESIAN_POINT('',(0.0150895973017993,0.0608534671507893,0.00632032076643082));
#8779=CARTESIAN_POINT('',(0.0150895973017993,0.0608534671507893,0.00632032076643082));
#8780=CARTESIAN_POINT('',(0.0150895973017993,0.0608534671507893,0.00692032076643082));
#8781=CARTESIAN_POINT('',(0.0150895973017993,0.0616784671507893,0.00632032076643082));
#8782=CARTESIAN_POINT('',(0.0167395973017993,0.0616784671507893,0.00632032076643082));
#8783=CARTESIAN_POINT('',(0.0167395973017993,0.0625034671507893,0.00632032076643082));
#8784=CARTESIAN_POINT('',(0.0150895973017993,0.0625034671507893,0.00632032076643082));
#8785=CARTESIAN_POINT('',(0.0150895973017993,0.0625034671507893,0.00632032076643082));
#8786=CARTESIAN_POINT('',(0.0150895973017993,0.0616784671507893,0.00632032076643082));
#8787=CARTESIAN_POINT('',(0.0150895973017993,0.0625034671507893,0.00692032076643082));
#8788=CARTESIAN_POINT('',(0.0167395973017993,0.0625034671507893,0.00692032076643082));
#8789=CARTESIAN_POINT('',(0.0150895973017993,0.0625034671507893,0.00692032076643082));
#8790=CARTESIAN_POINT('',(0.0150895973017993,0.0812615906203283,0.00607649855154756));
#8791=CARTESIAN_POINT('',(0.0167395973017993,0.0812615906203283,0.00607649855154756));
#8792=CARTESIAN_POINT('',(0.0150895973017993,0.0715034671507892,0.00692032076643083));
#8793=CARTESIAN_POINT('',(0.0167395973017993,0.0715034671507892,0.00692032076643083));
#8794=CARTESIAN_POINT('',(0.0167395973017993,0.0715034671507892,0.00632032076643083));
#8795=CARTESIAN_POINT('',(0.0150895973017993,0.0715034671507892,0.00632032076643083));
#8796=CARTESIAN_POINT('',(0.0150895973017993,0.0715034671507892,0.00632032076643083));
#8797=CARTESIAN_POINT('',(0.0150895973017993,0.0715034671507892,0.00692032076643083));
#8798=CARTESIAN_POINT('',(0.0150895973017993,0.0723284671507893,0.00632032076643083));
#8799=CARTESIAN_POINT('',(0.0167395973017993,0.0723284671507893,0.00632032076643083));
#8800=CARTESIAN_POINT('',(0.0167395973017993,0.0731534671507892,0.00632032076643083));
#8801=CARTESIAN_POINT('',(0.0150895973017993,0.0731534671507892,0.00632032076643083));
#8802=CARTESIAN_POINT('',(0.0150895973017993,0.0731534671507892,0.00632032076643083));
#8803=CARTESIAN_POINT('',(0.0150895973017993,0.0723284671507893,0.00632032076643083));
#8804=CARTESIAN_POINT('',(0.0150895973017993,0.0731534671507892,0.00692032076643083));
#8805=CARTESIAN_POINT('',(0.0167395973017993,0.0731534671507892,0.00692032076643083));
#8806=CARTESIAN_POINT('',(0.0150895973017993,0.0731534671507892,0.00692032076643083));
#8807=CARTESIAN_POINT('',(0.0150895973017993,0.0812615906203283,0.00607649855154756));
#8808=CARTESIAN_POINT('',(0.0167395973017993,0.0812615906203283,0.00607649855154756));
#8809=CARTESIAN_POINT('',(0.0150895973017993,0.0821534671507892,0.00692032076643083));
#8810=CARTESIAN_POINT('',(0.0167395973017993,0.0821534671507892,0.00692032076643083));
#8811=CARTESIAN_POINT('',(0.0167395973017993,0.0821534671507892,0.00632032076643084));
#8812=CARTESIAN_POINT('',(0.0150895973017993,0.0821534671507892,0.00632032076643084));
#8813=CARTESIAN_POINT('',(0.0150895973017993,0.0821534671507892,0.00632032076643084));
#8814=CARTESIAN_POINT('',(0.0150895973017993,0.0821534671507892,0.00692032076643083));
#8815=CARTESIAN_POINT('',(0.0150895973017993,0.0829784671507892,0.00632032076643084));
#8816=CARTESIAN_POINT('',(0.0167395973017993,0.0829784671507892,0.00632032076643084));
#8817=CARTESIAN_POINT('',(0.0167395973017993,0.0838034671507892,0.00632032076643083));
#8818=CARTESIAN_POINT('',(0.0150895973017993,0.0838034671507892,0.00632032076643083));
#8819=CARTESIAN_POINT('',(0.0150895973017993,0.0838034671507892,0.00632032076643083));
#8820=CARTESIAN_POINT('',(0.0150895973017993,0.0829784671507892,0.00632032076643084));
#8821=CARTESIAN_POINT('',(0.0150895973017993,0.0838034671507892,0.00692032076643083));
#8822=CARTESIAN_POINT('',(0.0167395973017993,0.0838034671507892,0.00692032076643083));
#8823=CARTESIAN_POINT('',(0.0150895973017993,0.0838034671507892,0.00692032076643083));
#8824=CARTESIAN_POINT('',(0.0150895973017993,0.0812615906203283,0.00607649855154756));
#8825=CARTESIAN_POINT('',(0.0167395973017993,0.0812615906203283,0.00607649855154756));
#8826=CARTESIAN_POINT('',(0.0150895973017993,0.0931034671507892,0.00692032076643084));
#8827=CARTESIAN_POINT('',(0.0167395973017993,0.0931034671507892,0.00692032076643084));
#8828=CARTESIAN_POINT('',(0.0167395973017993,0.0931034671507892,0.00632032076643084));
#8829=CARTESIAN_POINT('',(0.0150895973017993,0.0931034671507892,0.00632032076643084));
#8830=CARTESIAN_POINT('',(0.0150895973017993,0.0931034671507892,0.00632032076643084));
#8831=CARTESIAN_POINT('',(0.0150895973017993,0.0931034671507892,0.00692032076643084));
#8832=CARTESIAN_POINT('',(0.0150895973017993,0.0939284671507892,0.00632032076643084));
#8833=CARTESIAN_POINT('',(0.0167395973017993,0.0939284671507892,0.00632032076643084));
#8834=CARTESIAN_POINT('',(0.0167395973017993,0.0947534671507892,0.00632032076643084));
#8835=CARTESIAN_POINT('',(0.0150895973017993,0.0947534671507892,0.00632032076643084));
#8836=CARTESIAN_POINT('',(0.0150895973017993,0.0947534671507892,0.00632032076643084));
#8837=CARTESIAN_POINT('',(0.0150895973017993,0.0939284671507892,0.00632032076643084));
#8838=CARTESIAN_POINT('',(0.0150895973017993,0.0947534671507892,0.00692032076643084));
#8839=CARTESIAN_POINT('',(0.0167395973017993,0.0947534671507892,0.00692032076643084));
#8840=CARTESIAN_POINT('',(0.0150895973017993,0.0947534671507892,0.00692032076643084));
#8841=CARTESIAN_POINT('',(0.0150895973017993,0.0812615906203283,0.00607649855154756));
#8842=CARTESIAN_POINT('',(0.0167395973017993,0.0812615906203283,0.00607649855154756));
#8843=CARTESIAN_POINT('',(0.0150895973017993,0.104182720880967,0.00692032076643085));
#8844=CARTESIAN_POINT('',(0.0167395973017993,0.104182720880967,0.00692032076643085));
#8845=CARTESIAN_POINT('',(0.0167395973017993,0.104182720880967,0.00632032076643085));
#8846=CARTESIAN_POINT('',(0.0150895973017993,0.104182720880967,0.00632032076643085));
#8847=CARTESIAN_POINT('',(0.0150895973017993,0.104182720880967,0.00632032076643085));
#8848=CARTESIAN_POINT('',(0.0150895973017993,0.104182720880967,0.00692032076643085));
#8849=CARTESIAN_POINT('',(0.0150895973017993,0.105007720880967,0.00632032076643085));
#8850=CARTESIAN_POINT('',(0.0167395973017993,0.105007720880967,0.00632032076643085));
#8851=CARTESIAN_POINT('',(0.0167395973017993,0.105832720880967,0.00632032076643085));
#8852=CARTESIAN_POINT('',(0.0150895973017993,0.105832720880967,0.00632032076643085));
#8853=CARTESIAN_POINT('',(0.0150895973017993,0.105832720880967,0.00632032076643085));
#8854=CARTESIAN_POINT('',(0.0150895973017993,0.105007720880967,0.00632032076643085));
#8855=CARTESIAN_POINT('',(0.0150895973017993,0.105832720880967,0.00692032076643085));
#8856=CARTESIAN_POINT('',(0.0167395973017993,0.105832720880967,0.00692032076643085));
#8857=CARTESIAN_POINT('',(0.0150895973017993,0.105832720880967,0.00692032076643085));
#8858=CARTESIAN_POINT('',(0.0150895973017993,0.0812615906203283,0.00607649855154756));
#8859=CARTESIAN_POINT('',(0.0167395973017993,0.0812615906203283,0.00607649855154756));
#8860=CARTESIAN_POINT('',(0.0150895973017993,0.114036598008138,0.00692032076643085));
#8861=CARTESIAN_POINT('',(0.0167395973017993,0.114036598008138,0.00692032076643085));
#8862=CARTESIAN_POINT('',(0.0167395973017993,0.114036598008138,0.00632032076643085));
#8863=CARTESIAN_POINT('',(0.0150895973017993,0.114036598008138,0.00632032076643085));
#8864=CARTESIAN_POINT('',(0.0150895973017993,0.114036598008138,0.00632032076643085));
#8865=CARTESIAN_POINT('',(0.0150895973017993,0.114036598008138,0.00692032076643085));
#8866=CARTESIAN_POINT('',(0.0150895973017993,0.114861598008138,0.00632032076643085));
#8867=CARTESIAN_POINT('',(0.0167395973017993,0.114861598008138,0.00632032076643085));
#8868=CARTESIAN_POINT('',(0.0167395973017993,0.115686598008138,0.00632032076643085));
#8869=CARTESIAN_POINT('',(0.0150895973017993,0.115686598008138,0.00632032076643085));
#8870=CARTESIAN_POINT('',(0.0150895973017993,0.115686598008138,0.00632032076643085));
#8871=CARTESIAN_POINT('',(0.0150895973017993,0.114861598008138,0.00632032076643085));
#8872=CARTESIAN_POINT('',(0.0150895973017993,0.115686598008138,0.00692032076643085));
#8873=CARTESIAN_POINT('',(0.0167395973017993,0.115686598008138,0.00692032076643085));
#8874=CARTESIAN_POINT('',(0.0150895973017993,0.115686598008138,0.00692032076643085));
#8875=CARTESIAN_POINT('',(0.0150895973017993,0.0812615906203283,0.00607649855154756));
#8876=CARTESIAN_POINT('',(0.0167395973017993,0.0812615906203283,0.00607649855154756));
#8877=CARTESIAN_POINT('',(0.0150895973017993,0.124108404617768,0.00692032076643086));
#8878=CARTESIAN_POINT('',(0.0167395973017993,0.124108404617768,0.00692032076643086));
#8879=CARTESIAN_POINT('',(0.0167395973017993,0.124108404617768,0.00632032076643086));
#8880=CARTESIAN_POINT('',(0.0150895973017993,0.124108404617768,0.00632032076643086));
#8881=CARTESIAN_POINT('',(0.0150895973017993,0.124108404617768,0.00632032076643086));
#8882=CARTESIAN_POINT('',(0.0150895973017993,0.124108404617768,0.00692032076643086));
#8883=CARTESIAN_POINT('',(0.0150895973017993,0.124933404617768,0.00632032076643086));
#8884=CARTESIAN_POINT('',(0.0167395973017993,0.124933404617768,0.00632032076643086));
#8885=CARTESIAN_POINT('',(0.0167395973017993,0.125758404617768,0.00632032076643086));
#8886=CARTESIAN_POINT('',(0.0150895973017993,0.125758404617768,0.00632032076643086));
#8887=CARTESIAN_POINT('',(0.0150895973017993,0.125758404617768,0.00632032076643086));
#8888=CARTESIAN_POINT('',(0.0150895973017993,0.124933404617768,0.00632032076643086));
#8889=CARTESIAN_POINT('',(0.0150895973017993,0.125758404617768,0.00692032076643086));
#8890=CARTESIAN_POINT('',(0.0167395973017993,0.125758404617768,0.00692032076643086));
#8891=CARTESIAN_POINT('',(0.0150895973017993,0.125758404617768,0.00692032076643086));
#8892=CARTESIAN_POINT('',(0.0150895973017993,0.0812615906203283,0.00607649855154756));
#8893=CARTESIAN_POINT('',(0.0167395973017993,0.0812615906203283,0.00607649855154756));
#8894=CARTESIAN_POINT('',(0.0150895973017993,0.141722135942441,0.00692032076643087));
#8895=CARTESIAN_POINT('',(0.0167395973017993,0.141722135942441,0.00692032076643087));
#8896=CARTESIAN_POINT('',(0.0167395973017993,0.141722135942441,0.00632032076643087));
#8897=CARTESIAN_POINT('',(0.0150895973017993,0.141722135942441,0.00632032076643087));
#8898=CARTESIAN_POINT('',(0.0150895973017993,0.141722135942441,0.00632032076643087));
#8899=CARTESIAN_POINT('',(0.0150895973017993,0.141722135942441,0.00692032076643087));
#8900=CARTESIAN_POINT('',(0.0150895973017993,0.142547135942441,0.00632032076643087));
#8901=CARTESIAN_POINT('',(0.0167395973017993,0.142547135942441,0.00632032076643087));
#8902=CARTESIAN_POINT('',(0.0167395973017993,0.143372135942441,0.00632032076643087));
#8903=CARTESIAN_POINT('',(0.0150895973017993,0.143372135942441,0.00632032076643087));
#8904=CARTESIAN_POINT('',(0.0150895973017993,0.143372135942441,0.00632032076643087));
#8905=CARTESIAN_POINT('',(0.0150895973017993,0.142547135942441,0.00632032076643087));
#8906=CARTESIAN_POINT('',(0.0150895973017993,0.143372135942441,0.00692032076643086));
#8907=CARTESIAN_POINT('',(0.0167395973017993,0.143372135942441,0.00692032076643086));
#8908=CARTESIAN_POINT('',(0.0150895973017993,0.143372135942441,0.00692032076643086));
#8909=CARTESIAN_POINT('',(0.0150895973017993,0.0812615906203283,0.00607649855154756));
#8910=CARTESIAN_POINT('',(0.0167395973017993,0.0812615906203283,0.00607649855154756));
#8911=CARTESIAN_POINT('',(0.0150895973017993,0.133164827477199,0.00692032076643086));
#8912=CARTESIAN_POINT('',(0.0167395973017993,0.133164827477199,0.00692032076643086));
#8913=CARTESIAN_POINT('',(0.0167395973017993,0.133164827477199,0.00632032076643086));
#8914=CARTESIAN_POINT('',(0.0150895973017993,0.133164827477199,0.00632032076643086));
#8915=CARTESIAN_POINT('',(0.0150895973017993,0.133164827477199,0.00632032076643086));
#8916=CARTESIAN_POINT('',(0.0150895973017993,0.133164827477199,0.00692032076643086));
#8917=CARTESIAN_POINT('',(0.0150895973017993,0.133989827477199,0.00632032076643086));
#8918=CARTESIAN_POINT('',(0.0167395973017993,0.133989827477199,0.00632032076643086));
#8919=CARTESIAN_POINT('',(0.0167395973017993,0.134814827477199,0.00632032076643086));
#8920=CARTESIAN_POINT('',(0.0150895973017993,0.134814827477199,0.00632032076643086));
#8921=CARTESIAN_POINT('',(0.0150895973017993,0.134814827477199,0.00632032076643086));
#8922=CARTESIAN_POINT('',(0.0150895973017993,0.133989827477199,0.00632032076643086));
#8923=CARTESIAN_POINT('',(0.0150895973017993,0.134814827477199,0.00692032076643086));
#8924=CARTESIAN_POINT('',(0.0167395973017993,0.134814827477199,0.00692032076643086));
#8925=CARTESIAN_POINT('',(0.0150895973017993,0.134814827477199,0.00692032076643086));
#8926=CARTESIAN_POINT('',(0.0150895973017993,0.0812615906203283,0.00607649855154756));
#8927=CARTESIAN_POINT('',(0.0167395973017993,0.0812615906203283,0.00607649855154756));
#8928=CARTESIAN_POINT('',(0.0150895973017993,0.0505034671507893,0.00692032076643081));
#8929=CARTESIAN_POINT('',(0.0167395973017993,0.0505034671507893,0.00692032076643081));
#8930=CARTESIAN_POINT('',(0.0167395973017993,0.0505034671507893,0.00632032076643081));
#8931=CARTESIAN_POINT('',(0.0150895973017993,0.0505034671507893,0.00632032076643081));
#8932=CARTESIAN_POINT('',(0.0150895973017993,0.0505034671507893,0.00632032076643081));
#8933=CARTESIAN_POINT('',(0.0150895973017993,0.0505034671507893,0.00692032076643081));
#8934=CARTESIAN_POINT('',(0.0150895973017993,0.0513284671507893,0.00632032076643081));
#8935=CARTESIAN_POINT('',(0.0167395973017993,0.0513284671507893,0.00632032076643081));
#8936=CARTESIAN_POINT('',(0.0167395973017993,0.0521534671507893,0.00632032076643081));
#8937=CARTESIAN_POINT('',(0.0150895973017993,0.0521534671507893,0.00632032076643081));
#8938=CARTESIAN_POINT('',(0.0150895973017993,0.0521534671507893,0.00632032076643081));
#8939=CARTESIAN_POINT('',(0.0150895973017993,0.0513284671507893,0.00632032076643081));
#8940=CARTESIAN_POINT('',(0.0150895973017993,0.0521534671507893,0.00692032076643081));
#8941=CARTESIAN_POINT('',(0.0167395973017993,0.0521534671507893,0.00692032076643081));
#8942=CARTESIAN_POINT('',(0.0150895973017993,0.0521534671507893,0.00692032076643081));
#8943=CARTESIAN_POINT('',(0.0150895973017993,0.0812615906203283,0.00607649855154756));
#8944=CARTESIAN_POINT('',(0.0167395973017993,0.0812615906203283,0.00607649855154756));
#8945=CARTESIAN_POINT('',(0.0173395973017993,0.0429518585436163,0.0224379738293705));
#8946=CARTESIAN_POINT('',(0.0150895973017993,0.0429518585436163,0.0224379738293705));
#8947=CARTESIAN_POINT('',(0.0150895973017993,0.0439954948954401,0.0224379738293705));
#8948=CARTESIAN_POINT('',(0.0150895973017993,0.0419082221917925,0.0224379738293705));
#8949=CARTESIAN_POINT('',(0.0173395973017993,0.0439954948954401,0.0224379738293705));
#8950=CARTESIAN_POINT('',(0.0173395973017993,0.0419082221917925,0.0224379738293705));
#8951=CARTESIAN_POINT('',(0.0173395973017993,0.0419082221917925,0.0216129738293705));
#8952=CARTESIAN_POINT('',(0.0150895973017993,0.0419082221917925,0.0216129738293705));
#8953=CARTESIAN_POINT('',(0.0150895973017993,0.0419082221917925,0.0207879738293705));
#8954=CARTESIAN_POINT('',(0.0173395973017993,0.0419082221917925,0.0207879738293705));
#8955=CARTESIAN_POINT('',(0.0173395973017993,0.0429518585436163,0.0207879738293705));
#8956=CARTESIAN_POINT('',(0.0150895973017993,0.0429518585436163,0.0207879738293705));
#8957=CARTESIAN_POINT('',(0.0150895973017993,0.0439954948954401,0.0207879738293705));
#8958=CARTESIAN_POINT('',(0.0173395973017993,0.0439954948954401,0.0207879738293705));
#8959=CARTESIAN_POINT('',(0.0173395973017993,0.0439954948954401,0.0141541472979007));
#8960=CARTESIAN_POINT('',(0.0143395973017992,0.0439954948954401,0.0323795452125487));
#8961=CARTESIAN_POINT('',(0.0150895973017993,0.0439954948954401,0.0216129738293705));
#8962=CARTESIAN_POINT('',(0.0173395973017993,0.0439954948954401,0.0141541472979007));
#8963=CARTESIAN_POINT('',(-0.00516040269820076,0.0439954948954401,0.0312876345097502));
#8964=CARTESIAN_POINT('',(-0.00291040269820076,0.0439954948954401,0.0216129738293705));
#8965=CARTESIAN_POINT('',(0.0150895973017993,0.0782615906203283,0.0140846850693343));
#8966=CARTESIAN_POINT('',(-0.00291040269820076,0.0782615906203283,0.0140846850693343));
#8967=CARTESIAN_POINT('',(-0.00291040269820076,0.0715034671507892,0.00692032076643083));
#8968=CARTESIAN_POINT('',(-0.00456040269820076,0.0715034671507892,0.00692032076643083));
#8969=CARTESIAN_POINT('',(-0.00456040269820076,0.0715034671507892,0.00632032076643083));
#8970=CARTESIAN_POINT('',(-0.00291040269820076,0.0715034671507892,0.00692032076643083));
#8971=CARTESIAN_POINT('',(-0.00291040269820076,0.0715034671507892,0.00632032076643083));
#8972=CARTESIAN_POINT('',(-0.00291040269820076,0.0715034671507892,0.00632032076643083));
#8973=CARTESIAN_POINT('',(-0.00291040269820076,0.0723284671507893,0.00632032076643083));
#8974=CARTESIAN_POINT('',(-0.00456040269820076,0.0723284671507893,0.00632032076643083));
#8975=CARTESIAN_POINT('',(-0.00456040269820076,0.0731534671507892,0.00632032076643083));
#8976=CARTESIAN_POINT('',(-0.00291040269820076,0.0723284671507893,0.00632032076643083));
#8977=CARTESIAN_POINT('',(-0.00291040269820076,0.0731534671507892,0.00632032076643083));
#8978=CARTESIAN_POINT('',(-0.00291040269820076,0.0731534671507892,0.00632032076643083));
#8979=CARTESIAN_POINT('',(-0.00291040269820076,0.0731534671507892,0.00692032076643083));
#8980=CARTESIAN_POINT('',(-0.00456040269820076,0.0731534671507892,0.00692032076643083));
#8981=CARTESIAN_POINT('',(-0.00291040269820076,0.0731534671507892,0.00692032076643083));
#8982=CARTESIAN_POINT('',(-0.00291040269820076,0.0812615906203283,0.00607649855154756));
#8983=CARTESIAN_POINT('',(-0.00456040269820076,0.0812615906203283,0.00607649855154756));
#8984=CARTESIAN_POINT('',(-0.00291040269820076,0.0608534671507893,0.00692032076643082));
#8985=CARTESIAN_POINT('',(-0.00456040269820076,0.0608534671507893,0.00692032076643082));
#8986=CARTESIAN_POINT('',(-0.00456040269820076,0.0608534671507893,0.00632032076643082));
#8987=CARTESIAN_POINT('',(-0.00291040269820076,0.0608534671507893,0.00692032076643082));
#8988=CARTESIAN_POINT('',(-0.00291040269820076,0.0608534671507893,0.00632032076643082));
#8989=CARTESIAN_POINT('',(-0.00291040269820076,0.0608534671507893,0.00632032076643082));
#8990=CARTESIAN_POINT('',(-0.00291040269820076,0.0616784671507893,0.00632032076643082));
#8991=CARTESIAN_POINT('',(-0.00456040269820076,0.0616784671507893,0.00632032076643082));
#8992=CARTESIAN_POINT('',(-0.00456040269820076,0.0625034671507893,0.00632032076643082));
#8993=CARTESIAN_POINT('',(-0.00291040269820076,0.0616784671507893,0.00632032076643082));
#8994=CARTESIAN_POINT('',(-0.00291040269820076,0.0625034671507893,0.00632032076643082));
#8995=CARTESIAN_POINT('',(-0.00291040269820076,0.0625034671507893,0.00632032076643082));
#8996=CARTESIAN_POINT('',(-0.00291040269820076,0.0625034671507893,0.00692032076643082));
#8997=CARTESIAN_POINT('',(-0.00456040269820076,0.0625034671507893,0.00692032076643082));
#8998=CARTESIAN_POINT('',(-0.00291040269820076,0.0625034671507893,0.00692032076643082));
#8999=CARTESIAN_POINT('',(-0.00291040269820076,0.0812615906203283,0.00607649855154756));
#9000=CARTESIAN_POINT('',(-0.00456040269820076,0.0812615906203283,0.00607649855154756));
#9001=CARTESIAN_POINT('',(-0.00291040269820076,0.0821534671507892,0.00692032076643083));
#9002=CARTESIAN_POINT('',(-0.00456040269820076,0.0821534671507892,0.00692032076643083));
#9003=CARTESIAN_POINT('',(-0.00456040269820076,0.0821534671507892,0.00632032076643084));
#9004=CARTESIAN_POINT('',(-0.00291040269820076,0.0821534671507892,0.00692032076643083));
#9005=CARTESIAN_POINT('',(-0.00291040269820076,0.0821534671507892,0.00632032076643084));
#9006=CARTESIAN_POINT('',(-0.00291040269820076,0.0821534671507892,0.00632032076643084));
#9007=CARTESIAN_POINT('',(-0.00291040269820076,0.0829784671507892,0.00632032076643084));
#9008=CARTESIAN_POINT('',(-0.00456040269820076,0.0829784671507892,0.00632032076643084));
#9009=CARTESIAN_POINT('',(-0.00456040269820076,0.0838034671507892,0.00632032076643083));
#9010=CARTESIAN_POINT('',(-0.00291040269820076,0.0829784671507892,0.00632032076643084));
#9011=CARTESIAN_POINT('',(-0.00291040269820076,0.0838034671507892,0.00632032076643083));
#9012=CARTESIAN_POINT('',(-0.00291040269820076,0.0838034671507892,0.00632032076643083));
#9013=CARTESIAN_POINT('',(-0.00291040269820076,0.0838034671507892,0.00692032076643083));
#9014=CARTESIAN_POINT('',(-0.00456040269820076,0.0838034671507892,0.00692032076643083));
#9015=CARTESIAN_POINT('',(-0.00291040269820076,0.0838034671507892,0.00692032076643083));
#9016=CARTESIAN_POINT('',(-0.00291040269820076,0.0812615906203283,0.00607649855154756));
#9017=CARTESIAN_POINT('',(-0.00456040269820076,0.0812615906203283,0.00607649855154756));
#9018=CARTESIAN_POINT('',(-0.00291040269820076,0.0931034671507892,0.00692032076643084));
#9019=CARTESIAN_POINT('',(-0.00456040269820076,0.0931034671507892,0.00692032076643084));
#9020=CARTESIAN_POINT('',(-0.00456040269820076,0.0931034671507892,0.00632032076643084));
#9021=CARTESIAN_POINT('',(-0.00291040269820076,0.0931034671507892,0.00692032076643084));
#9022=CARTESIAN_POINT('',(-0.00291040269820076,0.0931034671507892,0.00632032076643084));
#9023=CARTESIAN_POINT('',(-0.00291040269820076,0.0931034671507892,0.00632032076643084));
#9024=CARTESIAN_POINT('',(-0.00291040269820076,0.0939284671507892,0.00632032076643084));
#9025=CARTESIAN_POINT('',(-0.00456040269820076,0.0939284671507892,0.00632032076643084));
#9026=CARTESIAN_POINT('',(-0.00456040269820076,0.0947534671507892,0.00632032076643084));
#9027=CARTESIAN_POINT('',(-0.00291040269820076,0.0939284671507892,0.00632032076643084));
#9028=CARTESIAN_POINT('',(-0.00291040269820076,0.0947534671507892,0.00632032076643084));
#9029=CARTESIAN_POINT('',(-0.00291040269820076,0.0947534671507892,0.00632032076643084));
#9030=CARTESIAN_POINT('',(-0.00291040269820076,0.0947534671507892,0.00692032076643084));
#9031=CARTESIAN_POINT('',(-0.00456040269820076,0.0947534671507892,0.00692032076643084));
#9032=CARTESIAN_POINT('',(-0.00291040269820076,0.0947534671507892,0.00692032076643084));
#9033=CARTESIAN_POINT('',(-0.00291040269820076,0.0812615906203283,0.00607649855154756));
#9034=CARTESIAN_POINT('',(-0.00456040269820076,0.0812615906203283,0.00607649855154756));
#9035=CARTESIAN_POINT('',(-0.00291040269820076,0.104182720880967,0.00692032076643085));
#9036=CARTESIAN_POINT('',(-0.00456040269820076,0.104182720880967,0.00692032076643085));
#9037=CARTESIAN_POINT('',(-0.00456040269820076,0.104182720880967,0.00632032076643085));
#9038=CARTESIAN_POINT('',(-0.00291040269820076,0.104182720880967,0.00692032076643085));
#9039=CARTESIAN_POINT('',(-0.00291040269820076,0.104182720880967,0.00632032076643085));
#9040=CARTESIAN_POINT('',(-0.00291040269820076,0.104182720880967,0.00632032076643085));
#9041=CARTESIAN_POINT('',(-0.00291040269820076,0.105007720880967,0.00632032076643085));
#9042=CARTESIAN_POINT('',(-0.00456040269820076,0.105007720880967,0.00632032076643085));
#9043=CARTESIAN_POINT('',(-0.00456040269820076,0.105832720880967,0.00632032076643085));
#9044=CARTESIAN_POINT('',(-0.00291040269820076,0.105007720880967,0.00632032076643085));
#9045=CARTESIAN_POINT('',(-0.00291040269820076,0.105832720880967,0.00632032076643085));
#9046=CARTESIAN_POINT('',(-0.00291040269820076,0.105832720880967,0.00632032076643085));
#9047=CARTESIAN_POINT('',(-0.00291040269820076,0.105832720880967,0.00692032076643085));
#9048=CARTESIAN_POINT('',(-0.00456040269820076,0.105832720880967,0.00692032076643085));
#9049=CARTESIAN_POINT('',(-0.00291040269820076,0.105832720880967,0.00692032076643085));
#9050=CARTESIAN_POINT('',(-0.00291040269820076,0.0812615906203283,0.00607649855154756));
#9051=CARTESIAN_POINT('',(-0.00456040269820076,0.0812615906203283,0.00607649855154756));
#9052=CARTESIAN_POINT('',(-0.00291040269820076,0.114036598008138,0.00692032076643085));
#9053=CARTESIAN_POINT('',(-0.00456040269820076,0.114036598008138,0.00692032076643085));
#9054=CARTESIAN_POINT('',(-0.00456040269820076,0.114036598008138,0.00632032076643085));
#9055=CARTESIAN_POINT('',(-0.00291040269820076,0.114036598008138,0.00692032076643085));
#9056=CARTESIAN_POINT('',(-0.00291040269820076,0.114036598008138,0.00632032076643085));
#9057=CARTESIAN_POINT('',(-0.00291040269820076,0.114036598008138,0.00632032076643085));
#9058=CARTESIAN_POINT('',(-0.00291040269820076,0.114861598008138,0.00632032076643085));
#9059=CARTESIAN_POINT('',(-0.00456040269820076,0.114861598008138,0.00632032076643085));
#9060=CARTESIAN_POINT('',(-0.00456040269820076,0.115686598008138,0.00632032076643085));
#9061=CARTESIAN_POINT('',(-0.00291040269820076,0.114861598008138,0.00632032076643085));
#9062=CARTESIAN_POINT('',(-0.00291040269820076,0.115686598008138,0.00632032076643085));
#9063=CARTESIAN_POINT('',(-0.00291040269820076,0.115686598008138,0.00632032076643085));
#9064=CARTESIAN_POINT('',(-0.00291040269820076,0.115686598008138,0.00692032076643085));
#9065=CARTESIAN_POINT('',(-0.00456040269820076,0.115686598008138,0.00692032076643085));
#9066=CARTESIAN_POINT('',(-0.00291040269820076,0.115686598008138,0.00692032076643085));
#9067=CARTESIAN_POINT('',(-0.00291040269820076,0.0812615906203283,0.00607649855154756));
#9068=CARTESIAN_POINT('',(-0.00456040269820076,0.0812615906203283,0.00607649855154756));
#9069=CARTESIAN_POINT('',(-0.00291040269820076,0.0505034671507893,0.00692032076643081));
#9070=CARTESIAN_POINT('',(-0.00456040269820076,0.0505034671507893,0.00692032076643081));
#9071=CARTESIAN_POINT('',(-0.00456040269820076,0.0505034671507893,0.00632032076643081));
#9072=CARTESIAN_POINT('',(-0.00291040269820076,0.0505034671507893,0.00692032076643081));
#9073=CARTESIAN_POINT('',(-0.00291040269820076,0.0505034671507893,0.00632032076643081));
#9074=CARTESIAN_POINT('',(-0.00291040269820076,0.0505034671507893,0.00632032076643081));
#9075=CARTESIAN_POINT('',(-0.00291040269820076,0.0513284671507893,0.00632032076643081));
#9076=CARTESIAN_POINT('',(-0.00456040269820076,0.0513284671507893,0.00632032076643081));
#9077=CARTESIAN_POINT('',(-0.00456040269820076,0.0521534671507893,0.00632032076643081));
#9078=CARTESIAN_POINT('',(-0.00291040269820076,0.0513284671507893,0.00632032076643081));
#9079=CARTESIAN_POINT('',(-0.00291040269820076,0.0521534671507893,0.00632032076643081));
#9080=CARTESIAN_POINT('',(-0.00291040269820076,0.0521534671507893,0.00632032076643081));
#9081=CARTESIAN_POINT('',(-0.00291040269820076,0.0521534671507893,0.00692032076643081));
#9082=CARTESIAN_POINT('',(-0.00456040269820076,0.0521534671507893,0.00692032076643081));
#9083=CARTESIAN_POINT('',(-0.00291040269820076,0.0521534671507893,0.00692032076643081));
#9084=CARTESIAN_POINT('',(-0.00291040269820076,0.0812615906203283,0.00607649855154756));
#9085=CARTESIAN_POINT('',(-0.00456040269820076,0.0812615906203283,0.00607649855154756));
#9086=CARTESIAN_POINT('',(-0.00291040269820076,0.141722135942441,0.00692032076643087));
#9087=CARTESIAN_POINT('',(-0.00456040269820076,0.141722135942441,0.00692032076643087));
#9088=CARTESIAN_POINT('',(-0.00456040269820076,0.141722135942441,0.00632032076643087));
#9089=CARTESIAN_POINT('',(-0.00291040269820076,0.141722135942441,0.00692032076643087));
#9090=CARTESIAN_POINT('',(-0.00291040269820076,0.141722135942441,0.00632032076643087));
#9091=CARTESIAN_POINT('',(-0.00291040269820076,0.141722135942441,0.00632032076643087));
#9092=CARTESIAN_POINT('',(-0.00291040269820076,0.142547135942441,0.00632032076643087));
#9093=CARTESIAN_POINT('',(-0.00456040269820076,0.142547135942441,0.00632032076643087));
#9094=CARTESIAN_POINT('',(-0.00456040269820076,0.143372135942441,0.00632032076643087));
#9095=CARTESIAN_POINT('',(-0.00291040269820076,0.142547135942441,0.00632032076643087));
#9096=CARTESIAN_POINT('',(-0.00291040269820076,0.143372135942441,0.00632032076643087));
#9097=CARTESIAN_POINT('',(-0.00291040269820076,0.143372135942441,0.00632032076643087));
#9098=CARTESIAN_POINT('',(-0.00291040269820076,0.143372135942441,0.00692032076643086));
#9099=CARTESIAN_POINT('',(-0.00456040269820076,0.143372135942441,0.00692032076643086));
#9100=CARTESIAN_POINT('',(-0.00291040269820076,0.143372135942441,0.00692032076643086));
#9101=CARTESIAN_POINT('',(-0.00291040269820076,0.0812615906203283,0.00607649855154756));
#9102=CARTESIAN_POINT('',(-0.00456040269820076,0.0812615906203283,0.00607649855154756));
#9103=CARTESIAN_POINT('',(-0.00291040269820076,0.133164827477199,0.00692032076643086));
#9104=CARTESIAN_POINT('',(-0.00456040269820076,0.133164827477199,0.00692032076643086));
#9105=CARTESIAN_POINT('',(-0.00456040269820076,0.133164827477199,0.00632032076643086));
#9106=CARTESIAN_POINT('',(-0.00291040269820076,0.133164827477199,0.00692032076643086));
#9107=CARTESIAN_POINT('',(-0.00291040269820076,0.133164827477199,0.00632032076643086));
#9108=CARTESIAN_POINT('',(-0.00291040269820076,0.133164827477199,0.00632032076643086));
#9109=CARTESIAN_POINT('',(-0.00291040269820076,0.133989827477199,0.00632032076643086));
#9110=CARTESIAN_POINT('',(-0.00456040269820076,0.133989827477199,0.00632032076643086));
#9111=CARTESIAN_POINT('',(-0.00456040269820076,0.134814827477199,0.00632032076643086));
#9112=CARTESIAN_POINT('',(-0.00291040269820076,0.133989827477199,0.00632032076643086));
#9113=CARTESIAN_POINT('',(-0.00291040269820076,0.134814827477199,0.00632032076643086));
#9114=CARTESIAN_POINT('',(-0.00291040269820076,0.134814827477199,0.00632032076643086));
#9115=CARTESIAN_POINT('',(-0.00291040269820076,0.134814827477199,0.00692032076643086));
#9116=CARTESIAN_POINT('',(-0.00456040269820076,0.134814827477199,0.00692032076643086));
#9117=CARTESIAN_POINT('',(-0.00291040269820076,0.134814827477199,0.00692032076643086));
#9118=CARTESIAN_POINT('',(-0.00291040269820076,0.0812615906203283,0.00607649855154756));
#9119=CARTESIAN_POINT('',(-0.00456040269820076,0.0812615906203283,0.00607649855154756));
#9120=CARTESIAN_POINT('',(-0.00291040269820076,0.124108404617768,0.00692032076643086));
#9121=CARTESIAN_POINT('',(-0.00456040269820076,0.124108404617768,0.00692032076643086));
#9122=CARTESIAN_POINT('',(-0.00456040269820076,0.124108404617768,0.00632032076643086));
#9123=CARTESIAN_POINT('',(-0.00291040269820076,0.124108404617768,0.00692032076643086));
#9124=CARTESIAN_POINT('',(-0.00291040269820076,0.124108404617768,0.00632032076643086));
#9125=CARTESIAN_POINT('',(-0.00291040269820076,0.124108404617768,0.00632032076643086));
#9126=CARTESIAN_POINT('',(-0.00291040269820076,0.124933404617768,0.00632032076643086));
#9127=CARTESIAN_POINT('',(-0.00456040269820076,0.124933404617768,0.00632032076643086));
#9128=CARTESIAN_POINT('',(-0.00456040269820076,0.125758404617768,0.00632032076643086));
#9129=CARTESIAN_POINT('',(-0.00291040269820076,0.124933404617768,0.00632032076643086));
#9130=CARTESIAN_POINT('',(-0.00291040269820076,0.125758404617768,0.00632032076643086));
#9131=CARTESIAN_POINT('',(-0.00291040269820076,0.125758404617768,0.00632032076643086));
#9132=CARTESIAN_POINT('',(-0.00291040269820076,0.125758404617768,0.00692032076643086));
#9133=CARTESIAN_POINT('',(-0.00456040269820076,0.125758404617768,0.00692032076643086));
#9134=CARTESIAN_POINT('',(-0.00291040269820076,0.125758404617768,0.00692032076643086));
#9135=CARTESIAN_POINT('',(-0.00291040269820076,0.0812615906203283,0.00607649855154756));
#9136=CARTESIAN_POINT('',(-0.00456040269820076,0.0812615906203283,0.00607649855154756));
#9137=CARTESIAN_POINT('',(0.0150405887830751,0.0343020338122911,0.0323795452125487));
#9138=CARTESIAN_POINT('',(0.0146515371982704,0.0330042969077019,0.0322660083753532));
#9139=CARTESIAN_POINT('',(0.0143395973017992,0.0351397641345975,0.0323795452125487));
#9140=CARTESIAN_POINT('',(-0.00516040269820076,0.0782615906203283,0.0312876345097502));
#9141=CARTESIAN_POINT('',(0.00506956073972139,0.0350251438155461,0.0350110366987854));
#9142=CARTESIAN_POINT('',(0.000888605820523396,0.0278068432839078,0.0323795452125487));
#9143=CARTESIAN_POINT('',(-0.000660402698200755,0.0263953844617656,0.0140846850693343));
#9144=CARTESIAN_POINT('',(-0.000660402698200755,0.0263953844617656,0.0303543895588914));
#9145=CARTESIAN_POINT('',(-0.000660402698200755,0.0263953844617656,0.0303543895588914));
#9146=CARTESIAN_POINT('',(0.0128395973017992,0.0263953844617656,0.0140846850693343));
#9147=CARTESIAN_POINT('',(0.0128395973017992,0.0263953844617656,0.0303543895588914));
#9148=CARTESIAN_POINT('',(0.0128395973017992,0.0263953844617656,0.0303543895588914));
#9149=CARTESIAN_POINT('',(0.00946459730179925,0.14281777566002,0.0328287530567614));
#9150=CARTESIAN_POINT('',(0.00946459730179925,0.14281777566002,0.0341763765893994));
#9151=CARTESIAN_POINT('',(0.00796459730179925,0.14281777566002,0.0341763765893994));
#9152=CARTESIAN_POINT('',(0.00421459730179924,0.14281777566002,0.0341763765893994));
#9153=CARTESIAN_POINT('',(0.00938840906811822,0.14281777566002,0.0327525648230804));
#9154=CARTESIAN_POINT('',(0.00946459730179925,0.14281777566002,0.0326763765893993));
#9155=CARTESIAN_POINT('',(0.00946459730179925,0.14281777566002,0.0328287530567614));
#9156=CARTESIAN_POINT('',(0.00271459730179925,0.14281777566002,0.0328287530567614));
#9157=CARTESIAN_POINT('',(0.00271459730179925,0.14281777566002,0.0326763765893993));
#9158=CARTESIAN_POINT('',(0.00616578553548027,0.14281777566002,0.0361275648230803));
#9159=CARTESIAN_POINT('',(0.00946459730179925,0.137533047177654,0.0341763765893994));
#9160=CARTESIAN_POINT('',(0.00946459730179925,0.132248318695289,0.0341763765893994));
#9161=CARTESIAN_POINT('',(0.00796459730179925,0.132248318695289,0.0341763765893994));
#9162=CARTESIAN_POINT('',(0.00421459730179924,0.132248318695289,0.0341763765893994));
#9163=CARTESIAN_POINT('',(0.00796459730179925,0.137533047177654,0.0341763765893994));
#9164=CARTESIAN_POINT('',(0.00421459730179924,0.132248318695289,0.0341763765893994));
#9165=CARTESIAN_POINT('',(0.00946459730179925,0.132248318695289,0.0328287530567614));
#9166=CARTESIAN_POINT('',(0.00946459730179925,0.132248318695289,0.0328287530567614));
#9167=CARTESIAN_POINT('',(0.00946459730179925,0.132248318695289,0.0326763765893993));
#9168=CARTESIAN_POINT('',(0.00938840906811822,0.132248318695289,0.0327525648230804));
#9169=CARTESIAN_POINT('',(0.00616578553548027,0.132248318695289,0.0361275648230803));
#9170=CARTESIAN_POINT('',(0.00271459730179925,0.132248318695289,0.0326763765893993));
#9171=CARTESIAN_POINT('',(0.00271459730179925,0.132248318695289,0.0328287530567614));
#9172=CARTESIAN_POINT('',(0.00946459730179925,0.0949968052439508,0.0334627986297128));
#9173=CARTESIAN_POINT('',(0.00946459730179925,0.0949968052439508,0.0326763765893993));
#9174=CARTESIAN_POINT('',(0.00271459730179925,0.0949968052439508,0.0334627986297128));
#9175=CARTESIAN_POINT('',(0.00271459730179925,0.14281777566002,0.0326763765893993));
#9176=CARTESIAN_POINT('',(0.00946459730179925,0.130337457113725,0.0328287530567614));
#9177=CARTESIAN_POINT('',(0.00946459730179925,0.130337457113725,0.0341763765893994));
#9178=CARTESIAN_POINT('',(0.00796459730179925,0.130337457113725,0.0341763765893994));
#9179=CARTESIAN_POINT('',(0.00421459730179924,0.130337457113725,0.0341763765893994));
#9180=CARTESIAN_POINT('',(0.00938840906811822,0.130337457113725,0.0327525648230804));
#9181=CARTESIAN_POINT('',(0.00946459730179925,0.130337457113725,0.0326763765893993));
#9182=CARTESIAN_POINT('',(0.00946459730179925,0.130337457113725,0.0328287530567614));
#9183=CARTESIAN_POINT('',(0.00271459730179925,0.130337457113725,0.0328287530567614));
#9184=CARTESIAN_POINT('',(0.00271459730179925,0.130337457113725,0.0326763765893993));
#9185=CARTESIAN_POINT('',(0.00616578553548027,0.130337457113725,0.0361275648230803));
#9186=CARTESIAN_POINT('',(0.00946459730179925,0.12501292017923,0.0341763765893994));
#9187=CARTESIAN_POINT('',(0.00946459730179925,0.119688383244735,0.0341763765893994));
#9188=CARTESIAN_POINT('',(0.00796459730179925,0.119688383244735,0.0341763765893994));
#9189=CARTESIAN_POINT('',(0.00421459730179924,0.119688383244735,0.0341763765893994));
#9190=CARTESIAN_POINT('',(0.00796459730179925,0.12501292017923,0.0341763765893994));
#9191=CARTESIAN_POINT('',(0.00421459730179924,0.119688383244735,0.0341763765893994));
#9192=CARTESIAN_POINT('',(0.00946459730179925,0.119688383244735,0.0328287530567614));
#9193=CARTESIAN_POINT('',(0.00946459730179925,0.119688383244735,0.0328287530567614));
#9194=CARTESIAN_POINT('',(0.00946459730179925,0.119688383244735,0.0326763765893993));
#9195=CARTESIAN_POINT('',(0.00938840906811822,0.119688383244735,0.0327525648230804));
#9196=CARTESIAN_POINT('',(0.00616578553548027,0.119688383244735,0.0361275648230803));
#9197=CARTESIAN_POINT('',(0.00271459730179925,0.119688383244735,0.0326763765893993));
#9198=CARTESIAN_POINT('',(0.00271459730179925,0.119688383244735,0.0328287530567614));
#9199=CARTESIAN_POINT('',(0.00946459730179925,0.0949968052439508,0.0334627986297128));
#9200=CARTESIAN_POINT('',(0.00946459730179925,0.0949968052439508,0.0326763765893993));
#9201=CARTESIAN_POINT('',(0.00271459730179925,0.0949968052439508,0.0334627986297128));
#9202=CARTESIAN_POINT('',(0.00271459730179925,0.130337457113725,0.0326763765893993));
#9203=CARTESIAN_POINT('',(0.00946459730179925,0.0990828712813673,0.0328242862008629));
#9204=CARTESIAN_POINT('',(0.00271459730179925,0.0990828712813673,0.0328242862008629));
#9205=CARTESIAN_POINT('',(0.00271459730179925,0.0989335839979467,0.0328242862008629));
#9206=CARTESIAN_POINT('',(0.00271459730179925,0.0992321585647879,0.0328242862008629));
#9207=CARTESIAN_POINT('',(0.00946459730179925,0.0989335839979467,0.0328242862008629));
#9208=CARTESIAN_POINT('',(0.00946459730179925,0.0989335839979467,0.0328242862008629));
#9209=CARTESIAN_POINT('',(0.00946459730179925,0.0990828712813673,0.0328242862008629));
#9210=CARTESIAN_POINT('',(0.00946459730179925,0.0992321585647879,0.0328242862008629));
#9211=CARTESIAN_POINT('',(0.00946459730179925,0.0992321585647879,0.0328242862008629));
#9212=CARTESIAN_POINT('',(0.00946459730179925,0.0989335839979467,0.0341156105853734));
#9213=CARTESIAN_POINT('',(0.00946459730179925,0.0989335839979467,0.0345460520468769));
#9214=CARTESIAN_POINT('',(0.00796459730179925,0.0989335839979467,0.0345460520468769));
#9215=CARTESIAN_POINT('',(0.00421459730179924,0.0989335839979467,0.0345460520468769));
#9216=CARTESIAN_POINT('',(0.008929818032551,0.0989335839979467,0.0335808313161252));
#9217=CARTESIAN_POINT('',(0.00946459730179925,0.0989335839979467,0.0330460520468769));
#9218=CARTESIAN_POINT('',(0.00946459730179925,0.0989335839979467,0.0341156105853734));
#9219=CARTESIAN_POINT('',(0.00271459730179925,0.0989335839979467,0.0341156105853734));
#9220=CARTESIAN_POINT('',(0.00271459730179925,0.0989335839979467,0.0330460520468769));
#9221=CARTESIAN_POINT('',(0.0066243765710475,0.0989335839979467,0.0369558313161251));
#9222=CARTESIAN_POINT('',(0.00946459730179925,0.0934796640060959,0.0345460520468769));
#9223=CARTESIAN_POINT('',(0.00946459730179925,0.088025744014245,0.0345460520468769));
#9224=CARTESIAN_POINT('',(0.00796459730179925,0.088025744014245,0.0345460520468769));
#9225=CARTESIAN_POINT('',(0.00421459730179924,0.088025744014245,0.0345460520468769));
#9226=CARTESIAN_POINT('',(0.00796459730179925,0.0934796640060959,0.0345460520468769));
#9227=CARTESIAN_POINT('',(0.00421459730179924,0.088025744014245,0.0345460520468769));
#9228=CARTESIAN_POINT('',(0.00946459730179925,0.088025744014245,0.0341156105853734));
#9229=CARTESIAN_POINT('',(0.00946459730179925,0.088025744014245,0.0341156105853734));
#9230=CARTESIAN_POINT('',(0.00946459730179925,0.088025744014245,0.0328242862008629));
#9231=CARTESIAN_POINT('',(0.00946459730179925,0.088025744014245,0.0330460520468769));
#9232=CARTESIAN_POINT('',(0.008929818032551,0.088025744014245,0.0335808313161252));
#9233=CARTESIAN_POINT('',(0.0066243765710475,0.088025744014245,0.0369558313161251));
#9234=CARTESIAN_POINT('',(0.00271459730179925,0.088025744014245,0.0330460520468769));
#9235=CARTESIAN_POINT('',(0.00271459730179925,0.088025744014245,0.0341156105853734));
#9236=CARTESIAN_POINT('',(0.00271459730179925,0.088025744014245,0.0328242862008629));
#9237=CARTESIAN_POINT('',(0.00946459730179925,0.088025744014245,0.0328242862008629));
#9238=CARTESIAN_POINT('',(0.00946459730179925,0.0833496981643257,0.0328242862008629));
#9239=CARTESIAN_POINT('',(0.00271459730179925,0.0833496981643257,0.0328242862008629));
#9240=CARTESIAN_POINT('',(0.00271459730179925,0.0765438386581955,0.0328242862008629));
#9241=CARTESIAN_POINT('',(0.00946459730179925,0.0765438386581955,0.0328242862008629));
#9242=CARTESIAN_POINT('',(0.00946459730179925,0.0765438386581955,0.0328242862008629));
#9243=CARTESIAN_POINT('',(0.00946459730179925,0.0833496981643257,0.0328242862008629));
#9244=CARTESIAN_POINT('',(0.00946459730179925,0.0756331923760591,0.0326019157067058));
#9245=CARTESIAN_POINT('',(0.00271459730179925,0.0756331923760591,0.0326019157067058));
#9246=CARTESIAN_POINT('',(0.00946459730179925,0.0756331923760591,0.0326019157067058));
#9247=CARTESIAN_POINT('',(0.00946459730179925,0.100078110524279,0.0326019157067058));
#9248=CARTESIAN_POINT('',(0.00271459730179925,0.100078110524279,0.0326019157067058));
#9249=CARTESIAN_POINT('',(0.00946459730179925,0.100078110524279,0.0326019157067058));
#9250=CARTESIAN_POINT('',(0.00946459730179925,0.0949968052439508,0.0334627986297128));
#9251=CARTESIAN_POINT('',(0.00946459730179925,0.0949968052439508,0.0330460520468769));
#9252=CARTESIAN_POINT('',(0.00271459730179925,0.0949968052439508,0.0334627986297128));
#9253=CARTESIAN_POINT('',(0.00271459730179925,0.0989335839979467,0.0330460520468769));
#9254=CARTESIAN_POINT('',(0.00946459730179925,0.0622634169988451,0.032690877036017));
#9255=CARTESIAN_POINT('',(0.00271459730179925,0.0622634169988451,0.032690877036017));
#9256=CARTESIAN_POINT('',(0.00271459730179925,0.0620046564720688,0.032690877036017));
#9257=CARTESIAN_POINT('',(0.00271459730179925,0.0625221775256214,0.032690877036017));
#9258=CARTESIAN_POINT('',(0.00946459730179925,0.0620046564720688,0.032690877036017));
#9259=CARTESIAN_POINT('',(0.00946459730179925,0.0620046564720688,0.032690877036017));
#9260=CARTESIAN_POINT('',(0.00946459730179925,0.0622634169988451,0.032690877036017));
#9261=CARTESIAN_POINT('',(0.00946459730179925,0.0625221775256214,0.032690877036017));
#9262=CARTESIAN_POINT('',(0.00946459730179925,0.0625221775256214,0.032690877036017));
#9263=CARTESIAN_POINT('',(0.00946459730179925,0.0620046564720688,0.0334800332196174));
#9264=CARTESIAN_POINT('',(0.00946459730179925,0.0620046564720688,0.0342691894032178));
#9265=CARTESIAN_POINT('',(0.00796459730179925,0.0620046564720688,0.0342691894032178));
#9266=CARTESIAN_POINT('',(0.00421459730179924,0.0620046564720688,0.0342691894032178));
#9267=CARTESIAN_POINT('',(0.00910917539359946,0.0620046564720688,0.0331246113114176));
#9268=CARTESIAN_POINT('',(0.00946459730179925,0.0620046564720688,0.0327691894032178));
#9269=CARTESIAN_POINT('',(0.00946459730179925,0.0620046564720688,0.0334800332196174));
#9270=CARTESIAN_POINT('',(0.00271459730179925,0.0620046564720688,0.0334800332196174));
#9271=CARTESIAN_POINT('',(0.00271459730179925,0.0620046564720688,0.0327691894032178));
#9272=CARTESIAN_POINT('',(0.00644501920999904,0.0620046564720688,0.0364996113114176));
#9273=CARTESIAN_POINT('',(0.00946459730179925,0.0558938774623094,0.0342691894032178));
#9274=CARTESIAN_POINT('',(0.00608959730179925,0.0588659921929335,0.0342691894032178));
#9275=CARTESIAN_POINT('',(0.00796459730179925,0.0600823695400262,0.0342691894032178));
#9276=CARTESIAN_POINT('',(0.00421459730179924,0.0600823695400262,0.0342691894032178));
#9277=CARTESIAN_POINT('',(0.00796459730179925,0.0558938774623094,0.0342691894032178));
#9278=CARTESIAN_POINT('',(0.00421459730179924,0.0497830984525499,0.0342691894032178));
#9279=CARTESIAN_POINT('',(0.00946459730179925,0.0497830984525499,0.0334800332196174));
#9280=CARTESIAN_POINT('',(0.00946459730179925,0.0497830984525499,0.0334800332196174));
#9281=CARTESIAN_POINT('',(0.00946459730179925,0.0497830984525499,0.032690877036017));
#9282=CARTESIAN_POINT('',(0.00946459730179925,0.0497830984525499,0.0327691894032178));
#9283=CARTESIAN_POINT('',(0.00910917539359946,0.0497830984525499,0.0331246113114176));
#9284=CARTESIAN_POINT('',(0.00644501920999904,0.0497830984525499,0.0364996113114176));
#9285=CARTESIAN_POINT('',(0.00271459730179925,0.0497830984525499,0.0327691894032178));
#9286=CARTESIAN_POINT('',(0.00271459730179925,0.0497830984525499,0.0334800332196174));
#9287=CARTESIAN_POINT('',(0.00271459730179925,0.0497830984525499,0.032690877036017));
#9288=CARTESIAN_POINT('',(0.00946459730179925,0.0497830984525499,0.032690877036017));
#9289=CARTESIAN_POINT('',(0.00946459730179925,0.0485885459341226,0.032690877036017));
#9290=CARTESIAN_POINT('',(0.00271459730179925,0.0485885459341226,0.032690877036017));
#9291=CARTESIAN_POINT('',(0.00271459730179925,0.0473939934156952,0.032690877036017));
#9292=CARTESIAN_POINT('',(0.00946459730179925,0.0473939934156952,0.032690877036017));
#9293=CARTESIAN_POINT('',(0.00946459730179925,0.0473939934156952,0.032690877036017));
#9294=CARTESIAN_POINT('',(0.00946459730179925,0.0485885459341226,0.032690877036017));
#9295=CARTESIAN_POINT('',(0.00946459730179925,0.0472849141217885,0.0325352111242828));
#9296=CARTESIAN_POINT('',(0.00271459730179925,0.0472849141217885,0.0325352111242828));
#9297=CARTESIAN_POINT('',(0.00946459730179925,0.0472849141217885,0.0325352111242828));
#9298=CARTESIAN_POINT('',(0.00946459730179925,0.0625221775256214,0.0325352111242828));
#9299=CARTESIAN_POINT('',(0.00271459730179925,0.0625221775256214,0.0325352111242828));
#9300=CARTESIAN_POINT('',(0.00946459730179925,0.0625221775256214,0.0325352111242828));
#9301=CARTESIAN_POINT('',(0.00946459730179925,0.0949968052439508,0.0334627986297128));
#9302=CARTESIAN_POINT('',(0.00946459730179925,0.0949968052439508,0.0327691894032178));
#9303=CARTESIAN_POINT('',(0.00271459730179925,0.0949968052439508,0.0334627986297128));
#9304=CARTESIAN_POINT('',(0.00271459730179925,0.0620046564720688,0.0327691894032178));
#9305=CARTESIAN_POINT('',(0.00608959730179925,0.0588659921929335,0.0348691894032178));
#9306=CARTESIAN_POINT('',(0.00608959730179925,0.0588659921929335,0.0348691894032178));
#9307=CARTESIAN_POINT('',(0.0083245914517961,0.0588659921929335,0.0348691894032178));
#9308=CARTESIAN_POINT('',(0.00608959730179925,0.0588659921929335,0.0361441894032178));
#9309=CARTESIAN_POINT('',(0.00608959730179925,0.0588659921929335,0.0361441894032178));
#9310=CARTESIAN_POINT('',(0.00608959730179925,0.0558938774623094,0.0348691894032178));
#9311=CARTESIAN_POINT('',(0.00796459730179925,0.137533047177654,0.0341763765893994));
#9312=CARTESIAN_POINT('',(0.00271459730179925,0.0949968052439508,0.0326763765893993));
#9313=CARTESIAN_POINT('',(0.00796459730179925,0.12501292017923,0.0341763765893994));
#9314=CARTESIAN_POINT('',(0.00271459730179925,0.0949968052439508,0.0326763765893993));
#9315=CARTESIAN_POINT('',(0.00796459730179925,0.0934796640060959,0.0345460520468769));
#9316=CARTESIAN_POINT('',(0.00271459730179925,0.0949968052439508,0.0330460520468769));
#9317=CARTESIAN_POINT('',(0.00796459730179925,0.0558938774623094,0.0342691894032178));
#9318=CARTESIAN_POINT('',(0.00271459730179925,0.0949968052439508,0.0327691894032178));
#9319=CARTESIAN_POINT('',(0.0124018456823123,0.025534033373755,0.0249169273596198));
#9320=CARTESIAN_POINT('',(0.0124018456823123,0.025534033373755,0.0233171754464274));
#9321=CARTESIAN_POINT('',(0.0117145973017992,0.025534033373755,0.0233171754464274));
#9322=CARTESIAN_POINT('',(-0.000222651078713824,0.025534033373755,0.0233171754464274));
#9323=CARTESIAN_POINT('',(-0.000222651078713823,0.025534033373755,0.0249169273596198));
#9324=CARTESIAN_POINT('',(-0.00261040269820075,0.0282570152461573,0.0207879707664308));
#9325=CARTESIAN_POINT('',(-0.00261040269820075,0.0282570152461573,0.0224379707664308));
#9326=CARTESIAN_POINT('',(-0.00261040269820075,0.0325090333737549,0.0224379707664308));
#9327=CARTESIAN_POINT('',(-0.00261040269820075,0.0325090333737549,0.0207879707664308));
#9328=CARTESIAN_POINT('',(-0.00261040269820075,0.0325090333737549,0.0207879707664308));
#9329=CARTESIAN_POINT('',(-0.00261040269820075,0.0282570152461573,0.0207879707664308));
#9330=CARTESIAN_POINT('',(-0.00388540269820076,0.0325090333737549,0.0207879707664308));
#9331=CARTESIAN_POINT('',(-0.00388540269820076,0.0325090333737549,0.0224379707664308));
#9332=CARTESIAN_POINT('',(-0.00388540269820076,0.0325090333737549,0.0207879707664308));
#9333=CARTESIAN_POINT('',(0.00608959730179925,0.0173523835735513,0.0207879707664308));
#9334=CARTESIAN_POINT('',(0.00608959730179925,0.0173523835735513,0.0224379707664308));
#9335=CARTESIAN_POINT('',(0.0160645973017993,0.0325090333737549,0.0207879707664308));
#9336=CARTESIAN_POINT('',(0.0160645973017993,0.0325090333737549,0.0224379707664308));
#9337=CARTESIAN_POINT('',(0.0147895973017992,0.0325090333737549,0.0224379707664308));
#9338=CARTESIAN_POINT('',(0.0147895973017992,0.0325090333737549,0.0207879707664308));
#9339=CARTESIAN_POINT('',(0.0147895973017992,0.0325090333737549,0.0207879707664308));
#9340=CARTESIAN_POINT('',(0.0160645973017993,0.0325090333737549,0.0207879707664308));
#9341=CARTESIAN_POINT('',(0.0147895973017992,0.0282570152461573,0.0207879707664308));
#9342=CARTESIAN_POINT('',(0.0147895973017992,0.0282570152461573,0.0224379707664308));
#9343=CARTESIAN_POINT('',(0.0147895973017992,0.0282570152461573,0.0207879707664308));
#9344=CARTESIAN_POINT('',(0.00608959730179925,0.0173523835735513,0.0207879707664308));
#9345=CARTESIAN_POINT('',(0.00608959730179925,0.0173523835735513,0.0224379707664308));
#9346=CARTESIAN_POINT('',(-0.00291040269820076,0.0161095573563244,0.00669532076643079));
#9347=CARTESIAN_POINT('',(-0.00456040269820076,0.0161095573563244,0.00669532076643079));
#9348=CARTESIAN_POINT('',(-0.00456040269820076,0.0161095573563244,0.00587032076643079));
#9349=CARTESIAN_POINT('',(-0.00291040269820076,0.0161095573563244,0.00587032076643079));
#9350=CARTESIAN_POINT('',(-0.00291040269820076,0.0161095573563244,0.00587032076643079));
#9351=CARTESIAN_POINT('',(-0.00291040269820076,0.0161095573563244,0.00669532076643079));
#9352=CARTESIAN_POINT('',(-0.00291040269820076,0.0144595573563244,0.00669532076643079));
#9353=CARTESIAN_POINT('',(-0.00456040269820076,0.0144595573563244,0.00669532076643079));
#9354=CARTESIAN_POINT('',(-0.00456040269820076,0.0144595573563244,0.00587032076643079));
#9355=CARTESIAN_POINT('',(-0.00291040269820076,0.0144595573563244,0.00669532076643079));
#9356=CARTESIAN_POINT('',(-0.00291040269820076,0.0144595573563244,0.00587032076643079));
#9357=CARTESIAN_POINT('',(-0.00291040269820076,0.0144595573563244,0.00587032076643079));
#9358=CARTESIAN_POINT('',(-0.00291040269820076,0.0152845573563244,0.00587032076643079));
#9359=CARTESIAN_POINT('',(-0.00456040269820076,0.0152845573563244,0.00587032076643079));
#9360=CARTESIAN_POINT('',(-0.00291040269820076,0.0152845573563244,0.00587032076643079));
#9361=CARTESIAN_POINT('',(-0.00291040269820076,0.0782615906203283,0.00931148529251476));
#9362=CARTESIAN_POINT('',(-0.00456040269820076,0.0782615906203283,0.00931148529251476));
#9363=CARTESIAN_POINT('',(-0.00291040269820076,0.0108595573563244,0.00681495986037077));
#9364=CARTESIAN_POINT('',(-0.00456040269820076,0.0108595573563244,0.00681495986037077));
#9365=CARTESIAN_POINT('',(-0.00456040269820076,0.0108595573563244,0.00587032076643079));
#9366=CARTESIAN_POINT('',(-0.00291040269820076,0.0108595573563244,0.00681495986037077));
#9367=CARTESIAN_POINT('',(-0.00291040269820076,0.0108595573563244,0.00587032076643079));
#9368=CARTESIAN_POINT('',(-0.00291040269820076,0.0108595573563244,0.00587032076643079));
#9369=CARTESIAN_POINT('',(-0.00291040269820076,0.0123970573563244,0.00587032076643079));
#9370=CARTESIAN_POINT('',(-0.00456040269820076,0.0123970573563244,0.00587032076643079));
#9371=CARTESIAN_POINT('',(-0.00456040269820076,0.0125095573563244,0.00587032076643079));
#9372=CARTESIAN_POINT('',(-0.00291040269820076,0.0123970573563244,0.00587032076643079));
#9373=CARTESIAN_POINT('',(-0.00291040269820076,0.0125095573563244,0.00587032076643079));
#9374=CARTESIAN_POINT('',(-0.00291040269820076,0.0125095573563244,0.00587032076643079));
#9375=CARTESIAN_POINT('',(-0.00291040269820076,0.0125095573563244,0.00669532076643079));
#9376=CARTESIAN_POINT('',(-0.00456040269820076,0.0125095573563244,0.00669532076643079));
#9377=CARTESIAN_POINT('',(-0.00291040269820076,0.0125095573563244,0.00669532076643079));
#9378=CARTESIAN_POINT('',(-0.00291040269820076,0.0782615906203283,0.00931148529251476));
#9379=CARTESIAN_POINT('',(-0.00456040269820076,0.0782615906203283,0.00931148529251476));
#9380=CARTESIAN_POINT('',(0.00904474882081572,0.00452073377334749,0.00587032076643079));
#9381=CARTESIAN_POINT('',(0.00821974882081572,0.00452073377334749,0.00587032076643079));
#9382=CARTESIAN_POINT('',(0.00821974882081572,0.00452073377334749,0.00587032076643079));
#9383=CARTESIAN_POINT('',(0.00904474882081572,0.00452073377334749,0.00587032076643079));
#9384=CARTESIAN_POINT('',(0.00986974882081572,0.00452073377334749,0.00587032076643079));
#9385=CARTESIAN_POINT('',(0.00986974882081572,0.00452073377334749,0.00587032076643079));
#9386=CARTESIAN_POINT('',(0.00986974882081572,0.00369573377334749,0.00587032076643079));
#9387=CARTESIAN_POINT('',(0.00986974882081572,0.00369573377334749,0.00587032076643079));
#9388=CARTESIAN_POINT('',(0.00986974882081572,0.00287073377334748,0.00587032076643079));
#9389=CARTESIAN_POINT('',(0.00986974882081572,0.00287073377334748,0.00587032076643079));
#9390=CARTESIAN_POINT('',(0.00904474882081572,0.00287073377334748,0.00587032076643079));
#9391=CARTESIAN_POINT('',(0.00904474882081572,0.00287073377334748,0.00587032076643079));
#9392=CARTESIAN_POINT('',(0.00821974882081572,0.00287073377334748,0.00587032076643079));
#9393=CARTESIAN_POINT('',(0.00821974882081572,0.00287073377334748,0.00587032076643079));
#9394=CARTESIAN_POINT('',(0.00821974882081572,0.00369573377334749,0.00587032076643079));
#9395=CARTESIAN_POINT('',(0.00821974882081572,0.00369573377334749,0.00587032076643079));
#9396=CARTESIAN_POINT('',(0.00548959730179924,0.00716403889016175,0.00587032076643079));
#9397=CARTESIAN_POINT('',(0.00395944578278276,0.00369573377334749,0.00587032076643079));
#9398=CARTESIAN_POINT('',(0.00395944578278276,0.00452073377334749,0.00587032076643079));
#9399=CARTESIAN_POINT('',(0.00395944578278276,0.00452073377334749,0.00587032076643079));
#9400=CARTESIAN_POINT('',(0.00395944578278276,0.00369573377334749,0.00587032076643079));
#9401=CARTESIAN_POINT('',(0.00395944578278276,0.00287073377334748,0.00587032076643079));
#9402=CARTESIAN_POINT('',(0.00395944578278276,0.00287073377334748,0.00587032076643079));
#9403=CARTESIAN_POINT('',(0.00313444578278275,0.00287073377334748,0.00587032076643079));
#9404=CARTESIAN_POINT('',(0.00313444578278275,0.00287073377334748,0.00587032076643079));
#9405=CARTESIAN_POINT('',(0.00230944578278275,0.00287073377334748,0.00587032076643079));
#9406=CARTESIAN_POINT('',(0.00230944578278275,0.00287073377334748,0.00587032076643079));
#9407=CARTESIAN_POINT('',(0.00230944578278275,0.00369573377334749,0.00587032076643079));
#9408=CARTESIAN_POINT('',(0.00230944578278275,0.00369573377334749,0.00587032076643079));
#9409=CARTESIAN_POINT('',(0.00230944578278275,0.00452073377334749,0.00587032076643079));
#9410=CARTESIAN_POINT('',(0.00230944578278275,0.00452073377334749,0.00587032076643079));
#9411=CARTESIAN_POINT('',(0.00313444578278275,0.00452073377334749,0.00587032076643079));
#9412=CARTESIAN_POINT('',(0.00313444578278275,0.00452073377334749,0.00587032076643079));
#9413=CARTESIAN_POINT('',(0.00548959730179924,0.00716403889016175,0.00587032076643079));
#9414=CARTESIAN_POINT('',(0.0150895973017993,0.152054887234617,0.00607649855154756));
#9415=CARTESIAN_POINT('',(0.0150895973017993,0.152054887234617,0.00607649855154756));
#9416=CARTESIAN_POINT('',(0.0150895973017993,0.145486991641903,0.00607649855154756));
#9417=CARTESIAN_POINT('',(0.0150895973017993,0.145486991641903,0.00607649855154756));
#9418=CARTESIAN_POINT('',(0.0150895973017993,0.0812615906203283,0.00931148729790068));
#9419=CARTESIAN_POINT('',(-0.00291040269820076,0.152054887234617,0.00607649855154756));
#9420=CARTESIAN_POINT('',(-0.00291040269820076,0.152054887234617,0.00607649855154756));
#9421=CARTESIAN_POINT('',(-0.00291040269820076,0.145486991641903,0.00607649855154756));
#9422=CARTESIAN_POINT('',(-0.00291040269820076,0.145486991641903,0.00607649855154756));
#9423=CARTESIAN_POINT('',(-0.00291040269820076,0.0812615906203283,0.00931148729790068));
#9424=CARTESIAN_POINT('',(0.00608959730179925,0.124379887234618,0.00763267633666425));
#9425=CARTESIAN_POINT('',(0.00608959730179925,0.124379887234618,0.00763267633666425));
#9426=CARTESIAN_POINT('',(0.00361459730179925,0.124379887234618,0.00763267633666425));
#9427=CARTESIAN_POINT('',(0.00608959730179925,0.0793990009108675,0.00763267633666425));
#9428=CARTESIAN_POINT('',(0.00608959730179925,0.0341727096941163,0.00763267633666425));
#9429=CARTESIAN_POINT('',(0.00608959730179925,0.0341727096941163,0.00763267633666425));
#9430=CARTESIAN_POINT('',(0.00361459730179925,0.0341727096941163,0.00763267633666425));
#9431=CARTESIAN_POINT('',(0.00608959730179925,0.0793990009108675,0.00763267633666425));
#9432=CARTESIAN_POINT('',(0.0173395973017993,0.158654887234618,0.00587767633666425));
#9433=CARTESIAN_POINT('',(0.00608959730179925,0.157154887234618,0.00587767633666425));
#9434=CARTESIAN_POINT('',(0.00713959730179925,0.157154887234618,0.00587767633666425));
#9435=CARTESIAN_POINT('',(0.00758959730179925,0.158654887234618,0.00587767633666425));
#9436=CARTESIAN_POINT('',(0.00758959730179925,0.158654887234618,0.00587767633666425));
#9437=CARTESIAN_POINT('',(0.0173395973017993,0.158654887234618,0.00587767633666425));
#9438=CARTESIAN_POINT('',(0.00458959730179924,0.158654887234618,0.00587767633666425));
#9439=CARTESIAN_POINT('',(0.00458959730179924,0.158654887234618,0.00587767633666425));
#9440=CARTESIAN_POINT('',(0.00758959730179925,0.158654887234618,0.00525517633666425));
#9441=CARTESIAN_POINT('',(0.00758959730179925,0.158654887234618,0.00525517633666425));
#9442=CARTESIAN_POINT('',(0.00458959730179924,0.158654887234618,0.00525517633666425));
#9443=CARTESIAN_POINT('',(0.00458959730179924,0.158654887234618,0.00525517633666425));
#9444=CARTESIAN_POINT('',(0.00608959730179925,0.158654887234618,0.00525517633666425));
#9445=CARTESIAN_POINT('',(0.00608959730179925,0.157154887234618,-0.0316223236633358));
#9446=CARTESIAN_POINT('',(0.0150895973017993,0.0782615906203283,0.00931148529251476));
#9447=CARTESIAN_POINT('',(0.0150895973017993,0.0125095573563244,0.00669532076643079));
#9448=CARTESIAN_POINT('',(0.0150895973017993,0.0125095573563244,0.00669532076643079));
#9449=CARTESIAN_POINT('',(0.0150895973017993,0.0161095573563244,0.00669532076643079));
#9450=CARTESIAN_POINT('',(0.0167395973017993,0.0161095573563244,0.00669532076643079));
#9451=CARTESIAN_POINT('',(0.0167395973017993,0.0161095573563244,0.00587032076643079));
#9452=CARTESIAN_POINT('',(0.0150895973017993,0.0161095573563244,0.00669532076643079));
#9453=CARTESIAN_POINT('',(0.0150895973017993,0.0161095573563244,0.00587032076643079));
#9454=CARTESIAN_POINT('',(0.0150895973017993,0.0161095573563244,0.00587032076643079));
#9455=CARTESIAN_POINT('',(0.0150895973017993,0.0144595573563244,0.00669532076643079));
#9456=CARTESIAN_POINT('',(0.0167395973017993,0.0144595573563244,0.00669532076643079));
#9457=CARTESIAN_POINT('',(0.0167395973017993,0.0144595573563244,0.00587032076643079));
#9458=CARTESIAN_POINT('',(0.0150895973017993,0.0144595573563244,0.00587032076643079));
#9459=CARTESIAN_POINT('',(0.0150895973017993,0.0144595573563244,0.00587032076643079));
#9460=CARTESIAN_POINT('',(0.0150895973017993,0.0144595573563244,0.00669532076643079));
#9461=CARTESIAN_POINT('',(0.0150895973017993,0.0152845573563244,0.00587032076643079));
#9462=CARTESIAN_POINT('',(0.0167395973017993,0.0152845573563244,0.00587032076643079));
#9463=CARTESIAN_POINT('',(0.0150895973017993,0.0152845573563244,0.00587032076643079));
#9464=CARTESIAN_POINT('',(0.0150895973017993,0.0782615906203283,0.00931148529251476));
#9465=CARTESIAN_POINT('',(0.0167395973017993,0.0782615906203283,0.00931148529251476));
#9466=CARTESIAN_POINT('',(0.00153777608647942,0.067881241440773,0.00863267633666425));
#9467=CARTESIAN_POINT('',(0.00153777608647942,0.067881241440773,0.00863267633666425));
#9468=CARTESIAN_POINT('',(0.00313777608647943,0.067881241440773,0.00863267633666425));
#9469=CARTESIAN_POINT('',(0.00608959730179925,0.0810096719645081,0.00863267633666425));
#9470=CARTESIAN_POINT('',(0.0107372850179672,0.0941381024882431,0.00863267633666425));
#9471=CARTESIAN_POINT('',(0.0107372850179672,0.0941381024882431,0.00863267633666425));
#9472=CARTESIAN_POINT('',(0.0123372850179672,0.0941381024882431,0.00863267633666425));
#9473=CARTESIAN_POINT('',(0.00608959730179925,0.0810096719645081,0.00863267633666425));
#9474=CARTESIAN_POINT('',(0.00153777608647942,0.0941381024882431,0.00863267633666425));
#9475=CARTESIAN_POINT('',(0.00153777608647942,0.0941381024882431,0.00863267633666425));
#9476=CARTESIAN_POINT('',(0.00313777608647943,0.0941381024882431,0.00863267633666425));
#9477=CARTESIAN_POINT('',(0.00608959730179925,0.0810096719645081,0.00863267633666425));
#9478=CARTESIAN_POINT('',(0.0107372850179672,0.067881241440773,0.00863267633666425));
#9479=CARTESIAN_POINT('',(0.0107372850179672,0.067881241440773,0.00863267633666425));
#9480=CARTESIAN_POINT('',(0.0123372850179672,0.067881241440773,0.00863267633666425));
#9481=CARTESIAN_POINT('',(0.00608959730179925,0.0810096719645081,0.00863267633666425));
#9482=MECHANICAL_DESIGN_GEOMETRIC_PRESENTATION_REPRESENTATION('',(#5930),
#9483);
#9483=(
GEOMETRIC_REPRESENTATION_CONTEXT(3)
GLOBAL_UNCERTAINTY_ASSIGNED_CONTEXT((#9484))
GLOBAL_UNIT_ASSIGNED_CONTEXT((#9487,#9486,#9485))
REPRESENTATION_CONTEXT('Engine_Base','TOP_LEVEL_ASSEMBLY_PART')
);
#9484=UNCERTAINTY_MEASURE_WITH_UNIT(LENGTH_MEASURE(3.37838708180825E-5),
#9487,'DISTANCE_ACCURACY_VALUE','Maximum Tolerance applied to model');
#9485=(
NAMED_UNIT(*)
SI_UNIT($,.STERADIAN.)
SOLID_ANGLE_UNIT()
);
#9486=(
NAMED_UNIT(*)
PLANE_ANGLE_UNIT()
SI_UNIT($,.RADIAN.)
);
#9487=(
LENGTH_UNIT()
NAMED_UNIT(*)
SI_UNIT($,.METRE.)
);
#9488=PRODUCT_DEFINITION_SHAPE('','',#9489);
#9489=PRODUCT_DEFINITION('','',#9491,#9490);
#9490=PRODUCT_DEFINITION_CONTEXT('',#9497,'design');
#9491=PRODUCT_DEFINITION_FORMATION_WITH_SPECIFIED_SOURCE('','',#9493,
 .NOT_KNOWN.);
#9492=PRODUCT_RELATED_PRODUCT_CATEGORY('','',(#9493));
#9493=PRODUCT('Engine_Base','Engine_Base','Engine_Base',(#9495));
#9494=PRODUCT_CATEGORY('','');
#9495=PRODUCT_CONTEXT('',#9497,'mechanical');
#9496=APPLICATION_PROTOCOL_DEFINITION('international standard',
'ap242_managed_model_based_3d_engineering',2020,#9497);
#9497=APPLICATION_CONTEXT('managed model based 3d engineering');
ENDSEC;
END-ISO-10303-21;
