ISO-10303-21;
HEADER;
/* Generated by software containing ST-Developer
 * from STEP Tools, Inc. (www.steptools.com) 
 */
/* OPTION: using custom renumber hook */

FILE_DESCRIPTION(
/* description */ ('STEP AP242 Edition 2',
'CAx-IF Rec.Pracs.---Representation and Presentation of Product Manufa
cturing Information (PMI)---4.0---2014-10-13',
'CAx-IF Rec.Pracs.---3D Tessellated Geometry---0.4---2014-09-14','2;1',
'CAx-IF Rec.Pracs.---User Defined Attributes---1.5---2016-08-15'),
/* implementation_level */ '2;1');

FILE_NAME(
/* name */ 'Cargo_Plate - Front_Cargo_Wheel_Chassis (1)',
/* time_stamp */ '2026-06-19T12:12:14Z',
/* author */ (''),
/* organization */ (''),
/* preprocessor_version */ 'ST-DEVELOPER v20',
/* originating_system */ 'ONSHAPE BY PTC INC, 1.216',
/* authorisation */ '  ');

FILE_SCHEMA (('AP242_MANAGED_MODEL_BASED_3D_ENGINEERING_MIM_LF { 1 0 10303 442 3 1 4 }'));
ENDSEC;

DATA;
#10=SHAPE_REPRESENTATION_RELATIONSHIP('','',#2200,#11);
#11=ADVANCED_BREP_SHAPE_REPRESENTATION('',(#2198),#3717);
#12=TOROIDAL_SURFACE('',#2235,0.00225,0.00045);
#13=CYLINDRICAL_SURFACE('',#2219,0.002025);
#14=CYLINDRICAL_SURFACE('',#2221,0.002025);
#15=CYLINDRICAL_SURFACE('',#2223,0.002025);
#16=CYLINDRICAL_SURFACE('',#2225,0.002025);
#17=CYLINDRICAL_SURFACE('',#2227,0.002025);
#18=CYLINDRICAL_SURFACE('',#2229,0.002025);
#19=CYLINDRICAL_SURFACE('',#2231,0.0027);
#20=CYLINDRICAL_SURFACE('',#2240,0.00285);
#21=CYLINDRICAL_SURFACE('',#2243,0.00285);
#22=CYLINDRICAL_SURFACE('',#2246,0.00285);
#23=CYLINDRICAL_SURFACE('',#2249,0.00285);
#24=CYLINDRICAL_SURFACE('',#2252,0.00285);
#25=CYLINDRICAL_SURFACE('',#2255,0.00285);
#26=CYLINDRICAL_SURFACE('',#2258,0.00284999999999995);
#27=CYLINDRICAL_SURFACE('',#2261,0.00284999999999995);
#28=CYLINDRICAL_SURFACE('',#2264,0.00285);
#29=CYLINDRICAL_SURFACE('',#2267,0.00285);
#30=CYLINDRICAL_SURFACE('',#2270,0.00285);
#31=CYLINDRICAL_SURFACE('',#2273,0.00285);
#32=CYLINDRICAL_SURFACE('',#2299,0.0036);
#33=CYLINDRICAL_SURFACE('',#2302,0.0036);
#34=CYLINDRICAL_SURFACE('',#2306,0.0036);
#35=CYLINDRICAL_SURFACE('',#2309,0.00359999999999993);
#36=CYLINDRICAL_SURFACE('',#2317,0.0036);
#37=CYLINDRICAL_SURFACE('',#2320,0.0036);
#38=CYLINDRICAL_SURFACE('',#2336,0.00285);
#39=CYLINDRICAL_SURFACE('',#2339,0.00285);
#40=CYLINDRICAL_SURFACE('',#2342,0.00285);
#41=CYLINDRICAL_SURFACE('',#2345,0.00285);
#42=CYLINDRICAL_SURFACE('',#2348,0.00285);
#43=CYLINDRICAL_SURFACE('',#2351,0.00285);
#44=CYLINDRICAL_SURFACE('',#2354,0.00284999999999995);
#45=CYLINDRICAL_SURFACE('',#2357,0.00284999999999995);
#46=CYLINDRICAL_SURFACE('',#2360,0.00285);
#47=CYLINDRICAL_SURFACE('',#2363,0.00285);
#48=CYLINDRICAL_SURFACE('',#2366,0.00285);
#49=CYLINDRICAL_SURFACE('',#2369,0.00285);
#50=CYLINDRICAL_SURFACE('',#2395,0.0036);
#51=CYLINDRICAL_SURFACE('',#2398,0.0036);
#52=CYLINDRICAL_SURFACE('',#2402,0.0036);
#53=CYLINDRICAL_SURFACE('',#2405,0.00359999999999993);
#54=CYLINDRICAL_SURFACE('',#2413,0.0036);
#55=CYLINDRICAL_SURFACE('',#2416,0.0036);
#56=CIRCLE('',#2207,0.0027);
#57=CIRCLE('',#2212,0.002025);
#58=CIRCLE('',#2213,0.002025);
#59=CIRCLE('',#2214,0.002025);
#60=CIRCLE('',#2216,0.002025);
#61=CIRCLE('',#2217,0.002025);
#62=CIRCLE('',#2218,0.002025);
#63=CIRCLE('',#2220,0.002025);
#64=CIRCLE('',#2222,0.002025);
#65=CIRCLE('',#2224,0.002025);
#66=CIRCLE('',#2226,0.002025);
#67=CIRCLE('',#2228,0.002025);
#68=CIRCLE('',#2230,0.002025);
#69=CIRCLE('',#2232,0.0027);
#70=CIRCLE('',#2234,0.00225);
#71=CIRCLE('',#2241,0.00285);
#72=CIRCLE('',#2242,0.00285);
#73=CIRCLE('',#2244,0.00285);
#74=CIRCLE('',#2245,0.00285);
#75=CIRCLE('',#2247,0.00285);
#76=CIRCLE('',#2248,0.00285);
#77=CIRCLE('',#2250,0.00285);
#78=CIRCLE('',#2251,0.00285);
#79=CIRCLE('',#2253,0.00285);
#80=CIRCLE('',#2254,0.00285);
#81=CIRCLE('',#2256,0.00285);
#82=CIRCLE('',#2257,0.00285);
#83=CIRCLE('',#2259,0.00284999999999995);
#84=CIRCLE('',#2260,0.00284999999999995);
#85=CIRCLE('',#2262,0.00284999999999995);
#86=CIRCLE('',#2263,0.00284999999999995);
#87=CIRCLE('',#2265,0.00285);
#88=CIRCLE('',#2266,0.00285);
#89=CIRCLE('',#2268,0.00285);
#90=CIRCLE('',#2269,0.00285);
#91=CIRCLE('',#2271,0.00285);
#92=CIRCLE('',#2272,0.00285);
#93=CIRCLE('',#2274,0.00285);
#94=CIRCLE('',#2275,0.00285);
#95=CIRCLE('',#2280,0.0036);
#96=CIRCLE('',#2281,0.0036);
#97=CIRCLE('',#2283,0.00359999999999993);
#98=CIRCLE('',#2284,0.0036);
#99=CIRCLE('',#2286,0.0036);
#100=CIRCLE('',#2287,0.00359999999999993);
#101=CIRCLE('',#2288,0.0036);
#102=CIRCLE('',#2289,0.0036);
#103=CIRCLE('',#2290,0.0036);
#104=CIRCLE('',#2291,0.0036);
#105=CIRCLE('',#2292,0.0036);
#106=CIRCLE('',#2293,0.00359999999999993);
#107=CIRCLE('',#2294,0.0036);
#108=CIRCLE('',#2295,0.0036);
#109=CIRCLE('',#2300,0.0036);
#110=CIRCLE('',#2303,0.0036);
#111=CIRCLE('',#2307,0.0036);
#112=CIRCLE('',#2310,0.00359999999999993);
#113=CIRCLE('',#2318,0.0036);
#114=CIRCLE('',#2321,0.0036);
#115=CIRCLE('',#2337,0.00285);
#116=CIRCLE('',#2338,0.00285);
#117=CIRCLE('',#2340,0.00285);
#118=CIRCLE('',#2341,0.00285);
#119=CIRCLE('',#2343,0.00285);
#120=CIRCLE('',#2344,0.00285);
#121=CIRCLE('',#2346,0.00285);
#122=CIRCLE('',#2347,0.00285);
#123=CIRCLE('',#2349,0.00285);
#124=CIRCLE('',#2350,0.00285);
#125=CIRCLE('',#2352,0.00285);
#126=CIRCLE('',#2353,0.00285);
#127=CIRCLE('',#2355,0.00284999999999995);
#128=CIRCLE('',#2356,0.00284999999999995);
#129=CIRCLE('',#2358,0.00284999999999995);
#130=CIRCLE('',#2359,0.00284999999999995);
#131=CIRCLE('',#2361,0.00285);
#132=CIRCLE('',#2362,0.00285);
#133=CIRCLE('',#2364,0.00285);
#134=CIRCLE('',#2365,0.00285);
#135=CIRCLE('',#2367,0.00285);
#136=CIRCLE('',#2368,0.00285);
#137=CIRCLE('',#2370,0.00285);
#138=CIRCLE('',#2371,0.00285);
#139=CIRCLE('',#2376,0.0036);
#140=CIRCLE('',#2377,0.0036);
#141=CIRCLE('',#2379,0.00359999999999993);
#142=CIRCLE('',#2380,0.0036);
#143=CIRCLE('',#2382,0.0036);
#144=CIRCLE('',#2383,0.0036);
#145=CIRCLE('',#2384,0.0036);
#146=CIRCLE('',#2385,0.00359999999999993);
#147=CIRCLE('',#2386,0.0036);
#148=CIRCLE('',#2387,0.0036);
#149=CIRCLE('',#2388,0.0036);
#150=CIRCLE('',#2389,0.0036);
#151=CIRCLE('',#2390,0.0036);
#152=CIRCLE('',#2391,0.00359999999999993);
#153=CIRCLE('',#2396,0.0036);
#154=CIRCLE('',#2399,0.0036);
#155=CIRCLE('',#2403,0.0036);
#156=CIRCLE('',#2406,0.00359999999999993);
#157=CIRCLE('',#2414,0.0036);
#158=CIRCLE('',#2417,0.0036);
#159=ORIENTED_EDGE('',*,*,#765,.T.);
#160=ORIENTED_EDGE('',*,*,#766,.F.);
#161=ORIENTED_EDGE('',*,*,#767,.F.);
#162=ORIENTED_EDGE('',*,*,#768,.T.);
#163=ORIENTED_EDGE('',*,*,#769,.T.);
#164=ORIENTED_EDGE('',*,*,#770,.F.);
#165=ORIENTED_EDGE('',*,*,#771,.F.);
#166=ORIENTED_EDGE('',*,*,#766,.T.);
#167=ORIENTED_EDGE('',*,*,#772,.T.);
#168=ORIENTED_EDGE('',*,*,#773,.F.);
#169=ORIENTED_EDGE('',*,*,#774,.F.);
#170=ORIENTED_EDGE('',*,*,#770,.T.);
#171=ORIENTED_EDGE('',*,*,#775,.F.);
#172=ORIENTED_EDGE('',*,*,#776,.F.);
#173=ORIENTED_EDGE('',*,*,#777,.T.);
#174=ORIENTED_EDGE('',*,*,#773,.T.);
#175=ORIENTED_EDGE('',*,*,#778,.T.);
#176=ORIENTED_EDGE('',*,*,#779,.F.);
#177=ORIENTED_EDGE('',*,*,#780,.F.);
#178=ORIENTED_EDGE('',*,*,#781,.T.);
#179=ORIENTED_EDGE('',*,*,#776,.T.);
#180=ORIENTED_EDGE('',*,*,#782,.T.);
#181=ORIENTED_EDGE('',*,*,#783,.F.);
#182=ORIENTED_EDGE('',*,*,#784,.F.);
#183=ORIENTED_EDGE('',*,*,#780,.T.);
#184=ORIENTED_EDGE('',*,*,#785,.T.);
#185=ORIENTED_EDGE('',*,*,#786,.F.);
#186=ORIENTED_EDGE('',*,*,#787,.F.);
#187=ORIENTED_EDGE('',*,*,#783,.T.);
#188=ORIENTED_EDGE('',*,*,#788,.T.);
#189=ORIENTED_EDGE('',*,*,#768,.F.);
#190=ORIENTED_EDGE('',*,*,#789,.F.);
#191=ORIENTED_EDGE('',*,*,#786,.T.);
#192=ORIENTED_EDGE('',*,*,#790,.T.);
#193=ORIENTED_EDGE('',*,*,#791,.T.);
#194=ORIENTED_EDGE('',*,*,#792,.T.);
#195=ORIENTED_EDGE('',*,*,#767,.T.);
#196=ORIENTED_EDGE('',*,*,#771,.T.);
#197=ORIENTED_EDGE('',*,*,#774,.T.);
#198=ORIENTED_EDGE('',*,*,#777,.F.);
#199=ORIENTED_EDGE('',*,*,#781,.F.);
#200=ORIENTED_EDGE('',*,*,#784,.T.);
#201=ORIENTED_EDGE('',*,*,#787,.T.);
#202=ORIENTED_EDGE('',*,*,#789,.T.);
#203=ORIENTED_EDGE('',*,*,#793,.F.);
#204=ORIENTED_EDGE('',*,*,#794,.F.);
#205=ORIENTED_EDGE('',*,*,#795,.F.);
#206=ORIENTED_EDGE('',*,*,#765,.F.);
#207=ORIENTED_EDGE('',*,*,#788,.F.);
#208=ORIENTED_EDGE('',*,*,#785,.F.);
#209=ORIENTED_EDGE('',*,*,#782,.F.);
#210=ORIENTED_EDGE('',*,*,#779,.T.);
#211=ORIENTED_EDGE('',*,*,#775,.T.);
#212=ORIENTED_EDGE('',*,*,#772,.F.);
#213=ORIENTED_EDGE('',*,*,#769,.F.);
#214=ORIENTED_EDGE('',*,*,#796,.T.);
#215=ORIENTED_EDGE('',*,*,#795,.T.);
#216=ORIENTED_EDGE('',*,*,#797,.T.);
#217=ORIENTED_EDGE('',*,*,#794,.T.);
#218=ORIENTED_EDGE('',*,*,#798,.T.);
#219=ORIENTED_EDGE('',*,*,#793,.T.);
#220=ORIENTED_EDGE('',*,*,#792,.F.);
#221=ORIENTED_EDGE('',*,*,#799,.F.);
#222=ORIENTED_EDGE('',*,*,#791,.F.);
#223=ORIENTED_EDGE('',*,*,#800,.F.);
#224=ORIENTED_EDGE('',*,*,#790,.F.);
#225=ORIENTED_EDGE('',*,*,#801,.F.);
#226=ORIENTED_EDGE('',*,*,#802,.T.);
#227=ORIENTED_EDGE('',*,*,#778,.F.);
#228=ORIENTED_EDGE('',*,*,#803,.T.);
#229=ORIENTED_EDGE('',*,*,#803,.F.);
#230=ORIENTED_EDGE('',*,*,#802,.F.);
#231=ORIENTED_EDGE('',*,*,#804,.F.);
#232=ORIENTED_EDGE('',*,*,#805,.T.);
#233=ORIENTED_EDGE('',*,*,#806,.T.);
#234=ORIENTED_EDGE('',*,*,#807,.F.);
#235=ORIENTED_EDGE('',*,*,#808,.F.);
#236=ORIENTED_EDGE('',*,*,#809,.F.);
#237=ORIENTED_EDGE('',*,*,#810,.T.);
#238=ORIENTED_EDGE('',*,*,#811,.T.);
#239=ORIENTED_EDGE('',*,*,#812,.F.);
#240=ORIENTED_EDGE('',*,*,#813,.T.);
#241=ORIENTED_EDGE('',*,*,#814,.T.);
#242=ORIENTED_EDGE('',*,*,#815,.F.);
#243=ORIENTED_EDGE('',*,*,#816,.F.);
#244=ORIENTED_EDGE('',*,*,#817,.F.);
#245=ORIENTED_EDGE('',*,*,#818,.T.);
#246=ORIENTED_EDGE('',*,*,#819,.T.);
#247=ORIENTED_EDGE('',*,*,#820,.T.);
#248=ORIENTED_EDGE('',*,*,#821,.T.);
#249=ORIENTED_EDGE('',*,*,#822,.F.);
#250=ORIENTED_EDGE('',*,*,#823,.F.);
#251=ORIENTED_EDGE('',*,*,#824,.F.);
#252=ORIENTED_EDGE('',*,*,#825,.T.);
#253=ORIENTED_EDGE('',*,*,#826,.T.);
#254=ORIENTED_EDGE('',*,*,#827,.T.);
#255=ORIENTED_EDGE('',*,*,#828,.F.);
#256=ORIENTED_EDGE('',*,*,#829,.T.);
#257=ORIENTED_EDGE('',*,*,#830,.T.);
#258=ORIENTED_EDGE('',*,*,#831,.T.);
#259=ORIENTED_EDGE('',*,*,#832,.T.);
#260=ORIENTED_EDGE('',*,*,#833,.T.);
#261=ORIENTED_EDGE('',*,*,#834,.F.);
#262=ORIENTED_EDGE('',*,*,#835,.F.);
#263=ORIENTED_EDGE('',*,*,#836,.T.);
#264=ORIENTED_EDGE('',*,*,#837,.T.);
#265=ORIENTED_EDGE('',*,*,#838,.F.);
#266=ORIENTED_EDGE('',*,*,#839,.F.);
#267=ORIENTED_EDGE('',*,*,#840,.F.);
#268=ORIENTED_EDGE('',*,*,#841,.T.);
#269=ORIENTED_EDGE('',*,*,#842,.T.);
#270=ORIENTED_EDGE('',*,*,#843,.T.);
#271=ORIENTED_EDGE('',*,*,#844,.F.);
#272=ORIENTED_EDGE('',*,*,#845,.T.);
#273=ORIENTED_EDGE('',*,*,#846,.T.);
#274=ORIENTED_EDGE('',*,*,#847,.T.);
#275=ORIENTED_EDGE('',*,*,#848,.T.);
#276=ORIENTED_EDGE('',*,*,#849,.T.);
#277=ORIENTED_EDGE('',*,*,#850,.F.);
#278=ORIENTED_EDGE('',*,*,#851,.F.);
#279=ORIENTED_EDGE('',*,*,#852,.T.);
#280=ORIENTED_EDGE('',*,*,#853,.T.);
#281=ORIENTED_EDGE('',*,*,#854,.F.);
#282=ORIENTED_EDGE('',*,*,#855,.F.);
#283=ORIENTED_EDGE('',*,*,#856,.F.);
#284=ORIENTED_EDGE('',*,*,#857,.T.);
#285=ORIENTED_EDGE('',*,*,#858,.T.);
#286=ORIENTED_EDGE('',*,*,#859,.T.);
#287=ORIENTED_EDGE('',*,*,#860,.F.);
#288=ORIENTED_EDGE('',*,*,#861,.T.);
#289=ORIENTED_EDGE('',*,*,#862,.T.);
#290=ORIENTED_EDGE('',*,*,#863,.T.);
#291=ORIENTED_EDGE('',*,*,#864,.T.);
#292=ORIENTED_EDGE('',*,*,#865,.T.);
#293=ORIENTED_EDGE('',*,*,#866,.F.);
#294=ORIENTED_EDGE('',*,*,#867,.F.);
#295=ORIENTED_EDGE('',*,*,#868,.F.);
#296=ORIENTED_EDGE('',*,*,#824,.T.);
#297=ORIENTED_EDGE('',*,*,#869,.T.);
#298=ORIENTED_EDGE('',*,*,#834,.T.);
#299=ORIENTED_EDGE('',*,*,#870,.F.);
#300=ORIENTED_EDGE('',*,*,#840,.T.);
#301=ORIENTED_EDGE('',*,*,#871,.T.);
#302=ORIENTED_EDGE('',*,*,#850,.T.);
#303=ORIENTED_EDGE('',*,*,#872,.F.);
#304=ORIENTED_EDGE('',*,*,#856,.T.);
#305=ORIENTED_EDGE('',*,*,#873,.T.);
#306=ORIENTED_EDGE('',*,*,#866,.T.);
#307=ORIENTED_EDGE('',*,*,#874,.F.);
#308=ORIENTED_EDGE('',*,*,#811,.F.);
#309=ORIENTED_EDGE('',*,*,#875,.F.);
#310=ORIENTED_EDGE('',*,*,#814,.F.);
#311=ORIENTED_EDGE('',*,*,#876,.F.);
#312=ORIENTED_EDGE('',*,*,#806,.F.);
#313=ORIENTED_EDGE('',*,*,#877,.F.);
#314=ORIENTED_EDGE('',*,*,#819,.F.);
#315=ORIENTED_EDGE('',*,*,#799,.T.);
#316=ORIENTED_EDGE('',*,*,#800,.T.);
#317=ORIENTED_EDGE('',*,*,#801,.T.);
#318=ORIENTED_EDGE('',*,*,#878,.F.);
#319=ORIENTED_EDGE('',*,*,#804,.T.);
#320=ORIENTED_EDGE('',*,*,#879,.F.);
#321=ORIENTED_EDGE('',*,*,#880,.F.);
#322=ORIENTED_EDGE('',*,*,#881,.F.);
#323=ORIENTED_EDGE('',*,*,#809,.T.);
#324=ORIENTED_EDGE('',*,*,#882,.F.);
#325=ORIENTED_EDGE('',*,*,#883,.F.);
#326=ORIENTED_EDGE('',*,*,#884,.F.);
#327=ORIENTED_EDGE('',*,*,#885,.F.);
#328=ORIENTED_EDGE('',*,*,#886,.F.);
#329=ORIENTED_EDGE('',*,*,#812,.T.);
#330=ORIENTED_EDGE('',*,*,#887,.F.);
#331=ORIENTED_EDGE('',*,*,#888,.F.);
#332=ORIENTED_EDGE('',*,*,#889,.F.);
#333=ORIENTED_EDGE('',*,*,#817,.T.);
#334=ORIENTED_EDGE('',*,*,#890,.F.);
#335=ORIENTED_EDGE('',*,*,#891,.F.);
#336=ORIENTED_EDGE('',*,*,#892,.F.);
#337=ORIENTED_EDGE('',*,*,#893,.F.);
#338=ORIENTED_EDGE('',*,*,#894,.F.);
#339=ORIENTED_EDGE('',*,*,#831,.F.);
#340=ORIENTED_EDGE('',*,*,#895,.T.);
#341=ORIENTED_EDGE('',*,*,#823,.T.);
#342=ORIENTED_EDGE('',*,*,#869,.F.);
#343=ORIENTED_EDGE('',*,*,#827,.F.);
#344=ORIENTED_EDGE('',*,*,#896,.T.);
#345=ORIENTED_EDGE('',*,*,#835,.T.);
#346=ORIENTED_EDGE('',*,*,#897,.T.);
#347=ORIENTED_EDGE('',*,*,#891,.T.);
#348=ORIENTED_EDGE('',*,*,#898,.F.);
#349=ORIENTED_EDGE('',*,*,#899,.F.);
#350=ORIENTED_EDGE('',*,*,#900,.T.);
#351=ORIENTED_EDGE('',*,*,#892,.T.);
#352=ORIENTED_EDGE('',*,*,#897,.F.);
#353=ORIENTED_EDGE('',*,*,#901,.F.);
#354=ORIENTED_EDGE('',*,*,#902,.T.);
#355=ORIENTED_EDGE('',*,*,#893,.T.);
#356=ORIENTED_EDGE('',*,*,#900,.F.);
#357=ORIENTED_EDGE('',*,*,#903,.F.);
#358=ORIENTED_EDGE('',*,*,#898,.T.);
#359=ORIENTED_EDGE('',*,*,#890,.T.);
#360=ORIENTED_EDGE('',*,*,#816,.T.);
#361=ORIENTED_EDGE('',*,*,#877,.T.);
#362=ORIENTED_EDGE('',*,*,#805,.F.);
#363=ORIENTED_EDGE('',*,*,#878,.T.);
#364=ORIENTED_EDGE('',*,*,#902,.F.);
#365=ORIENTED_EDGE('',*,*,#904,.F.);
#366=ORIENTED_EDGE('',*,*,#830,.F.);
#367=ORIENTED_EDGE('',*,*,#905,.T.);
#368=ORIENTED_EDGE('',*,*,#820,.F.);
#369=ORIENTED_EDGE('',*,*,#895,.F.);
#370=ORIENTED_EDGE('',*,*,#906,.T.);
#371=ORIENTED_EDGE('',*,*,#832,.F.);
#372=ORIENTED_EDGE('',*,*,#896,.F.);
#373=ORIENTED_EDGE('',*,*,#826,.F.);
#374=ORIENTED_EDGE('',*,*,#899,.T.);
#375=ORIENTED_EDGE('',*,*,#904,.T.);
#376=ORIENTED_EDGE('',*,*,#903,.T.);
#377=ORIENTED_EDGE('',*,*,#901,.T.);
#378=ORIENTED_EDGE('',*,*,#907,.F.);
#379=ORIENTED_EDGE('',*,*,#847,.F.);
#380=ORIENTED_EDGE('',*,*,#908,.T.);
#381=ORIENTED_EDGE('',*,*,#839,.T.);
#382=ORIENTED_EDGE('',*,*,#909,.T.);
#383=ORIENTED_EDGE('',*,*,#887,.T.);
#384=ORIENTED_EDGE('',*,*,#815,.T.);
#385=ORIENTED_EDGE('',*,*,#875,.T.);
#386=ORIENTED_EDGE('',*,*,#810,.F.);
#387=ORIENTED_EDGE('',*,*,#881,.T.);
#388=ORIENTED_EDGE('',*,*,#910,.F.);
#389=ORIENTED_EDGE('',*,*,#911,.F.);
#390=ORIENTED_EDGE('',*,*,#910,.T.);
#391=ORIENTED_EDGE('',*,*,#880,.T.);
#392=ORIENTED_EDGE('',*,*,#912,.F.);
#393=ORIENTED_EDGE('',*,*,#913,.F.);
#394=ORIENTED_EDGE('',*,*,#912,.T.);
#395=ORIENTED_EDGE('',*,*,#879,.T.);
#396=ORIENTED_EDGE('',*,*,#807,.T.);
#397=ORIENTED_EDGE('',*,*,#876,.T.);
#398=ORIENTED_EDGE('',*,*,#818,.F.);
#399=ORIENTED_EDGE('',*,*,#889,.T.);
#400=ORIENTED_EDGE('',*,*,#914,.F.);
#401=ORIENTED_EDGE('',*,*,#915,.F.);
#402=ORIENTED_EDGE('',*,*,#914,.T.);
#403=ORIENTED_EDGE('',*,*,#888,.T.);
#404=ORIENTED_EDGE('',*,*,#909,.F.);
#405=ORIENTED_EDGE('',*,*,#916,.F.);
#406=ORIENTED_EDGE('',*,*,#871,.F.);
#407=ORIENTED_EDGE('',*,*,#843,.F.);
#408=ORIENTED_EDGE('',*,*,#917,.T.);
#409=ORIENTED_EDGE('',*,*,#851,.T.);
#410=ORIENTED_EDGE('',*,*,#842,.F.);
#411=ORIENTED_EDGE('',*,*,#918,.T.);
#412=ORIENTED_EDGE('',*,*,#848,.F.);
#413=ORIENTED_EDGE('',*,*,#917,.F.);
#414=ORIENTED_EDGE('',*,*,#846,.F.);
#415=ORIENTED_EDGE('',*,*,#919,.T.);
#416=ORIENTED_EDGE('',*,*,#836,.F.);
#417=ORIENTED_EDGE('',*,*,#908,.F.);
#418=ORIENTED_EDGE('',*,*,#911,.T.);
#419=ORIENTED_EDGE('',*,*,#913,.T.);
#420=ORIENTED_EDGE('',*,*,#915,.T.);
#421=ORIENTED_EDGE('',*,*,#916,.T.);
#422=ORIENTED_EDGE('',*,*,#920,.F.);
#423=ORIENTED_EDGE('',*,*,#863,.F.);
#424=ORIENTED_EDGE('',*,*,#921,.T.);
#425=ORIENTED_EDGE('',*,*,#855,.T.);
#426=ORIENTED_EDGE('',*,*,#873,.F.);
#427=ORIENTED_EDGE('',*,*,#859,.F.);
#428=ORIENTED_EDGE('',*,*,#922,.T.);
#429=ORIENTED_EDGE('',*,*,#867,.T.);
#430=ORIENTED_EDGE('',*,*,#923,.T.);
#431=ORIENTED_EDGE('',*,*,#885,.T.);
#432=ORIENTED_EDGE('',*,*,#924,.F.);
#433=ORIENTED_EDGE('',*,*,#925,.F.);
#434=ORIENTED_EDGE('',*,*,#926,.T.);
#435=ORIENTED_EDGE('',*,*,#882,.T.);
#436=ORIENTED_EDGE('',*,*,#808,.T.);
#437=ORIENTED_EDGE('',*,*,#874,.T.);
#438=ORIENTED_EDGE('',*,*,#813,.F.);
#439=ORIENTED_EDGE('',*,*,#886,.T.);
#440=ORIENTED_EDGE('',*,*,#923,.F.);
#441=ORIENTED_EDGE('',*,*,#927,.F.);
#442=ORIENTED_EDGE('',*,*,#928,.T.);
#443=ORIENTED_EDGE('',*,*,#883,.T.);
#444=ORIENTED_EDGE('',*,*,#926,.F.);
#445=ORIENTED_EDGE('',*,*,#929,.F.);
#446=ORIENTED_EDGE('',*,*,#924,.T.);
#447=ORIENTED_EDGE('',*,*,#884,.T.);
#448=ORIENTED_EDGE('',*,*,#928,.F.);
#449=ORIENTED_EDGE('',*,*,#930,.F.);
#450=ORIENTED_EDGE('',*,*,#862,.F.);
#451=ORIENTED_EDGE('',*,*,#931,.T.);
#452=ORIENTED_EDGE('',*,*,#852,.F.);
#453=ORIENTED_EDGE('',*,*,#921,.F.);
#454=ORIENTED_EDGE('',*,*,#932,.T.);
#455=ORIENTED_EDGE('',*,*,#864,.F.);
#456=ORIENTED_EDGE('',*,*,#922,.F.);
#457=ORIENTED_EDGE('',*,*,#858,.F.);
#458=ORIENTED_EDGE('',*,*,#925,.T.);
#459=ORIENTED_EDGE('',*,*,#930,.T.);
#460=ORIENTED_EDGE('',*,*,#929,.T.);
#461=ORIENTED_EDGE('',*,*,#927,.T.);
#462=ORIENTED_EDGE('',*,*,#933,.F.);
#463=ORIENTED_EDGE('',*,*,#828,.T.);
#464=ORIENTED_EDGE('',*,*,#894,.T.);
#465=ORIENTED_EDGE('',*,*,#822,.T.);
#466=ORIENTED_EDGE('',*,*,#934,.F.);
#467=ORIENTED_EDGE('',*,*,#844,.T.);
#468=ORIENTED_EDGE('',*,*,#907,.T.);
#469=ORIENTED_EDGE('',*,*,#838,.T.);
#470=ORIENTED_EDGE('',*,*,#935,.F.);
#471=ORIENTED_EDGE('',*,*,#860,.T.);
#472=ORIENTED_EDGE('',*,*,#920,.T.);
#473=ORIENTED_EDGE('',*,*,#854,.T.);
#474=ORIENTED_EDGE('',*,*,#853,.F.);
#475=ORIENTED_EDGE('',*,*,#931,.F.);
#476=ORIENTED_EDGE('',*,*,#861,.F.);
#477=ORIENTED_EDGE('',*,*,#935,.T.);
#478=ORIENTED_EDGE('',*,*,#857,.F.);
#479=ORIENTED_EDGE('',*,*,#872,.T.);
#480=ORIENTED_EDGE('',*,*,#865,.F.);
#481=ORIENTED_EDGE('',*,*,#932,.F.);
#482=ORIENTED_EDGE('',*,*,#837,.F.);
#483=ORIENTED_EDGE('',*,*,#919,.F.);
#484=ORIENTED_EDGE('',*,*,#845,.F.);
#485=ORIENTED_EDGE('',*,*,#934,.T.);
#486=ORIENTED_EDGE('',*,*,#841,.F.);
#487=ORIENTED_EDGE('',*,*,#870,.T.);
#488=ORIENTED_EDGE('',*,*,#849,.F.);
#489=ORIENTED_EDGE('',*,*,#918,.F.);
#490=ORIENTED_EDGE('',*,*,#821,.F.);
#491=ORIENTED_EDGE('',*,*,#905,.F.);
#492=ORIENTED_EDGE('',*,*,#829,.F.);
#493=ORIENTED_EDGE('',*,*,#933,.T.);
#494=ORIENTED_EDGE('',*,*,#825,.F.);
#495=ORIENTED_EDGE('',*,*,#868,.T.);
#496=ORIENTED_EDGE('',*,*,#833,.F.);
#497=ORIENTED_EDGE('',*,*,#906,.F.);
#498=ORIENTED_EDGE('',*,*,#936,.T.);
#499=ORIENTED_EDGE('',*,*,#937,.T.);
#500=ORIENTED_EDGE('',*,*,#938,.F.);
#501=ORIENTED_EDGE('',*,*,#939,.F.);
#502=ORIENTED_EDGE('',*,*,#940,.T.);
#503=ORIENTED_EDGE('',*,*,#941,.F.);
#504=ORIENTED_EDGE('',*,*,#942,.F.);
#505=ORIENTED_EDGE('',*,*,#943,.T.);
#506=ORIENTED_EDGE('',*,*,#944,.T.);
#507=ORIENTED_EDGE('',*,*,#945,.T.);
#508=ORIENTED_EDGE('',*,*,#946,.F.);
#509=ORIENTED_EDGE('',*,*,#947,.F.);
#510=ORIENTED_EDGE('',*,*,#948,.T.);
#511=ORIENTED_EDGE('',*,*,#949,.F.);
#512=ORIENTED_EDGE('',*,*,#950,.F.);
#513=ORIENTED_EDGE('',*,*,#951,.T.);
#514=ORIENTED_EDGE('',*,*,#952,.F.);
#515=ORIENTED_EDGE('',*,*,#953,.T.);
#516=ORIENTED_EDGE('',*,*,#954,.T.);
#517=ORIENTED_EDGE('',*,*,#955,.F.);
#518=ORIENTED_EDGE('',*,*,#956,.T.);
#519=ORIENTED_EDGE('',*,*,#957,.F.);
#520=ORIENTED_EDGE('',*,*,#958,.F.);
#521=ORIENTED_EDGE('',*,*,#959,.F.);
#522=ORIENTED_EDGE('',*,*,#960,.T.);
#523=ORIENTED_EDGE('',*,*,#961,.F.);
#524=ORIENTED_EDGE('',*,*,#962,.F.);
#525=ORIENTED_EDGE('',*,*,#963,.F.);
#526=ORIENTED_EDGE('',*,*,#964,.F.);
#527=ORIENTED_EDGE('',*,*,#965,.T.);
#528=ORIENTED_EDGE('',*,*,#966,.T.);
#529=ORIENTED_EDGE('',*,*,#967,.F.);
#530=ORIENTED_EDGE('',*,*,#968,.F.);
#531=ORIENTED_EDGE('',*,*,#969,.T.);
#532=ORIENTED_EDGE('',*,*,#970,.T.);
#533=ORIENTED_EDGE('',*,*,#971,.F.);
#534=ORIENTED_EDGE('',*,*,#972,.T.);
#535=ORIENTED_EDGE('',*,*,#973,.F.);
#536=ORIENTED_EDGE('',*,*,#974,.F.);
#537=ORIENTED_EDGE('',*,*,#975,.F.);
#538=ORIENTED_EDGE('',*,*,#976,.T.);
#539=ORIENTED_EDGE('',*,*,#977,.F.);
#540=ORIENTED_EDGE('',*,*,#978,.F.);
#541=ORIENTED_EDGE('',*,*,#979,.F.);
#542=ORIENTED_EDGE('',*,*,#980,.F.);
#543=ORIENTED_EDGE('',*,*,#981,.T.);
#544=ORIENTED_EDGE('',*,*,#982,.T.);
#545=ORIENTED_EDGE('',*,*,#983,.F.);
#546=ORIENTED_EDGE('',*,*,#984,.F.);
#547=ORIENTED_EDGE('',*,*,#985,.T.);
#548=ORIENTED_EDGE('',*,*,#986,.T.);
#549=ORIENTED_EDGE('',*,*,#987,.F.);
#550=ORIENTED_EDGE('',*,*,#988,.T.);
#551=ORIENTED_EDGE('',*,*,#989,.F.);
#552=ORIENTED_EDGE('',*,*,#990,.F.);
#553=ORIENTED_EDGE('',*,*,#991,.F.);
#554=ORIENTED_EDGE('',*,*,#992,.T.);
#555=ORIENTED_EDGE('',*,*,#993,.F.);
#556=ORIENTED_EDGE('',*,*,#994,.F.);
#557=ORIENTED_EDGE('',*,*,#995,.F.);
#558=ORIENTED_EDGE('',*,*,#996,.F.);
#559=ORIENTED_EDGE('',*,*,#997,.T.);
#560=ORIENTED_EDGE('',*,*,#998,.T.);
#561=ORIENTED_EDGE('',*,*,#999,.F.);
#562=ORIENTED_EDGE('',*,*,#1000,.T.);
#563=ORIENTED_EDGE('',*,*,#966,.F.);
#564=ORIENTED_EDGE('',*,*,#1001,.F.);
#565=ORIENTED_EDGE('',*,*,#956,.F.);
#566=ORIENTED_EDGE('',*,*,#1002,.T.);
#567=ORIENTED_EDGE('',*,*,#982,.F.);
#568=ORIENTED_EDGE('',*,*,#1003,.F.);
#569=ORIENTED_EDGE('',*,*,#972,.F.);
#570=ORIENTED_EDGE('',*,*,#1004,.T.);
#571=ORIENTED_EDGE('',*,*,#998,.F.);
#572=ORIENTED_EDGE('',*,*,#1005,.F.);
#573=ORIENTED_EDGE('',*,*,#988,.F.);
#574=ORIENTED_EDGE('',*,*,#1006,.T.);
#575=ORIENTED_EDGE('',*,*,#946,.T.);
#576=ORIENTED_EDGE('',*,*,#1007,.T.);
#577=ORIENTED_EDGE('',*,*,#941,.T.);
#578=ORIENTED_EDGE('',*,*,#1008,.T.);
#579=ORIENTED_EDGE('',*,*,#949,.T.);
#580=ORIENTED_EDGE('',*,*,#1009,.T.);
#581=ORIENTED_EDGE('',*,*,#938,.T.);
#582=ORIENTED_EDGE('',*,*,#796,.F.);
#583=ORIENTED_EDGE('',*,*,#797,.F.);
#584=ORIENTED_EDGE('',*,*,#798,.F.);
#585=ORIENTED_EDGE('',*,*,#1010,.T.);
#586=ORIENTED_EDGE('',*,*,#1011,.T.);
#587=ORIENTED_EDGE('',*,*,#1012,.T.);
#588=ORIENTED_EDGE('',*,*,#1013,.T.);
#589=ORIENTED_EDGE('',*,*,#1014,.T.);
#590=ORIENTED_EDGE('',*,*,#951,.F.);
#591=ORIENTED_EDGE('',*,*,#1015,.T.);
#592=ORIENTED_EDGE('',*,*,#1016,.T.);
#593=ORIENTED_EDGE('',*,*,#1017,.T.);
#594=ORIENTED_EDGE('',*,*,#944,.F.);
#595=ORIENTED_EDGE('',*,*,#1018,.T.);
#596=ORIENTED_EDGE('',*,*,#1019,.T.);
#597=ORIENTED_EDGE('',*,*,#1020,.T.);
#598=ORIENTED_EDGE('',*,*,#1021,.T.);
#599=ORIENTED_EDGE('',*,*,#1022,.T.);
#600=ORIENTED_EDGE('',*,*,#943,.F.);
#601=ORIENTED_EDGE('',*,*,#1023,.T.);
#602=ORIENTED_EDGE('',*,*,#1024,.T.);
#603=ORIENTED_EDGE('',*,*,#1025,.T.);
#604=ORIENTED_EDGE('',*,*,#936,.F.);
#605=ORIENTED_EDGE('',*,*,#1026,.T.);
#606=ORIENTED_EDGE('',*,*,#953,.F.);
#607=ORIENTED_EDGE('',*,*,#1027,.F.);
#608=ORIENTED_EDGE('',*,*,#961,.T.);
#609=ORIENTED_EDGE('',*,*,#1001,.T.);
#610=ORIENTED_EDGE('',*,*,#965,.F.);
#611=ORIENTED_EDGE('',*,*,#1028,.F.);
#612=ORIENTED_EDGE('',*,*,#957,.T.);
#613=ORIENTED_EDGE('',*,*,#1029,.F.);
#614=ORIENTED_EDGE('',*,*,#1030,.T.);
#615=ORIENTED_EDGE('',*,*,#1031,.T.);
#616=ORIENTED_EDGE('',*,*,#1013,.F.);
#617=ORIENTED_EDGE('',*,*,#1032,.F.);
#618=ORIENTED_EDGE('',*,*,#1033,.T.);
#619=ORIENTED_EDGE('',*,*,#1029,.T.);
#620=ORIENTED_EDGE('',*,*,#1012,.F.);
#621=ORIENTED_EDGE('',*,*,#1034,.F.);
#622=ORIENTED_EDGE('',*,*,#1035,.T.);
#623=ORIENTED_EDGE('',*,*,#1032,.T.);
#624=ORIENTED_EDGE('',*,*,#1011,.F.);
#625=ORIENTED_EDGE('',*,*,#1031,.F.);
#626=ORIENTED_EDGE('',*,*,#1036,.T.);
#627=ORIENTED_EDGE('',*,*,#1034,.T.);
#628=ORIENTED_EDGE('',*,*,#1010,.F.);
#629=ORIENTED_EDGE('',*,*,#939,.T.);
#630=ORIENTED_EDGE('',*,*,#1009,.F.);
#631=ORIENTED_EDGE('',*,*,#948,.F.);
#632=ORIENTED_EDGE('',*,*,#1014,.F.);
#633=ORIENTED_EDGE('',*,*,#962,.T.);
#634=ORIENTED_EDGE('',*,*,#1027,.T.);
#635=ORIENTED_EDGE('',*,*,#952,.T.);
#636=ORIENTED_EDGE('',*,*,#1037,.F.);
#637=ORIENTED_EDGE('',*,*,#1038,.F.);
#638=ORIENTED_EDGE('',*,*,#958,.T.);
#639=ORIENTED_EDGE('',*,*,#1028,.T.);
#640=ORIENTED_EDGE('',*,*,#964,.T.);
#641=ORIENTED_EDGE('',*,*,#1030,.F.);
#642=ORIENTED_EDGE('',*,*,#1033,.F.);
#643=ORIENTED_EDGE('',*,*,#1035,.F.);
#644=ORIENTED_EDGE('',*,*,#1036,.F.);
#645=ORIENTED_EDGE('',*,*,#1039,.T.);
#646=ORIENTED_EDGE('',*,*,#969,.F.);
#647=ORIENTED_EDGE('',*,*,#1040,.F.);
#648=ORIENTED_EDGE('',*,*,#977,.T.);
#649=ORIENTED_EDGE('',*,*,#1041,.F.);
#650=ORIENTED_EDGE('',*,*,#1042,.T.);
#651=ORIENTED_EDGE('',*,*,#1043,.T.);
#652=ORIENTED_EDGE('',*,*,#1023,.F.);
#653=ORIENTED_EDGE('',*,*,#942,.T.);
#654=ORIENTED_EDGE('',*,*,#1007,.F.);
#655=ORIENTED_EDGE('',*,*,#945,.F.);
#656=ORIENTED_EDGE('',*,*,#1017,.F.);
#657=ORIENTED_EDGE('',*,*,#1043,.F.);
#658=ORIENTED_EDGE('',*,*,#1044,.T.);
#659=ORIENTED_EDGE('',*,*,#1045,.T.);
#660=ORIENTED_EDGE('',*,*,#1024,.F.);
#661=ORIENTED_EDGE('',*,*,#1045,.F.);
#662=ORIENTED_EDGE('',*,*,#1046,.T.);
#663=ORIENTED_EDGE('',*,*,#1047,.T.);
#664=ORIENTED_EDGE('',*,*,#1015,.F.);
#665=ORIENTED_EDGE('',*,*,#950,.T.);
#666=ORIENTED_EDGE('',*,*,#1008,.F.);
#667=ORIENTED_EDGE('',*,*,#937,.F.);
#668=ORIENTED_EDGE('',*,*,#1025,.F.);
#669=ORIENTED_EDGE('',*,*,#1047,.F.);
#670=ORIENTED_EDGE('',*,*,#1048,.T.);
#671=ORIENTED_EDGE('',*,*,#1041,.T.);
#672=ORIENTED_EDGE('',*,*,#1016,.F.);
#673=ORIENTED_EDGE('',*,*,#1003,.T.);
#674=ORIENTED_EDGE('',*,*,#981,.F.);
#675=ORIENTED_EDGE('',*,*,#1049,.F.);
#676=ORIENTED_EDGE('',*,*,#973,.T.);
#677=ORIENTED_EDGE('',*,*,#974,.T.);
#678=ORIENTED_EDGE('',*,*,#1049,.T.);
#679=ORIENTED_EDGE('',*,*,#980,.T.);
#680=ORIENTED_EDGE('',*,*,#1050,.F.);
#681=ORIENTED_EDGE('',*,*,#978,.T.);
#682=ORIENTED_EDGE('',*,*,#1040,.T.);
#683=ORIENTED_EDGE('',*,*,#968,.T.);
#684=ORIENTED_EDGE('',*,*,#1051,.F.);
#685=ORIENTED_EDGE('',*,*,#1042,.F.);
#686=ORIENTED_EDGE('',*,*,#1048,.F.);
#687=ORIENTED_EDGE('',*,*,#1046,.F.);
#688=ORIENTED_EDGE('',*,*,#1044,.F.);
#689=ORIENTED_EDGE('',*,*,#1052,.T.);
#690=ORIENTED_EDGE('',*,*,#985,.F.);
#691=ORIENTED_EDGE('',*,*,#1053,.F.);
#692=ORIENTED_EDGE('',*,*,#993,.T.);
#693=ORIENTED_EDGE('',*,*,#1005,.T.);
#694=ORIENTED_EDGE('',*,*,#997,.F.);
#695=ORIENTED_EDGE('',*,*,#1054,.F.);
#696=ORIENTED_EDGE('',*,*,#989,.T.);
#697=ORIENTED_EDGE('',*,*,#1055,.F.);
#698=ORIENTED_EDGE('',*,*,#1056,.T.);
#699=ORIENTED_EDGE('',*,*,#1057,.T.);
#700=ORIENTED_EDGE('',*,*,#1019,.F.);
#701=ORIENTED_EDGE('',*,*,#1058,.F.);
#702=ORIENTED_EDGE('',*,*,#1059,.T.);
#703=ORIENTED_EDGE('',*,*,#1055,.T.);
#704=ORIENTED_EDGE('',*,*,#1018,.F.);
#705=ORIENTED_EDGE('',*,*,#947,.T.);
#706=ORIENTED_EDGE('',*,*,#1006,.F.);
#707=ORIENTED_EDGE('',*,*,#940,.F.);
#708=ORIENTED_EDGE('',*,*,#1022,.F.);
#709=ORIENTED_EDGE('',*,*,#1060,.F.);
#710=ORIENTED_EDGE('',*,*,#1061,.T.);
#711=ORIENTED_EDGE('',*,*,#1058,.T.);
#712=ORIENTED_EDGE('',*,*,#1021,.F.);
#713=ORIENTED_EDGE('',*,*,#1057,.F.);
#714=ORIENTED_EDGE('',*,*,#1062,.T.);
#715=ORIENTED_EDGE('',*,*,#1060,.T.);
#716=ORIENTED_EDGE('',*,*,#1020,.F.);
#717=ORIENTED_EDGE('',*,*,#994,.T.);
#718=ORIENTED_EDGE('',*,*,#1053,.T.);
#719=ORIENTED_EDGE('',*,*,#984,.T.);
#720=ORIENTED_EDGE('',*,*,#1063,.F.);
#721=ORIENTED_EDGE('',*,*,#1064,.F.);
#722=ORIENTED_EDGE('',*,*,#990,.T.);
#723=ORIENTED_EDGE('',*,*,#1054,.T.);
#724=ORIENTED_EDGE('',*,*,#996,.T.);
#725=ORIENTED_EDGE('',*,*,#1056,.F.);
#726=ORIENTED_EDGE('',*,*,#1059,.F.);
#727=ORIENTED_EDGE('',*,*,#1061,.F.);
#728=ORIENTED_EDGE('',*,*,#1062,.F.);
#729=ORIENTED_EDGE('',*,*,#1065,.T.);
#730=ORIENTED_EDGE('',*,*,#954,.F.);
#731=ORIENTED_EDGE('',*,*,#1026,.F.);
#732=ORIENTED_EDGE('',*,*,#960,.F.);
#733=ORIENTED_EDGE('',*,*,#1066,.T.);
#734=ORIENTED_EDGE('',*,*,#970,.F.);
#735=ORIENTED_EDGE('',*,*,#1039,.F.);
#736=ORIENTED_EDGE('',*,*,#976,.F.);
#737=ORIENTED_EDGE('',*,*,#1067,.T.);
#738=ORIENTED_EDGE('',*,*,#986,.F.);
#739=ORIENTED_EDGE('',*,*,#1052,.F.);
#740=ORIENTED_EDGE('',*,*,#992,.F.);
#741=ORIENTED_EDGE('',*,*,#987,.T.);
#742=ORIENTED_EDGE('',*,*,#1067,.F.);
#743=ORIENTED_EDGE('',*,*,#995,.T.);
#744=ORIENTED_EDGE('',*,*,#1063,.T.);
#745=ORIENTED_EDGE('',*,*,#991,.T.);
#746=ORIENTED_EDGE('',*,*,#1064,.T.);
#747=ORIENTED_EDGE('',*,*,#999,.T.);
#748=ORIENTED_EDGE('',*,*,#1004,.F.);
#749=ORIENTED_EDGE('',*,*,#971,.T.);
#750=ORIENTED_EDGE('',*,*,#1066,.F.);
#751=ORIENTED_EDGE('',*,*,#979,.T.);
#752=ORIENTED_EDGE('',*,*,#1051,.T.);
#753=ORIENTED_EDGE('',*,*,#975,.T.);
#754=ORIENTED_EDGE('',*,*,#1050,.T.);
#755=ORIENTED_EDGE('',*,*,#983,.T.);
#756=ORIENTED_EDGE('',*,*,#1002,.F.);
#757=ORIENTED_EDGE('',*,*,#955,.T.);
#758=ORIENTED_EDGE('',*,*,#1065,.F.);
#759=ORIENTED_EDGE('',*,*,#963,.T.);
#760=ORIENTED_EDGE('',*,*,#1037,.T.);
#761=ORIENTED_EDGE('',*,*,#959,.T.);
#762=ORIENTED_EDGE('',*,*,#1038,.T.);
#763=ORIENTED_EDGE('',*,*,#967,.T.);
#764=ORIENTED_EDGE('',*,*,#1000,.F.);
#765=EDGE_CURVE('',#1068,#1069,#1275,.T.);
#766=EDGE_CURVE('',#1070,#1069,#1276,.T.);
#767=EDGE_CURVE('',#1071,#1070,#1277,.T.);
#768=EDGE_CURVE('',#1071,#1068,#1278,.T.);
#769=EDGE_CURVE('',#1069,#1072,#1279,.T.);
#770=EDGE_CURVE('',#1073,#1072,#1280,.T.);
#771=EDGE_CURVE('',#1070,#1073,#1281,.T.);
#772=EDGE_CURVE('',#1072,#1074,#1282,.T.);
#773=EDGE_CURVE('',#1075,#1074,#1283,.T.);
#774=EDGE_CURVE('',#1073,#1075,#1284,.T.);
#775=EDGE_CURVE('',#1076,#1074,#1285,.T.);
#776=EDGE_CURVE('',#1077,#1076,#1286,.T.);
#777=EDGE_CURVE('',#1077,#1075,#1287,.T.);
#778=EDGE_CURVE('',#1078,#1078,#56,.F.);
#779=EDGE_CURVE('',#1079,#1076,#1288,.T.);
#780=EDGE_CURVE('',#1080,#1079,#1289,.T.);
#781=EDGE_CURVE('',#1080,#1077,#1290,.T.);
#782=EDGE_CURVE('',#1079,#1081,#1291,.T.);
#783=EDGE_CURVE('',#1082,#1081,#1292,.T.);
#784=EDGE_CURVE('',#1080,#1082,#1293,.T.);
#785=EDGE_CURVE('',#1081,#1083,#1294,.T.);
#786=EDGE_CURVE('',#1084,#1083,#1295,.T.);
#787=EDGE_CURVE('',#1082,#1084,#1296,.T.);
#788=EDGE_CURVE('',#1083,#1068,#1297,.T.);
#789=EDGE_CURVE('',#1084,#1071,#1298,.T.);
#790=EDGE_CURVE('',#1085,#1085,#57,.F.);
#791=EDGE_CURVE('',#1086,#1086,#58,.F.);
#792=EDGE_CURVE('',#1087,#1087,#59,.F.);
#793=EDGE_CURVE('',#1088,#1088,#60,.F.);
#794=EDGE_CURVE('',#1089,#1089,#61,.F.);
#795=EDGE_CURVE('',#1090,#1090,#62,.F.);
#796=EDGE_CURVE('',#1091,#1091,#63,.T.);
#797=EDGE_CURVE('',#1092,#1092,#64,.T.);
#798=EDGE_CURVE('',#1093,#1093,#65,.T.);
#799=EDGE_CURVE('',#1094,#1094,#66,.T.);
#800=EDGE_CURVE('',#1095,#1095,#67,.T.);
#801=EDGE_CURVE('',#1096,#1096,#68,.T.);
#802=EDGE_CURVE('',#1097,#1097,#69,.T.);
#803=EDGE_CURVE('',#1098,#1098,#70,.F.);
#804=EDGE_CURVE('',#1099,#1100,#1299,.T.);
#805=EDGE_CURVE('',#1099,#1101,#1300,.T.);
#806=EDGE_CURVE('',#1101,#1102,#1301,.T.);
#807=EDGE_CURVE('',#1100,#1102,#1302,.T.);
#808=EDGE_CURVE('',#1103,#1104,#1303,.T.);
#809=EDGE_CURVE('',#1105,#1103,#1304,.T.);
#810=EDGE_CURVE('',#1105,#1106,#1305,.T.);
#811=EDGE_CURVE('',#1106,#1104,#1306,.T.);
#812=EDGE_CURVE('',#1107,#1108,#1307,.T.);
#813=EDGE_CURVE('',#1107,#1109,#1308,.T.);
#814=EDGE_CURVE('',#1109,#1110,#1309,.T.);
#815=EDGE_CURVE('',#1108,#1110,#1310,.T.);
#816=EDGE_CURVE('',#1111,#1112,#1311,.T.);
#817=EDGE_CURVE('',#1113,#1111,#1312,.T.);
#818=EDGE_CURVE('',#1113,#1114,#1313,.T.);
#819=EDGE_CURVE('',#1114,#1112,#1314,.T.);
#820=EDGE_CURVE('',#1115,#1116,#71,.T.);
#821=EDGE_CURVE('',#1116,#1117,#1315,.T.);
#822=EDGE_CURVE('',#1118,#1117,#72,.T.);
#823=EDGE_CURVE('',#1115,#1118,#1316,.T.);
#824=EDGE_CURVE('',#1119,#1120,#73,.T.);
#825=EDGE_CURVE('',#1119,#1121,#1317,.F.);
#826=EDGE_CURVE('',#1121,#1122,#74,.T.);
#827=EDGE_CURVE('',#1122,#1120,#1318,.T.);
#828=EDGE_CURVE('',#1123,#1124,#75,.T.);
#829=EDGE_CURVE('',#1123,#1125,#1319,.F.);
#830=EDGE_CURVE('',#1125,#1126,#76,.T.);
#831=EDGE_CURVE('',#1126,#1124,#1320,.T.);
#832=EDGE_CURVE('',#1127,#1128,#77,.T.);
#833=EDGE_CURVE('',#1128,#1129,#1321,.T.);
#834=EDGE_CURVE('',#1130,#1129,#78,.T.);
#835=EDGE_CURVE('',#1127,#1130,#1322,.T.);
#836=EDGE_CURVE('',#1131,#1132,#79,.T.);
#837=EDGE_CURVE('',#1132,#1133,#1323,.T.);
#838=EDGE_CURVE('',#1134,#1133,#80,.T.);
#839=EDGE_CURVE('',#1131,#1134,#1324,.T.);
#840=EDGE_CURVE('',#1135,#1136,#81,.T.);
#841=EDGE_CURVE('',#1135,#1137,#1325,.F.);
#842=EDGE_CURVE('',#1137,#1138,#82,.T.);
#843=EDGE_CURVE('',#1138,#1136,#1326,.T.);
#844=EDGE_CURVE('',#1139,#1140,#83,.T.);
#845=EDGE_CURVE('',#1139,#1141,#1327,.F.);
#846=EDGE_CURVE('',#1141,#1142,#84,.T.);
#847=EDGE_CURVE('',#1142,#1140,#1328,.T.);
#848=EDGE_CURVE('',#1143,#1144,#85,.T.);
#849=EDGE_CURVE('',#1144,#1145,#1329,.T.);
#850=EDGE_CURVE('',#1146,#1145,#86,.T.);
#851=EDGE_CURVE('',#1143,#1146,#1330,.T.);
#852=EDGE_CURVE('',#1147,#1148,#87,.T.);
#853=EDGE_CURVE('',#1148,#1149,#1331,.T.);
#854=EDGE_CURVE('',#1150,#1149,#88,.T.);
#855=EDGE_CURVE('',#1147,#1150,#1332,.T.);
#856=EDGE_CURVE('',#1151,#1152,#89,.T.);
#857=EDGE_CURVE('',#1151,#1153,#1333,.F.);
#858=EDGE_CURVE('',#1153,#1154,#90,.T.);
#859=EDGE_CURVE('',#1154,#1152,#1334,.T.);
#860=EDGE_CURVE('',#1155,#1156,#91,.T.);
#861=EDGE_CURVE('',#1155,#1157,#1335,.F.);
#862=EDGE_CURVE('',#1157,#1158,#92,.T.);
#863=EDGE_CURVE('',#1158,#1156,#1336,.T.);
#864=EDGE_CURVE('',#1159,#1160,#93,.T.);
#865=EDGE_CURVE('',#1160,#1161,#1337,.T.);
#866=EDGE_CURVE('',#1162,#1161,#94,.T.);
#867=EDGE_CURVE('',#1159,#1162,#1338,.T.);
#868=EDGE_CURVE('',#1119,#1129,#1339,.T.);
#869=EDGE_CURVE('',#1120,#1130,#1340,.T.);
#870=EDGE_CURVE('',#1135,#1145,#1341,.T.);
#871=EDGE_CURVE('',#1136,#1146,#1342,.T.);
#872=EDGE_CURVE('',#1151,#1161,#1343,.T.);
#873=EDGE_CURVE('',#1152,#1162,#1344,.T.);
#874=EDGE_CURVE('',#1104,#1109,#95,.T.);
#875=EDGE_CURVE('',#1110,#1106,#96,.T.);
#876=EDGE_CURVE('',#1102,#1114,#97,.T.);
#877=EDGE_CURVE('',#1112,#1101,#98,.T.);
#878=EDGE_CURVE('',#1099,#1163,#99,.T.);
#879=EDGE_CURVE('',#1164,#1100,#100,.T.);
#880=EDGE_CURVE('',#1165,#1164,#1345,.T.);
#881=EDGE_CURVE('',#1105,#1165,#101,.T.);
#882=EDGE_CURVE('',#1166,#1103,#102,.T.);
#883=EDGE_CURVE('',#1167,#1166,#1346,.T.);
#884=EDGE_CURVE('',#1168,#1167,#103,.T.);
#885=EDGE_CURVE('',#1169,#1168,#1347,.F.);
#886=EDGE_CURVE('',#1107,#1169,#104,.T.);
#887=EDGE_CURVE('',#1170,#1108,#105,.T.);
#888=EDGE_CURVE('',#1171,#1170,#1348,.F.);
#889=EDGE_CURVE('',#1113,#1171,#106,.T.);
#890=EDGE_CURVE('',#1172,#1111,#107,.T.);
#891=EDGE_CURVE('',#1173,#1172,#1349,.F.);
#892=EDGE_CURVE('',#1174,#1173,#108,.T.);
#893=EDGE_CURVE('',#1163,#1174,#1350,.T.);
#894=EDGE_CURVE('',#1124,#1118,#1351,.F.);
#895=EDGE_CURVE('',#1126,#1115,#1352,.F.);
#896=EDGE_CURVE('',#1122,#1127,#1353,.T.);
#897=EDGE_CURVE('',#1175,#1173,#1354,.T.);
#898=EDGE_CURVE('',#1176,#1172,#1355,.T.);
#899=EDGE_CURVE('',#1175,#1176,#1356,.F.);
#900=EDGE_CURVE('',#1177,#1174,#1357,.T.);
#901=EDGE_CURVE('',#1177,#1175,#109,.T.);
#902=EDGE_CURVE('',#1178,#1163,#1358,.T.);
#903=EDGE_CURVE('',#1178,#1177,#1359,.T.);
#904=EDGE_CURVE('',#1176,#1178,#110,.T.);
#905=EDGE_CURVE('',#1125,#1116,#1360,.F.);
#906=EDGE_CURVE('',#1121,#1128,#1361,.T.);
#907=EDGE_CURVE('',#1140,#1134,#1362,.F.);
#908=EDGE_CURVE('',#1142,#1131,#1363,.F.);
#909=EDGE_CURVE('',#1179,#1170,#1364,.T.);
#910=EDGE_CURVE('',#1180,#1165,#1365,.T.);
#911=EDGE_CURVE('',#1179,#1180,#111,.T.);
#912=EDGE_CURVE('',#1181,#1164,#1366,.T.);
#913=EDGE_CURVE('',#1180,#1181,#1367,.T.);
#914=EDGE_CURVE('',#1182,#1171,#1368,.T.);
#915=EDGE_CURVE('',#1181,#1182,#112,.T.);
#916=EDGE_CURVE('',#1182,#1179,#1369,.F.);
#917=EDGE_CURVE('',#1138,#1143,#1370,.T.);
#918=EDGE_CURVE('',#1137,#1144,#1371,.T.);
#919=EDGE_CURVE('',#1141,#1132,#1372,.F.);
#920=EDGE_CURVE('',#1156,#1150,#1373,.F.);
#921=EDGE_CURVE('',#1158,#1147,#1374,.F.);
#922=EDGE_CURVE('',#1154,#1159,#1375,.T.);
#923=EDGE_CURVE('',#1183,#1169,#1376,.T.);
#924=EDGE_CURVE('',#1184,#1168,#1377,.T.);
#925=EDGE_CURVE('',#1183,#1184,#1378,.F.);
#926=EDGE_CURVE('',#1185,#1166,#1379,.T.);
#927=EDGE_CURVE('',#1185,#1183,#113,.T.);
#928=EDGE_CURVE('',#1186,#1167,#1380,.T.);
#929=EDGE_CURVE('',#1186,#1185,#1381,.T.);
#930=EDGE_CURVE('',#1184,#1186,#114,.T.);
#931=EDGE_CURVE('',#1157,#1148,#1382,.F.);
#932=EDGE_CURVE('',#1153,#1160,#1383,.T.);
#933=EDGE_CURVE('',#1123,#1117,#1384,.F.);
#934=EDGE_CURVE('',#1139,#1133,#1385,.F.);
#935=EDGE_CURVE('',#1155,#1149,#1386,.F.);
#936=EDGE_CURVE('',#1187,#1188,#1387,.T.);
#937=EDGE_CURVE('',#1188,#1189,#1388,.T.);
#938=EDGE_CURVE('',#1190,#1189,#1389,.T.);
#939=EDGE_CURVE('',#1187,#1190,#1390,.T.);
#940=EDGE_CURVE('',#1191,#1192,#1391,.T.);
#941=EDGE_CURVE('',#1193,#1192,#1392,.T.);
#942=EDGE_CURVE('',#1194,#1193,#1393,.T.);
#943=EDGE_CURVE('',#1194,#1191,#1394,.T.);
#944=EDGE_CURVE('',#1195,#1196,#1395,.T.);
#945=EDGE_CURVE('',#1196,#1197,#1396,.T.);
#946=EDGE_CURVE('',#1198,#1197,#1397,.T.);
#947=EDGE_CURVE('',#1195,#1198,#1398,.T.);
#948=EDGE_CURVE('',#1199,#1200,#1399,.T.);
#949=EDGE_CURVE('',#1201,#1200,#1400,.T.);
#950=EDGE_CURVE('',#1202,#1201,#1401,.T.);
#951=EDGE_CURVE('',#1202,#1199,#1402,.T.);
#952=EDGE_CURVE('',#1203,#1204,#115,.T.);
#953=EDGE_CURVE('',#1203,#1205,#1403,.T.);
#954=EDGE_CURVE('',#1205,#1206,#116,.T.);
#955=EDGE_CURVE('',#1204,#1206,#1404,.T.);
#956=EDGE_CURVE('',#1207,#1208,#117,.T.);
#957=EDGE_CURVE('',#1209,#1208,#1405,.T.);
#958=EDGE_CURVE('',#1210,#1209,#118,.T.);
#959=EDGE_CURVE('',#1207,#1210,#1406,.F.);
#960=EDGE_CURVE('',#1211,#1212,#119,.T.);
#961=EDGE_CURVE('',#1213,#1212,#1407,.T.);
#962=EDGE_CURVE('',#1214,#1213,#120,.T.);
#963=EDGE_CURVE('',#1211,#1214,#1408,.F.);
#964=EDGE_CURVE('',#1215,#1216,#121,.T.);
#965=EDGE_CURVE('',#1215,#1217,#1409,.T.);
#966=EDGE_CURVE('',#1217,#1218,#122,.T.);
#967=EDGE_CURVE('',#1216,#1218,#1410,.T.);
#968=EDGE_CURVE('',#1219,#1220,#123,.T.);
#969=EDGE_CURVE('',#1219,#1221,#1411,.T.);
#970=EDGE_CURVE('',#1221,#1222,#124,.T.);
#971=EDGE_CURVE('',#1220,#1222,#1412,.T.);
#972=EDGE_CURVE('',#1223,#1224,#125,.T.);
#973=EDGE_CURVE('',#1225,#1224,#1413,.T.);
#974=EDGE_CURVE('',#1226,#1225,#126,.T.);
#975=EDGE_CURVE('',#1223,#1226,#1414,.F.);
#976=EDGE_CURVE('',#1227,#1228,#127,.T.);
#977=EDGE_CURVE('',#1229,#1228,#1415,.T.);
#978=EDGE_CURVE('',#1230,#1229,#128,.T.);
#979=EDGE_CURVE('',#1227,#1230,#1416,.F.);
#980=EDGE_CURVE('',#1231,#1232,#129,.T.);
#981=EDGE_CURVE('',#1231,#1233,#1417,.T.);
#982=EDGE_CURVE('',#1233,#1234,#130,.T.);
#983=EDGE_CURVE('',#1232,#1234,#1418,.T.);
#984=EDGE_CURVE('',#1235,#1236,#131,.T.);
#985=EDGE_CURVE('',#1235,#1237,#1419,.T.);
#986=EDGE_CURVE('',#1237,#1238,#132,.T.);
#987=EDGE_CURVE('',#1236,#1238,#1420,.T.);
#988=EDGE_CURVE('',#1239,#1240,#133,.T.);
#989=EDGE_CURVE('',#1241,#1240,#1421,.T.);
#990=EDGE_CURVE('',#1242,#1241,#134,.T.);
#991=EDGE_CURVE('',#1239,#1242,#1422,.F.);
#992=EDGE_CURVE('',#1243,#1244,#135,.T.);
#993=EDGE_CURVE('',#1245,#1244,#1423,.T.);
#994=EDGE_CURVE('',#1246,#1245,#136,.T.);
#995=EDGE_CURVE('',#1243,#1246,#1424,.F.);
#996=EDGE_CURVE('',#1247,#1248,#137,.T.);
#997=EDGE_CURVE('',#1247,#1249,#1425,.T.);
#998=EDGE_CURVE('',#1249,#1250,#138,.T.);
#999=EDGE_CURVE('',#1248,#1250,#1426,.T.);
#1000=EDGE_CURVE('',#1207,#1218,#1427,.T.);
#1001=EDGE_CURVE('',#1208,#1217,#1428,.T.);
#1002=EDGE_CURVE('',#1223,#1234,#1429,.T.);
#1003=EDGE_CURVE('',#1224,#1233,#1430,.T.);
#1004=EDGE_CURVE('',#1239,#1250,#1431,.T.);
#1005=EDGE_CURVE('',#1240,#1249,#1432,.T.);
#1006=EDGE_CURVE('',#1192,#1198,#139,.T.);
#1007=EDGE_CURVE('',#1197,#1193,#140,.T.);
#1008=EDGE_CURVE('',#1189,#1201,#141,.T.);
#1009=EDGE_CURVE('',#1200,#1190,#142,.T.);
#1010=EDGE_CURVE('',#1187,#1251,#143,.T.);
#1011=EDGE_CURVE('',#1251,#1252,#1433,.T.);
#1012=EDGE_CURVE('',#1252,#1253,#144,.T.);
#1013=EDGE_CURVE('',#1253,#1254,#1434,.F.);
#1014=EDGE_CURVE('',#1254,#1199,#145,.T.);
#1015=EDGE_CURVE('',#1202,#1255,#146,.T.);
#1016=EDGE_CURVE('',#1255,#1256,#1435,.F.);
#1017=EDGE_CURVE('',#1256,#1196,#147,.T.);
#1018=EDGE_CURVE('',#1195,#1257,#148,.T.);
#1019=EDGE_CURVE('',#1257,#1258,#1436,.F.);
#1020=EDGE_CURVE('',#1258,#1259,#149,.T.);
#1021=EDGE_CURVE('',#1259,#1260,#1437,.T.);
#1022=EDGE_CURVE('',#1260,#1191,#150,.T.);
#1023=EDGE_CURVE('',#1194,#1261,#151,.T.);
#1024=EDGE_CURVE('',#1261,#1262,#1438,.T.);
#1025=EDGE_CURVE('',#1262,#1188,#152,.T.);
#1026=EDGE_CURVE('',#1212,#1205,#1439,.F.);
#1027=EDGE_CURVE('',#1213,#1203,#1440,.F.);
#1028=EDGE_CURVE('',#1209,#1215,#1441,.T.);
#1029=EDGE_CURVE('',#1263,#1253,#1442,.T.);
#1030=EDGE_CURVE('',#1263,#1264,#1443,.F.);
#1031=EDGE_CURVE('',#1264,#1254,#1444,.T.);
#1032=EDGE_CURVE('',#1265,#1252,#1445,.T.);
#1033=EDGE_CURVE('',#1265,#1263,#153,.T.);
#1034=EDGE_CURVE('',#1266,#1251,#1446,.T.);
#1035=EDGE_CURVE('',#1266,#1265,#1447,.T.);
#1036=EDGE_CURVE('',#1264,#1266,#154,.T.);
#1037=EDGE_CURVE('',#1214,#1204,#1448,.F.);
#1038=EDGE_CURVE('',#1210,#1216,#1449,.T.);
#1039=EDGE_CURVE('',#1228,#1221,#1450,.F.);
#1040=EDGE_CURVE('',#1229,#1219,#1451,.F.);
#1041=EDGE_CURVE('',#1267,#1256,#1452,.T.);
#1042=EDGE_CURVE('',#1267,#1268,#155,.T.);
#1043=EDGE_CURVE('',#1268,#1261,#1453,.T.);
#1044=EDGE_CURVE('',#1268,#1269,#1454,.T.);
#1045=EDGE_CURVE('',#1269,#1262,#1455,.T.);
#1046=EDGE_CURVE('',#1269,#1270,#156,.T.);
#1047=EDGE_CURVE('',#1270,#1255,#1456,.T.);
#1048=EDGE_CURVE('',#1270,#1267,#1457,.F.);
#1049=EDGE_CURVE('',#1225,#1231,#1458,.T.);
#1050=EDGE_CURVE('',#1226,#1232,#1459,.T.);
#1051=EDGE_CURVE('',#1230,#1220,#1460,.F.);
#1052=EDGE_CURVE('',#1244,#1237,#1461,.F.);
#1053=EDGE_CURVE('',#1245,#1235,#1462,.F.);
#1054=EDGE_CURVE('',#1241,#1247,#1463,.T.);
#1055=EDGE_CURVE('',#1271,#1257,#1464,.T.);
#1056=EDGE_CURVE('',#1271,#1272,#1465,.F.);
#1057=EDGE_CURVE('',#1272,#1258,#1466,.T.);
#1058=EDGE_CURVE('',#1273,#1260,#1467,.T.);
#1059=EDGE_CURVE('',#1273,#1271,#157,.T.);
#1060=EDGE_CURVE('',#1274,#1259,#1468,.T.);
#1061=EDGE_CURVE('',#1274,#1273,#1469,.T.);
#1062=EDGE_CURVE('',#1272,#1274,#158,.T.);
#1063=EDGE_CURVE('',#1246,#1236,#1470,.F.);
#1064=EDGE_CURVE('',#1242,#1248,#1471,.T.);
#1065=EDGE_CURVE('',#1211,#1206,#1472,.F.);
#1066=EDGE_CURVE('',#1227,#1222,#1473,.F.);
#1067=EDGE_CURVE('',#1243,#1238,#1474,.F.);
#1068=VERTEX_POINT('',#3085);
#1069=VERTEX_POINT('',#3086);
#1070=VERTEX_POINT('',#3088);
#1071=VERTEX_POINT('',#3090);
#1072=VERTEX_POINT('',#3094);
#1073=VERTEX_POINT('',#3096);
#1074=VERTEX_POINT('',#3100);
#1075=VERTEX_POINT('',#3102);
#1076=VERTEX_POINT('',#3106);
#1077=VERTEX_POINT('',#3108);
#1078=VERTEX_POINT('',#3112);
#1079=VERTEX_POINT('',#3114);
#1080=VERTEX_POINT('',#3116);
#1081=VERTEX_POINT('',#3120);
#1082=VERTEX_POINT('',#3122);
#1083=VERTEX_POINT('',#3126);
#1084=VERTEX_POINT('',#3128);
#1085=VERTEX_POINT('',#3135);
#1086=VERTEX_POINT('',#3137);
#1087=VERTEX_POINT('',#3139);
#1088=VERTEX_POINT('',#3142);
#1089=VERTEX_POINT('',#3144);
#1090=VERTEX_POINT('',#3146);
#1091=VERTEX_POINT('',#3149);
#1092=VERTEX_POINT('',#3152);
#1093=VERTEX_POINT('',#3155);
#1094=VERTEX_POINT('',#3158);
#1095=VERTEX_POINT('',#3161);
#1096=VERTEX_POINT('',#3164);
#1097=VERTEX_POINT('',#3167);
#1098=VERTEX_POINT('',#3170);
#1099=VERTEX_POINT('',#3174);
#1100=VERTEX_POINT('',#3175);
#1101=VERTEX_POINT('',#3177);
#1102=VERTEX_POINT('',#3179);
#1103=VERTEX_POINT('',#3183);
#1104=VERTEX_POINT('',#3184);
#1105=VERTEX_POINT('',#3186);
#1106=VERTEX_POINT('',#3188);
#1107=VERTEX_POINT('',#3192);
#1108=VERTEX_POINT('',#3193);
#1109=VERTEX_POINT('',#3195);
#1110=VERTEX_POINT('',#3197);
#1111=VERTEX_POINT('',#3201);
#1112=VERTEX_POINT('',#3202);
#1113=VERTEX_POINT('',#3204);
#1114=VERTEX_POINT('',#3206);
#1115=VERTEX_POINT('',#3210);
#1116=VERTEX_POINT('',#3211);
#1117=VERTEX_POINT('',#3213);
#1118=VERTEX_POINT('',#3215);
#1119=VERTEX_POINT('',#3219);
#1120=VERTEX_POINT('',#3220);
#1121=VERTEX_POINT('',#3222);
#1122=VERTEX_POINT('',#3224);
#1123=VERTEX_POINT('',#3228);
#1124=VERTEX_POINT('',#3229);
#1125=VERTEX_POINT('',#3231);
#1126=VERTEX_POINT('',#3233);
#1127=VERTEX_POINT('',#3237);
#1128=VERTEX_POINT('',#3238);
#1129=VERTEX_POINT('',#3240);
#1130=VERTEX_POINT('',#3242);
#1131=VERTEX_POINT('',#3246);
#1132=VERTEX_POINT('',#3247);
#1133=VERTEX_POINT('',#3249);
#1134=VERTEX_POINT('',#3251);
#1135=VERTEX_POINT('',#3255);
#1136=VERTEX_POINT('',#3256);
#1137=VERTEX_POINT('',#3258);
#1138=VERTEX_POINT('',#3260);
#1139=VERTEX_POINT('',#3264);
#1140=VERTEX_POINT('',#3265);
#1141=VERTEX_POINT('',#3267);
#1142=VERTEX_POINT('',#3269);
#1143=VERTEX_POINT('',#3273);
#1144=VERTEX_POINT('',#3274);
#1145=VERTEX_POINT('',#3276);
#1146=VERTEX_POINT('',#3278);
#1147=VERTEX_POINT('',#3282);
#1148=VERTEX_POINT('',#3283);
#1149=VERTEX_POINT('',#3285);
#1150=VERTEX_POINT('',#3287);
#1151=VERTEX_POINT('',#3291);
#1152=VERTEX_POINT('',#3292);
#1153=VERTEX_POINT('',#3294);
#1154=VERTEX_POINT('',#3296);
#1155=VERTEX_POINT('',#3300);
#1156=VERTEX_POINT('',#3301);
#1157=VERTEX_POINT('',#3303);
#1158=VERTEX_POINT('',#3305);
#1159=VERTEX_POINT('',#3309);
#1160=VERTEX_POINT('',#3310);
#1161=VERTEX_POINT('',#3312);
#1162=VERTEX_POINT('',#3314);
#1163=VERTEX_POINT('',#3333);
#1164=VERTEX_POINT('',#3335);
#1165=VERTEX_POINT('',#3337);
#1166=VERTEX_POINT('',#3340);
#1167=VERTEX_POINT('',#3342);
#1168=VERTEX_POINT('',#3344);
#1169=VERTEX_POINT('',#3346);
#1170=VERTEX_POINT('',#3349);
#1171=VERTEX_POINT('',#3351);
#1172=VERTEX_POINT('',#3354);
#1173=VERTEX_POINT('',#3356);
#1174=VERTEX_POINT('',#3358);
#1175=VERTEX_POINT('',#3367);
#1176=VERTEX_POINT('',#3369);
#1177=VERTEX_POINT('',#3373);
#1178=VERTEX_POINT('',#3377);
#1179=VERTEX_POINT('',#3389);
#1180=VERTEX_POINT('',#3391);
#1181=VERTEX_POINT('',#3395);
#1182=VERTEX_POINT('',#3399);
#1183=VERTEX_POINT('',#3415);
#1184=VERTEX_POINT('',#3417);
#1185=VERTEX_POINT('',#3421);
#1186=VERTEX_POINT('',#3425);
#1187=VERTEX_POINT('',#3446);
#1188=VERTEX_POINT('',#3447);
#1189=VERTEX_POINT('',#3449);
#1190=VERTEX_POINT('',#3451);
#1191=VERTEX_POINT('',#3455);
#1192=VERTEX_POINT('',#3456);
#1193=VERTEX_POINT('',#3458);
#1194=VERTEX_POINT('',#3460);
#1195=VERTEX_POINT('',#3464);
#1196=VERTEX_POINT('',#3465);
#1197=VERTEX_POINT('',#3467);
#1198=VERTEX_POINT('',#3469);
#1199=VERTEX_POINT('',#3473);
#1200=VERTEX_POINT('',#3474);
#1201=VERTEX_POINT('',#3476);
#1202=VERTEX_POINT('',#3478);
#1203=VERTEX_POINT('',#3482);
#1204=VERTEX_POINT('',#3483);
#1205=VERTEX_POINT('',#3485);
#1206=VERTEX_POINT('',#3487);
#1207=VERTEX_POINT('',#3491);
#1208=VERTEX_POINT('',#3492);
#1209=VERTEX_POINT('',#3494);
#1210=VERTEX_POINT('',#3496);
#1211=VERTEX_POINT('',#3500);
#1212=VERTEX_POINT('',#3501);
#1213=VERTEX_POINT('',#3503);
#1214=VERTEX_POINT('',#3505);
#1215=VERTEX_POINT('',#3509);
#1216=VERTEX_POINT('',#3510);
#1217=VERTEX_POINT('',#3512);
#1218=VERTEX_POINT('',#3514);
#1219=VERTEX_POINT('',#3518);
#1220=VERTEX_POINT('',#3519);
#1221=VERTEX_POINT('',#3521);
#1222=VERTEX_POINT('',#3523);
#1223=VERTEX_POINT('',#3527);
#1224=VERTEX_POINT('',#3528);
#1225=VERTEX_POINT('',#3530);
#1226=VERTEX_POINT('',#3532);
#1227=VERTEX_POINT('',#3536);
#1228=VERTEX_POINT('',#3537);
#1229=VERTEX_POINT('',#3539);
#1230=VERTEX_POINT('',#3541);
#1231=VERTEX_POINT('',#3545);
#1232=VERTEX_POINT('',#3546);
#1233=VERTEX_POINT('',#3548);
#1234=VERTEX_POINT('',#3550);
#1235=VERTEX_POINT('',#3554);
#1236=VERTEX_POINT('',#3555);
#1237=VERTEX_POINT('',#3557);
#1238=VERTEX_POINT('',#3559);
#1239=VERTEX_POINT('',#3563);
#1240=VERTEX_POINT('',#3564);
#1241=VERTEX_POINT('',#3566);
#1242=VERTEX_POINT('',#3568);
#1243=VERTEX_POINT('',#3572);
#1244=VERTEX_POINT('',#3573);
#1245=VERTEX_POINT('',#3575);
#1246=VERTEX_POINT('',#3577);
#1247=VERTEX_POINT('',#3581);
#1248=VERTEX_POINT('',#3582);
#1249=VERTEX_POINT('',#3584);
#1250=VERTEX_POINT('',#3586);
#1251=VERTEX_POINT('',#3605);
#1252=VERTEX_POINT('',#3607);
#1253=VERTEX_POINT('',#3609);
#1254=VERTEX_POINT('',#3611);
#1255=VERTEX_POINT('',#3614);
#1256=VERTEX_POINT('',#3616);
#1257=VERTEX_POINT('',#3619);
#1258=VERTEX_POINT('',#3621);
#1259=VERTEX_POINT('',#3623);
#1260=VERTEX_POINT('',#3625);
#1261=VERTEX_POINT('',#3628);
#1262=VERTEX_POINT('',#3630);
#1263=VERTEX_POINT('',#3639);
#1264=VERTEX_POINT('',#3641);
#1265=VERTEX_POINT('',#3645);
#1266=VERTEX_POINT('',#3649);
#1267=VERTEX_POINT('',#3661);
#1268=VERTEX_POINT('',#3663);
#1269=VERTEX_POINT('',#3667);
#1270=VERTEX_POINT('',#3671);
#1271=VERTEX_POINT('',#3687);
#1272=VERTEX_POINT('',#3689);
#1273=VERTEX_POINT('',#3693);
#1274=VERTEX_POINT('',#3697);
#1275=LINE('',#3084,#1475);
#1276=LINE('',#3087,#1476);
#1277=LINE('',#3089,#1477);
#1278=LINE('',#3091,#1478);
#1279=LINE('',#3093,#1479);
#1280=LINE('',#3095,#1480);
#1281=LINE('',#3097,#1481);
#1282=LINE('',#3099,#1482);
#1283=LINE('',#3101,#1483);
#1284=LINE('',#3103,#1484);
#1285=LINE('',#3105,#1485);
#1286=LINE('',#3107,#1486);
#1287=LINE('',#3109,#1487);
#1288=LINE('',#3113,#1488);
#1289=LINE('',#3115,#1489);
#1290=LINE('',#3117,#1490);
#1291=LINE('',#3119,#1491);
#1292=LINE('',#3121,#1492);
#1293=LINE('',#3123,#1493);
#1294=LINE('',#3125,#1494);
#1295=LINE('',#3127,#1495);
#1296=LINE('',#3129,#1496);
#1297=LINE('',#3131,#1497);
#1298=LINE('',#3132,#1498);
#1299=LINE('',#3173,#1499);
#1300=LINE('',#3176,#1500);
#1301=LINE('',#3178,#1501);
#1302=LINE('',#3180,#1502);
#1303=LINE('',#3182,#1503);
#1304=LINE('',#3185,#1504);
#1305=LINE('',#3187,#1505);
#1306=LINE('',#3189,#1506);
#1307=LINE('',#3191,#1507);
#1308=LINE('',#3194,#1508);
#1309=LINE('',#3196,#1509);
#1310=LINE('',#3198,#1510);
#1311=LINE('',#3200,#1511);
#1312=LINE('',#3203,#1512);
#1313=LINE('',#3205,#1513);
#1314=LINE('',#3207,#1514);
#1315=LINE('',#3212,#1515);
#1316=LINE('',#3216,#1516);
#1317=LINE('',#3221,#1517);
#1318=LINE('',#3225,#1518);
#1319=LINE('',#3230,#1519);
#1320=LINE('',#3234,#1520);
#1321=LINE('',#3239,#1521);
#1322=LINE('',#3243,#1522);
#1323=LINE('',#3248,#1523);
#1324=LINE('',#3252,#1524);
#1325=LINE('',#3257,#1525);
#1326=LINE('',#3261,#1526);
#1327=LINE('',#3266,#1527);
#1328=LINE('',#3270,#1528);
#1329=LINE('',#3275,#1529);
#1330=LINE('',#3279,#1530);
#1331=LINE('',#3284,#1531);
#1332=LINE('',#3288,#1532);
#1333=LINE('',#3293,#1533);
#1334=LINE('',#3297,#1534);
#1335=LINE('',#3302,#1535);
#1336=LINE('',#3306,#1536);
#1337=LINE('',#3311,#1537);
#1338=LINE('',#3315,#1538);
#1339=LINE('',#3317,#1539);
#1340=LINE('',#3318,#1540);
#1341=LINE('',#3320,#1541);
#1342=LINE('',#3321,#1542);
#1343=LINE('',#3323,#1543);
#1344=LINE('',#3324,#1544);
#1345=LINE('',#3336,#1545);
#1346=LINE('',#3341,#1546);
#1347=LINE('',#3345,#1547);
#1348=LINE('',#3350,#1548);
#1349=LINE('',#3355,#1549);
#1350=LINE('',#3359,#1550);
#1351=LINE('',#3361,#1551);
#1352=LINE('',#3362,#1552);
#1353=LINE('',#3364,#1553);
#1354=LINE('',#3366,#1554);
#1355=LINE('',#3368,#1555);
#1356=LINE('',#3370,#1556);
#1357=LINE('',#3372,#1557);
#1358=LINE('',#3376,#1558);
#1359=LINE('',#3378,#1559);
#1360=LINE('',#3382,#1560);
#1361=LINE('',#3383,#1561);
#1362=LINE('',#3385,#1562);
#1363=LINE('',#3386,#1563);
#1364=LINE('',#3388,#1564);
#1365=LINE('',#3390,#1565);
#1366=LINE('',#3394,#1566);
#1367=LINE('',#3396,#1567);
#1368=LINE('',#3398,#1568);
#1369=LINE('',#3402,#1569);
#1370=LINE('',#3404,#1570);
#1371=LINE('',#3406,#1571);
#1372=LINE('',#3407,#1572);
#1373=LINE('',#3409,#1573);
#1374=LINE('',#3410,#1574);
#1375=LINE('',#3412,#1575);
#1376=LINE('',#3414,#1576);
#1377=LINE('',#3416,#1577);
#1378=LINE('',#3418,#1578);
#1379=LINE('',#3420,#1579);
#1380=LINE('',#3424,#1580);
#1381=LINE('',#3426,#1581);
#1382=LINE('',#3430,#1582);
#1383=LINE('',#3431,#1583);
#1384=LINE('',#3433,#1584);
#1385=LINE('',#3435,#1585);
#1386=LINE('',#3437,#1586);
#1387=LINE('',#3445,#1587);
#1388=LINE('',#3448,#1588);
#1389=LINE('',#3450,#1589);
#1390=LINE('',#3452,#1590);
#1391=LINE('',#3454,#1591);
#1392=LINE('',#3457,#1592);
#1393=LINE('',#3459,#1593);
#1394=LINE('',#3461,#1594);
#1395=LINE('',#3463,#1595);
#1396=LINE('',#3466,#1596);
#1397=LINE('',#3468,#1597);
#1398=LINE('',#3470,#1598);
#1399=LINE('',#3472,#1599);
#1400=LINE('',#3475,#1600);
#1401=LINE('',#3477,#1601);
#1402=LINE('',#3479,#1602);
#1403=LINE('',#3484,#1603);
#1404=LINE('',#3488,#1604);
#1405=LINE('',#3493,#1605);
#1406=LINE('',#3497,#1606);
#1407=LINE('',#3502,#1607);
#1408=LINE('',#3506,#1608);
#1409=LINE('',#3511,#1609);
#1410=LINE('',#3515,#1610);
#1411=LINE('',#3520,#1611);
#1412=LINE('',#3524,#1612);
#1413=LINE('',#3529,#1613);
#1414=LINE('',#3533,#1614);
#1415=LINE('',#3538,#1615);
#1416=LINE('',#3542,#1616);
#1417=LINE('',#3547,#1617);
#1418=LINE('',#3551,#1618);
#1419=LINE('',#3556,#1619);
#1420=LINE('',#3560,#1620);
#1421=LINE('',#3565,#1621);
#1422=LINE('',#3569,#1622);
#1423=LINE('',#3574,#1623);
#1424=LINE('',#3578,#1624);
#1425=LINE('',#3583,#1625);
#1426=LINE('',#3587,#1626);
#1427=LINE('',#3589,#1627);
#1428=LINE('',#3590,#1628);
#1429=LINE('',#3592,#1629);
#1430=LINE('',#3593,#1630);
#1431=LINE('',#3595,#1631);
#1432=LINE('',#3596,#1632);
#1433=LINE('',#3606,#1633);
#1434=LINE('',#3610,#1634);
#1435=LINE('',#3615,#1635);
#1436=LINE('',#3620,#1636);
#1437=LINE('',#3624,#1637);
#1438=LINE('',#3629,#1638);
#1439=LINE('',#3633,#1639);
#1440=LINE('',#3634,#1640);
#1441=LINE('',#3636,#1641);
#1442=LINE('',#3638,#1642);
#1443=LINE('',#3640,#1643);
#1444=LINE('',#3642,#1644);
#1445=LINE('',#3644,#1645);
#1446=LINE('',#3648,#1646);
#1447=LINE('',#3650,#1647);
#1448=LINE('',#3654,#1648);
#1449=LINE('',#3655,#1649);
#1450=LINE('',#3657,#1650);
#1451=LINE('',#3658,#1651);
#1452=LINE('',#3660,#1652);
#1453=LINE('',#3664,#1653);
#1454=LINE('',#3666,#1654);
#1455=LINE('',#3668,#1655);
#1456=LINE('',#3672,#1656);
#1457=LINE('',#3674,#1657);
#1458=LINE('',#3676,#1658);
#1459=LINE('',#3678,#1659);
#1460=LINE('',#3679,#1660);
#1461=LINE('',#3681,#1661);
#1462=LINE('',#3682,#1662);
#1463=LINE('',#3684,#1663);
#1464=LINE('',#3686,#1664);
#1465=LINE('',#3688,#1665);
#1466=LINE('',#3690,#1666);
#1467=LINE('',#3692,#1667);
#1468=LINE('',#3696,#1668);
#1469=LINE('',#3698,#1669);
#1470=LINE('',#3702,#1670);
#1471=LINE('',#3703,#1671);
#1472=LINE('',#3705,#1672);
#1473=LINE('',#3707,#1673);
#1474=LINE('',#3709,#1674);
#1475=VECTOR('',#2432,1.);
#1476=VECTOR('',#2433,1.);
#1477=VECTOR('',#2434,1.);
#1478=VECTOR('',#2435,1.);
#1479=VECTOR('',#2438,1.);
#1480=VECTOR('',#2439,1.);
#1481=VECTOR('',#2440,1.);
#1482=VECTOR('',#2443,1.);
#1483=VECTOR('',#2444,1.);
#1484=VECTOR('',#2445,1.);
#1485=VECTOR('',#2448,1.);
#1486=VECTOR('',#2449,1.);
#1487=VECTOR('',#2450,1.);
#1488=VECTOR('',#2455,1.);
#1489=VECTOR('',#2456,1.);
#1490=VECTOR('',#2457,1.);
#1491=VECTOR('',#2460,1.);
#1492=VECTOR('',#2461,1.);
#1493=VECTOR('',#2462,1.);
#1494=VECTOR('',#2465,1.);
#1495=VECTOR('',#2466,1.);
#1496=VECTOR('',#2467,1.);
#1497=VECTOR('',#2470,1.);
#1498=VECTOR('',#2471,1.);
#1499=VECTOR('',#2524,1.);
#1500=VECTOR('',#2525,1.);
#1501=VECTOR('',#2526,1.);
#1502=VECTOR('',#2527,1.);
#1503=VECTOR('',#2530,1.);
#1504=VECTOR('',#2531,1.);
#1505=VECTOR('',#2532,1.);
#1506=VECTOR('',#2533,1.);
#1507=VECTOR('',#2536,1.);
#1508=VECTOR('',#2537,1.);
#1509=VECTOR('',#2538,1.);
#1510=VECTOR('',#2539,1.);
#1511=VECTOR('',#2542,1.);
#1512=VECTOR('',#2543,1.);
#1513=VECTOR('',#2544,1.);
#1514=VECTOR('',#2545,1.);
#1515=VECTOR('',#2550,1.);
#1516=VECTOR('',#2553,1.);
#1517=VECTOR('',#2558,1.);
#1518=VECTOR('',#2561,1.);
#1519=VECTOR('',#2566,1.);
#1520=VECTOR('',#2569,1.);
#1521=VECTOR('',#2574,1.);
#1522=VECTOR('',#2577,1.);
#1523=VECTOR('',#2582,1.);
#1524=VECTOR('',#2585,1.);
#1525=VECTOR('',#2590,1.);
#1526=VECTOR('',#2593,1.);
#1527=VECTOR('',#2598,1.);
#1528=VECTOR('',#2601,1.);
#1529=VECTOR('',#2606,1.);
#1530=VECTOR('',#2609,1.);
#1531=VECTOR('',#2614,1.);
#1532=VECTOR('',#2617,1.);
#1533=VECTOR('',#2622,1.);
#1534=VECTOR('',#2625,1.);
#1535=VECTOR('',#2630,1.);
#1536=VECTOR('',#2633,1.);
#1537=VECTOR('',#2638,1.);
#1538=VECTOR('',#2641,1.);
#1539=VECTOR('',#2644,1.);
#1540=VECTOR('',#2645,1.);
#1541=VECTOR('',#2648,1.);
#1542=VECTOR('',#2649,1.);
#1543=VECTOR('',#2652,1.);
#1544=VECTOR('',#2653,1.);
#1545=VECTOR('',#2672,1.);
#1546=VECTOR('',#2677,1.);
#1547=VECTOR('',#2680,1.);
#1548=VECTOR('',#2685,1.);
#1549=VECTOR('',#2690,1.);
#1550=VECTOR('',#2693,1.);
#1551=VECTOR('',#2696,1.);
#1552=VECTOR('',#2697,1.);
#1553=VECTOR('',#2700,1.);
#1554=VECTOR('',#2703,1.);
#1555=VECTOR('',#2704,1.);
#1556=VECTOR('',#2705,1.);
#1557=VECTOR('',#2708,1.);
#1558=VECTOR('',#2713,1.);
#1559=VECTOR('',#2714,1.);
#1560=VECTOR('',#2721,1.);
#1561=VECTOR('',#2722,1.);
#1562=VECTOR('',#2725,1.);
#1563=VECTOR('',#2726,1.);
#1564=VECTOR('',#2729,1.);
#1565=VECTOR('',#2730,1.);
#1566=VECTOR('',#2735,1.);
#1567=VECTOR('',#2736,1.);
#1568=VECTOR('',#2739,1.);
#1569=VECTOR('',#2744,1.);
#1570=VECTOR('',#2747,1.);
#1571=VECTOR('',#2750,1.);
#1572=VECTOR('',#2751,1.);
#1573=VECTOR('',#2754,1.);
#1574=VECTOR('',#2755,1.);
#1575=VECTOR('',#2758,1.);
#1576=VECTOR('',#2761,1.);
#1577=VECTOR('',#2762,1.);
#1578=VECTOR('',#2763,1.);
#1579=VECTOR('',#2766,1.);
#1580=VECTOR('',#2771,1.);
#1581=VECTOR('',#2772,1.);
#1582=VECTOR('',#2779,1.);
#1583=VECTOR('',#2780,1.);
#1584=VECTOR('',#2783,1.);
#1585=VECTOR('',#2786,1.);
#1586=VECTOR('',#2789,1.);
#1587=VECTOR('',#2804,1.);
#1588=VECTOR('',#2805,1.);
#1589=VECTOR('',#2806,1.);
#1590=VECTOR('',#2807,1.);
#1591=VECTOR('',#2810,1.);
#1592=VECTOR('',#2811,1.);
#1593=VECTOR('',#2812,1.);
#1594=VECTOR('',#2813,1.);
#1595=VECTOR('',#2816,1.);
#1596=VECTOR('',#2817,1.);
#1597=VECTOR('',#2818,1.);
#1598=VECTOR('',#2819,1.);
#1599=VECTOR('',#2822,1.);
#1600=VECTOR('',#2823,1.);
#1601=VECTOR('',#2824,1.);
#1602=VECTOR('',#2825,1.);
#1603=VECTOR('',#2830,1.);
#1604=VECTOR('',#2833,1.);
#1605=VECTOR('',#2838,1.);
#1606=VECTOR('',#2841,1.);
#1607=VECTOR('',#2846,1.);
#1608=VECTOR('',#2849,1.);
#1609=VECTOR('',#2854,1.);
#1610=VECTOR('',#2857,1.);
#1611=VECTOR('',#2862,1.);
#1612=VECTOR('',#2865,1.);
#1613=VECTOR('',#2870,1.);
#1614=VECTOR('',#2873,1.);
#1615=VECTOR('',#2878,1.);
#1616=VECTOR('',#2881,1.);
#1617=VECTOR('',#2886,1.);
#1618=VECTOR('',#2889,1.);
#1619=VECTOR('',#2894,1.);
#1620=VECTOR('',#2897,1.);
#1621=VECTOR('',#2902,1.);
#1622=VECTOR('',#2905,1.);
#1623=VECTOR('',#2910,1.);
#1624=VECTOR('',#2913,1.);
#1625=VECTOR('',#2918,1.);
#1626=VECTOR('',#2921,1.);
#1627=VECTOR('',#2924,1.);
#1628=VECTOR('',#2925,1.);
#1629=VECTOR('',#2928,1.);
#1630=VECTOR('',#2929,1.);
#1631=VECTOR('',#2932,1.);
#1632=VECTOR('',#2933,1.);
#1633=VECTOR('',#2950,1.);
#1634=VECTOR('',#2953,1.);
#1635=VECTOR('',#2958,1.);
#1636=VECTOR('',#2963,1.);
#1637=VECTOR('',#2966,1.);
#1638=VECTOR('',#2971,1.);
#1639=VECTOR('',#2976,1.);
#1640=VECTOR('',#2977,1.);
#1641=VECTOR('',#2980,1.);
#1642=VECTOR('',#2983,1.);
#1643=VECTOR('',#2984,1.);
#1644=VECTOR('',#2985,1.);
#1645=VECTOR('',#2988,1.);
#1646=VECTOR('',#2993,1.);
#1647=VECTOR('',#2994,1.);
#1648=VECTOR('',#3001,1.);
#1649=VECTOR('',#3002,1.);
#1650=VECTOR('',#3005,1.);
#1651=VECTOR('',#3006,1.);
#1652=VECTOR('',#3009,1.);
#1653=VECTOR('',#3012,1.);
#1654=VECTOR('',#3015,1.);
#1655=VECTOR('',#3016,1.);
#1656=VECTOR('',#3021,1.);
#1657=VECTOR('',#3024,1.);
#1658=VECTOR('',#3027,1.);
#1659=VECTOR('',#3030,1.);
#1660=VECTOR('',#3031,1.);
#1661=VECTOR('',#3034,1.);
#1662=VECTOR('',#3035,1.);
#1663=VECTOR('',#3038,1.);
#1664=VECTOR('',#3041,1.);
#1665=VECTOR('',#3042,1.);
#1666=VECTOR('',#3043,1.);
#1667=VECTOR('',#3046,1.);
#1668=VECTOR('',#3051,1.);
#1669=VECTOR('',#3052,1.);
#1670=VECTOR('',#3059,1.);
#1671=VECTOR('',#3060,1.);
#1672=VECTOR('',#3063,1.);
#1673=VECTOR('',#3066,1.);
#1674=VECTOR('',#3069,1.);
#1675=EDGE_LOOP('',(#159,#160,#161,#162));
#1676=EDGE_LOOP('',(#163,#164,#165,#166));
#1677=EDGE_LOOP('',(#167,#168,#169,#170));
#1678=EDGE_LOOP('',(#171,#172,#173,#174));
#1679=EDGE_LOOP('',(#175));
#1680=EDGE_LOOP('',(#176,#177,#178,#179));
#1681=EDGE_LOOP('',(#180,#181,#182,#183));
#1682=EDGE_LOOP('',(#184,#185,#186,#187));
#1683=EDGE_LOOP('',(#188,#189,#190,#191));
#1684=EDGE_LOOP('',(#192));
#1685=EDGE_LOOP('',(#193));
#1686=EDGE_LOOP('',(#194));
#1687=EDGE_LOOP('',(#195,#196,#197,#198,#199,#200,#201,#202));
#1688=EDGE_LOOP('',(#203));
#1689=EDGE_LOOP('',(#204));
#1690=EDGE_LOOP('',(#205));
#1691=EDGE_LOOP('',(#206,#207,#208,#209,#210,#211,#212,#213));
#1692=EDGE_LOOP('',(#214));
#1693=EDGE_LOOP('',(#215));
#1694=EDGE_LOOP('',(#216));
#1695=EDGE_LOOP('',(#217));
#1696=EDGE_LOOP('',(#218));
#1697=EDGE_LOOP('',(#219));
#1698=EDGE_LOOP('',(#220));
#1699=EDGE_LOOP('',(#221));
#1700=EDGE_LOOP('',(#222));
#1701=EDGE_LOOP('',(#223));
#1702=EDGE_LOOP('',(#224));
#1703=EDGE_LOOP('',(#225));
#1704=EDGE_LOOP('',(#226));
#1705=EDGE_LOOP('',(#227));
#1706=EDGE_LOOP('',(#228));
#1707=EDGE_LOOP('',(#229));
#1708=EDGE_LOOP('',(#230));
#1709=EDGE_LOOP('',(#231,#232,#233,#234));
#1710=EDGE_LOOP('',(#235,#236,#237,#238));
#1711=EDGE_LOOP('',(#239,#240,#241,#242));
#1712=EDGE_LOOP('',(#243,#244,#245,#246));
#1713=EDGE_LOOP('',(#247,#248,#249,#250));
#1714=EDGE_LOOP('',(#251,#252,#253,#254));
#1715=EDGE_LOOP('',(#255,#256,#257,#258));
#1716=EDGE_LOOP('',(#259,#260,#261,#262));
#1717=EDGE_LOOP('',(#263,#264,#265,#266));
#1718=EDGE_LOOP('',(#267,#268,#269,#270));
#1719=EDGE_LOOP('',(#271,#272,#273,#274));
#1720=EDGE_LOOP('',(#275,#276,#277,#278));
#1721=EDGE_LOOP('',(#279,#280,#281,#282));
#1722=EDGE_LOOP('',(#283,#284,#285,#286));
#1723=EDGE_LOOP('',(#287,#288,#289,#290));
#1724=EDGE_LOOP('',(#291,#292,#293,#294));
#1725=EDGE_LOOP('',(#295,#296,#297,#298));
#1726=EDGE_LOOP('',(#299,#300,#301,#302));
#1727=EDGE_LOOP('',(#303,#304,#305,#306));
#1728=EDGE_LOOP('',(#307,#308,#309,#310));
#1729=EDGE_LOOP('',(#311,#312,#313,#314));
#1730=EDGE_LOOP('',(#315));
#1731=EDGE_LOOP('',(#316));
#1732=EDGE_LOOP('',(#317));
#1733=EDGE_LOOP('',(#318,#319,#320,#321,#322,#323,#324,#325,#326,#327,#328,
#329,#330,#331,#332,#333,#334,#335,#336,#337));
#1734=EDGE_LOOP('',(#338,#339,#340,#341));
#1735=EDGE_LOOP('',(#342,#343,#344,#345));
#1736=EDGE_LOOP('',(#346,#347,#348,#349));
#1737=EDGE_LOOP('',(#350,#351,#352,#353));
#1738=EDGE_LOOP('',(#354,#355,#356,#357));
#1739=EDGE_LOOP('',(#358,#359,#360,#361,#362,#363,#364,#365));
#1740=EDGE_LOOP('',(#366,#367,#368,#369));
#1741=EDGE_LOOP('',(#370,#371,#372,#373));
#1742=EDGE_LOOP('',(#374,#375,#376,#377));
#1743=EDGE_LOOP('',(#378,#379,#380,#381));
#1744=EDGE_LOOP('',(#382,#383,#384,#385,#386,#387,#388,#389));
#1745=EDGE_LOOP('',(#390,#391,#392,#393));
#1746=EDGE_LOOP('',(#394,#395,#396,#397,#398,#399,#400,#401));
#1747=EDGE_LOOP('',(#402,#403,#404,#405));
#1748=EDGE_LOOP('',(#406,#407,#408,#409));
#1749=EDGE_LOOP('',(#410,#411,#412,#413));
#1750=EDGE_LOOP('',(#414,#415,#416,#417));
#1751=EDGE_LOOP('',(#418,#419,#420,#421));
#1752=EDGE_LOOP('',(#422,#423,#424,#425));
#1753=EDGE_LOOP('',(#426,#427,#428,#429));
#1754=EDGE_LOOP('',(#430,#431,#432,#433));
#1755=EDGE_LOOP('',(#434,#435,#436,#437,#438,#439,#440,#441));
#1756=EDGE_LOOP('',(#442,#443,#444,#445));
#1757=EDGE_LOOP('',(#446,#447,#448,#449));
#1758=EDGE_LOOP('',(#450,#451,#452,#453));
#1759=EDGE_LOOP('',(#454,#455,#456,#457));
#1760=EDGE_LOOP('',(#458,#459,#460,#461));
#1761=EDGE_LOOP('',(#462,#463,#464,#465));
#1762=EDGE_LOOP('',(#466,#467,#468,#469));
#1763=EDGE_LOOP('',(#470,#471,#472,#473));
#1764=EDGE_LOOP('',(#474,#475,#476,#477));
#1765=EDGE_LOOP('',(#478,#479,#480,#481));
#1766=EDGE_LOOP('',(#482,#483,#484,#485));
#1767=EDGE_LOOP('',(#486,#487,#488,#489));
#1768=EDGE_LOOP('',(#490,#491,#492,#493));
#1769=EDGE_LOOP('',(#494,#495,#496,#497));
#1770=EDGE_LOOP('',(#498,#499,#500,#501));
#1771=EDGE_LOOP('',(#502,#503,#504,#505));
#1772=EDGE_LOOP('',(#506,#507,#508,#509));
#1773=EDGE_LOOP('',(#510,#511,#512,#513));
#1774=EDGE_LOOP('',(#514,#515,#516,#517));
#1775=EDGE_LOOP('',(#518,#519,#520,#521));
#1776=EDGE_LOOP('',(#522,#523,#524,#525));
#1777=EDGE_LOOP('',(#526,#527,#528,#529));
#1778=EDGE_LOOP('',(#530,#531,#532,#533));
#1779=EDGE_LOOP('',(#534,#535,#536,#537));
#1780=EDGE_LOOP('',(#538,#539,#540,#541));
#1781=EDGE_LOOP('',(#542,#543,#544,#545));
#1782=EDGE_LOOP('',(#546,#547,#548,#549));
#1783=EDGE_LOOP('',(#550,#551,#552,#553));
#1784=EDGE_LOOP('',(#554,#555,#556,#557));
#1785=EDGE_LOOP('',(#558,#559,#560,#561));
#1786=EDGE_LOOP('',(#562,#563,#564,#565));
#1787=EDGE_LOOP('',(#566,#567,#568,#569));
#1788=EDGE_LOOP('',(#570,#571,#572,#573));
#1789=EDGE_LOOP('',(#574,#575,#576,#577));
#1790=EDGE_LOOP('',(#578,#579,#580,#581));
#1791=EDGE_LOOP('',(#582));
#1792=EDGE_LOOP('',(#583));
#1793=EDGE_LOOP('',(#584));
#1794=EDGE_LOOP('',(#585,#586,#587,#588,#589,#590,#591,#592,#593,#594,#595,
#596,#597,#598,#599,#600,#601,#602,#603,#604));
#1795=EDGE_LOOP('',(#605,#606,#607,#608));
#1796=EDGE_LOOP('',(#609,#610,#611,#612));
#1797=EDGE_LOOP('',(#613,#614,#615,#616));
#1798=EDGE_LOOP('',(#617,#618,#619,#620));
#1799=EDGE_LOOP('',(#621,#622,#623,#624));
#1800=EDGE_LOOP('',(#625,#626,#627,#628,#629,#630,#631,#632));
#1801=EDGE_LOOP('',(#633,#634,#635,#636));
#1802=EDGE_LOOP('',(#637,#638,#639,#640));
#1803=EDGE_LOOP('',(#641,#642,#643,#644));
#1804=EDGE_LOOP('',(#645,#646,#647,#648));
#1805=EDGE_LOOP('',(#649,#650,#651,#652,#653,#654,#655,#656));
#1806=EDGE_LOOP('',(#657,#658,#659,#660));
#1807=EDGE_LOOP('',(#661,#662,#663,#664,#665,#666,#667,#668));
#1808=EDGE_LOOP('',(#669,#670,#671,#672));
#1809=EDGE_LOOP('',(#673,#674,#675,#676));
#1810=EDGE_LOOP('',(#677,#678,#679,#680));
#1811=EDGE_LOOP('',(#681,#682,#683,#684));
#1812=EDGE_LOOP('',(#685,#686,#687,#688));
#1813=EDGE_LOOP('',(#689,#690,#691,#692));
#1814=EDGE_LOOP('',(#693,#694,#695,#696));
#1815=EDGE_LOOP('',(#697,#698,#699,#700));
#1816=EDGE_LOOP('',(#701,#702,#703,#704,#705,#706,#707,#708));
#1817=EDGE_LOOP('',(#709,#710,#711,#712));
#1818=EDGE_LOOP('',(#713,#714,#715,#716));
#1819=EDGE_LOOP('',(#717,#718,#719,#720));
#1820=EDGE_LOOP('',(#721,#722,#723,#724));
#1821=EDGE_LOOP('',(#725,#726,#727,#728));
#1822=EDGE_LOOP('',(#729,#730,#731,#732));
#1823=EDGE_LOOP('',(#733,#734,#735,#736));
#1824=EDGE_LOOP('',(#737,#738,#739,#740));
#1825=EDGE_LOOP('',(#741,#742,#743,#744));
#1826=EDGE_LOOP('',(#745,#746,#747,#748));
#1827=EDGE_LOOP('',(#749,#750,#751,#752));
#1828=EDGE_LOOP('',(#753,#754,#755,#756));
#1829=EDGE_LOOP('',(#757,#758,#759,#760));
#1830=EDGE_LOOP('',(#761,#762,#763,#764));
#1831=FACE_BOUND('',#1675,.T.);
#1832=FACE_BOUND('',#1676,.T.);
#1833=FACE_BOUND('',#1677,.T.);
#1834=FACE_BOUND('',#1678,.T.);
#1835=FACE_BOUND('',#1679,.T.);
#1836=FACE_BOUND('',#1680,.T.);
#1837=FACE_BOUND('',#1681,.T.);
#1838=FACE_BOUND('',#1682,.T.);
#1839=FACE_BOUND('',#1683,.T.);
#1840=FACE_BOUND('',#1684,.T.);
#1841=FACE_BOUND('',#1685,.T.);
#1842=FACE_BOUND('',#1686,.T.);
#1843=FACE_BOUND('',#1687,.T.);
#1844=FACE_BOUND('',#1688,.T.);
#1845=FACE_BOUND('',#1689,.T.);
#1846=FACE_BOUND('',#1690,.T.);
#1847=FACE_BOUND('',#1691,.T.);
#1848=FACE_BOUND('',#1692,.T.);
#1849=FACE_BOUND('',#1693,.T.);
#1850=FACE_BOUND('',#1694,.T.);
#1851=FACE_BOUND('',#1695,.T.);
#1852=FACE_BOUND('',#1696,.T.);
#1853=FACE_BOUND('',#1697,.T.);
#1854=FACE_BOUND('',#1698,.T.);
#1855=FACE_BOUND('',#1699,.T.);
#1856=FACE_BOUND('',#1700,.T.);
#1857=FACE_BOUND('',#1701,.T.);
#1858=FACE_BOUND('',#1702,.T.);
#1859=FACE_BOUND('',#1703,.T.);
#1860=FACE_BOUND('',#1704,.T.);
#1861=FACE_BOUND('',#1705,.T.);
#1862=FACE_BOUND('',#1706,.T.);
#1863=FACE_BOUND('',#1707,.T.);
#1864=FACE_BOUND('',#1708,.T.);
#1865=FACE_BOUND('',#1709,.T.);
#1866=FACE_BOUND('',#1710,.T.);
#1867=FACE_BOUND('',#1711,.T.);
#1868=FACE_BOUND('',#1712,.T.);
#1869=FACE_BOUND('',#1713,.T.);
#1870=FACE_BOUND('',#1714,.T.);
#1871=FACE_BOUND('',#1715,.T.);
#1872=FACE_BOUND('',#1716,.T.);
#1873=FACE_BOUND('',#1717,.T.);
#1874=FACE_BOUND('',#1718,.T.);
#1875=FACE_BOUND('',#1719,.T.);
#1876=FACE_BOUND('',#1720,.T.);
#1877=FACE_BOUND('',#1721,.T.);
#1878=FACE_BOUND('',#1722,.T.);
#1879=FACE_BOUND('',#1723,.T.);
#1880=FACE_BOUND('',#1724,.T.);
#1881=FACE_BOUND('',#1725,.T.);
#1882=FACE_BOUND('',#1726,.T.);
#1883=FACE_BOUND('',#1727,.T.);
#1884=FACE_BOUND('',#1728,.T.);
#1885=FACE_BOUND('',#1729,.T.);
#1886=FACE_BOUND('',#1730,.T.);
#1887=FACE_BOUND('',#1731,.T.);
#1888=FACE_BOUND('',#1732,.T.);
#1889=FACE_BOUND('',#1733,.T.);
#1890=FACE_BOUND('',#1734,.T.);
#1891=FACE_BOUND('',#1735,.T.);
#1892=FACE_BOUND('',#1736,.T.);
#1893=FACE_BOUND('',#1737,.T.);
#1894=FACE_BOUND('',#1738,.T.);
#1895=FACE_BOUND('',#1739,.T.);
#1896=FACE_BOUND('',#1740,.T.);
#1897=FACE_BOUND('',#1741,.T.);
#1898=FACE_BOUND('',#1742,.T.);
#1899=FACE_BOUND('',#1743,.T.);
#1900=FACE_BOUND('',#1744,.T.);
#1901=FACE_BOUND('',#1745,.T.);
#1902=FACE_BOUND('',#1746,.T.);
#1903=FACE_BOUND('',#1747,.T.);
#1904=FACE_BOUND('',#1748,.T.);
#1905=FACE_BOUND('',#1749,.T.);
#1906=FACE_BOUND('',#1750,.T.);
#1907=FACE_BOUND('',#1751,.T.);
#1908=FACE_BOUND('',#1752,.T.);
#1909=FACE_BOUND('',#1753,.T.);
#1910=FACE_BOUND('',#1754,.T.);
#1911=FACE_BOUND('',#1755,.T.);
#1912=FACE_BOUND('',#1756,.T.);
#1913=FACE_BOUND('',#1757,.T.);
#1914=FACE_BOUND('',#1758,.T.);
#1915=FACE_BOUND('',#1759,.T.);
#1916=FACE_BOUND('',#1760,.T.);
#1917=FACE_BOUND('',#1761,.T.);
#1918=FACE_BOUND('',#1762,.T.);
#1919=FACE_BOUND('',#1763,.T.);
#1920=FACE_BOUND('',#1764,.T.);
#1921=FACE_BOUND('',#1765,.T.);
#1922=FACE_BOUND('',#1766,.T.);
#1923=FACE_BOUND('',#1767,.T.);
#1924=FACE_BOUND('',#1768,.T.);
#1925=FACE_BOUND('',#1769,.T.);
#1926=FACE_BOUND('',#1770,.T.);
#1927=FACE_BOUND('',#1771,.T.);
#1928=FACE_BOUND('',#1772,.T.);
#1929=FACE_BOUND('',#1773,.T.);
#1930=FACE_BOUND('',#1774,.T.);
#1931=FACE_BOUND('',#1775,.T.);
#1932=FACE_BOUND('',#1776,.T.);
#1933=FACE_BOUND('',#1777,.T.);
#1934=FACE_BOUND('',#1778,.T.);
#1935=FACE_BOUND('',#1779,.T.);
#1936=FACE_BOUND('',#1780,.T.);
#1937=FACE_BOUND('',#1781,.T.);
#1938=FACE_BOUND('',#1782,.T.);
#1939=FACE_BOUND('',#1783,.T.);
#1940=FACE_BOUND('',#1784,.T.);
#1941=FACE_BOUND('',#1785,.T.);
#1942=FACE_BOUND('',#1786,.T.);
#1943=FACE_BOUND('',#1787,.T.);
#1944=FACE_BOUND('',#1788,.T.);
#1945=FACE_BOUND('',#1789,.T.);
#1946=FACE_BOUND('',#1790,.T.);
#1947=FACE_BOUND('',#1791,.T.);
#1948=FACE_BOUND('',#1792,.T.);
#1949=FACE_BOUND('',#1793,.T.);
#1950=FACE_BOUND('',#1794,.T.);
#1951=FACE_BOUND('',#1795,.T.);
#1952=FACE_BOUND('',#1796,.T.);
#1953=FACE_BOUND('',#1797,.T.);
#1954=FACE_BOUND('',#1798,.T.);
#1955=FACE_BOUND('',#1799,.T.);
#1956=FACE_BOUND('',#1800,.T.);
#1957=FACE_BOUND('',#1801,.T.);
#1958=FACE_BOUND('',#1802,.T.);
#1959=FACE_BOUND('',#1803,.T.);
#1960=FACE_BOUND('',#1804,.T.);
#1961=FACE_BOUND('',#1805,.T.);
#1962=FACE_BOUND('',#1806,.T.);
#1963=FACE_BOUND('',#1807,.T.);
#1964=FACE_BOUND('',#1808,.T.);
#1965=FACE_BOUND('',#1809,.T.);
#1966=FACE_BOUND('',#1810,.T.);
#1967=FACE_BOUND('',#1811,.T.);
#1968=FACE_BOUND('',#1812,.T.);
#1969=FACE_BOUND('',#1813,.T.);
#1970=FACE_BOUND('',#1814,.T.);
#1971=FACE_BOUND('',#1815,.T.);
#1972=FACE_BOUND('',#1816,.T.);
#1973=FACE_BOUND('',#1817,.T.);
#1974=FACE_BOUND('',#1818,.T.);
#1975=FACE_BOUND('',#1819,.T.);
#1976=FACE_BOUND('',#1820,.T.);
#1977=FACE_BOUND('',#1821,.T.);
#1978=FACE_BOUND('',#1822,.T.);
#1979=FACE_BOUND('',#1823,.T.);
#1980=FACE_BOUND('',#1824,.T.);
#1981=FACE_BOUND('',#1825,.T.);
#1982=FACE_BOUND('',#1826,.T.);
#1983=FACE_BOUND('',#1827,.T.);
#1984=FACE_BOUND('',#1828,.T.);
#1985=FACE_BOUND('',#1829,.T.);
#1986=FACE_BOUND('',#1830,.T.);
#1987=PLANE('',#2202);
#1988=PLANE('',#2203);
#1989=PLANE('',#2204);
#1990=PLANE('',#2205);
#1991=PLANE('',#2206);
#1992=PLANE('',#2208);
#1993=PLANE('',#2209);
#1994=PLANE('',#2210);
#1995=PLANE('',#2211);
#1996=PLANE('',#2215);
#1997=PLANE('',#2233);
#1998=PLANE('',#2236);
#1999=PLANE('',#2237);
#2000=PLANE('',#2238);
#2001=PLANE('',#2239);
#2002=PLANE('',#2276);
#2003=PLANE('',#2277);
#2004=PLANE('',#2278);
#2005=PLANE('',#2279);
#2006=PLANE('',#2282);
#2007=PLANE('',#2285);
#2008=PLANE('',#2296);
#2009=PLANE('',#2297);
#2010=PLANE('',#2298);
#2011=PLANE('',#2301);
#2012=PLANE('',#2304);
#2013=PLANE('',#2305);
#2014=PLANE('',#2308);
#2015=PLANE('',#2311);
#2016=PLANE('',#2312);
#2017=PLANE('',#2313);
#2018=PLANE('',#2314);
#2019=PLANE('',#2315);
#2020=PLANE('',#2316);
#2021=PLANE('',#2319);
#2022=PLANE('',#2322);
#2023=PLANE('',#2323);
#2024=PLANE('',#2324);
#2025=PLANE('',#2325);
#2026=PLANE('',#2326);
#2027=PLANE('',#2327);
#2028=PLANE('',#2328);
#2029=PLANE('',#2329);
#2030=PLANE('',#2330);
#2031=PLANE('',#2331);
#2032=PLANE('',#2332);
#2033=PLANE('',#2333);
#2034=PLANE('',#2334);
#2035=PLANE('',#2335);
#2036=PLANE('',#2372);
#2037=PLANE('',#2373);
#2038=PLANE('',#2374);
#2039=PLANE('',#2375);
#2040=PLANE('',#2378);
#2041=PLANE('',#2381);
#2042=PLANE('',#2392);
#2043=PLANE('',#2393);
#2044=PLANE('',#2394);
#2045=PLANE('',#2397);
#2046=PLANE('',#2400);
#2047=PLANE('',#2401);
#2048=PLANE('',#2404);
#2049=PLANE('',#2407);
#2050=PLANE('',#2408);
#2051=PLANE('',#2409);
#2052=PLANE('',#2410);
#2053=PLANE('',#2411);
#2054=PLANE('',#2412);
#2055=PLANE('',#2415);
#2056=PLANE('',#2418);
#2057=PLANE('',#2419);
#2058=PLANE('',#2420);
#2059=PLANE('',#2421);
#2060=PLANE('',#2422);
#2061=PLANE('',#2423);
#2062=PLANE('',#2424);
#2063=PLANE('',#2425);
#2064=PLANE('',#2426);
#2065=PLANE('',#2427);
#2066=ADVANCED_FACE('',(#1831),#1987,.F.);
#2067=ADVANCED_FACE('',(#1832),#1988,.F.);
#2068=ADVANCED_FACE('',(#1833),#1989,.F.);
#2069=ADVANCED_FACE('',(#1834),#1990,.T.);
#2070=ADVANCED_FACE('',(#1835,#1836),#1991,.T.);
#2071=ADVANCED_FACE('',(#1837),#1992,.F.);
#2072=ADVANCED_FACE('',(#1838),#1993,.F.);
#2073=ADVANCED_FACE('',(#1839),#1994,.F.);
#2074=ADVANCED_FACE('',(#1840,#1841,#1842,#1843),#1995,.T.);
#2075=ADVANCED_FACE('',(#1844,#1845,#1846,#1847),#1996,.F.);
#2076=ADVANCED_FACE('',(#1848,#1849),#13,.T.);
#2077=ADVANCED_FACE('',(#1850,#1851),#14,.T.);
#2078=ADVANCED_FACE('',(#1852,#1853),#15,.T.);
#2079=ADVANCED_FACE('',(#1854,#1855),#16,.T.);
#2080=ADVANCED_FACE('',(#1856,#1857),#17,.T.);
#2081=ADVANCED_FACE('',(#1858,#1859),#18,.T.);
#2082=ADVANCED_FACE('',(#1860,#1861),#19,.T.);
#2083=ADVANCED_FACE('',(#1862),#1997,.F.);
#2084=ADVANCED_FACE('',(#1863,#1864),#12,.T.);
#2085=ADVANCED_FACE('',(#1865),#1998,.T.);
#2086=ADVANCED_FACE('',(#1866),#1999,.T.);
#2087=ADVANCED_FACE('',(#1867),#2000,.T.);
#2088=ADVANCED_FACE('',(#1868),#2001,.T.);
#2089=ADVANCED_FACE('',(#1869),#20,.F.);
#2090=ADVANCED_FACE('',(#1870),#21,.F.);
#2091=ADVANCED_FACE('',(#1871),#22,.F.);
#2092=ADVANCED_FACE('',(#1872),#23,.F.);
#2093=ADVANCED_FACE('',(#1873),#24,.F.);
#2094=ADVANCED_FACE('',(#1874),#25,.F.);
#2095=ADVANCED_FACE('',(#1875),#26,.F.);
#2096=ADVANCED_FACE('',(#1876),#27,.F.);
#2097=ADVANCED_FACE('',(#1877),#28,.F.);
#2098=ADVANCED_FACE('',(#1878),#29,.F.);
#2099=ADVANCED_FACE('',(#1879),#30,.F.);
#2100=ADVANCED_FACE('',(#1880),#31,.F.);
#2101=ADVANCED_FACE('',(#1881),#2002,.T.);
#2102=ADVANCED_FACE('',(#1882),#2003,.T.);
#2103=ADVANCED_FACE('',(#1883),#2004,.T.);
#2104=ADVANCED_FACE('',(#1884),#2005,.T.);
#2105=ADVANCED_FACE('',(#1885),#2006,.T.);
#2106=ADVANCED_FACE('',(#1886,#1887,#1888,#1889),#2007,.F.);
#2107=ADVANCED_FACE('',(#1890),#2008,.T.);
#2108=ADVANCED_FACE('',(#1891),#2009,.T.);
#2109=ADVANCED_FACE('',(#1892),#2010,.F.);
#2110=ADVANCED_FACE('',(#1893),#32,.T.);
#2111=ADVANCED_FACE('',(#1894),#2011,.F.);
#2112=ADVANCED_FACE('',(#1895),#33,.T.);
#2113=ADVANCED_FACE('',(#1896,#1897,#1898),#2012,.T.);
#2114=ADVANCED_FACE('',(#1899),#2013,.T.);
#2115=ADVANCED_FACE('',(#1900),#34,.T.);
#2116=ADVANCED_FACE('',(#1901),#2014,.F.);
#2117=ADVANCED_FACE('',(#1902),#35,.T.);
#2118=ADVANCED_FACE('',(#1903),#2015,.F.);
#2119=ADVANCED_FACE('',(#1904),#2016,.T.);
#2120=ADVANCED_FACE('',(#1905,#1906,#1907),#2017,.T.);
#2121=ADVANCED_FACE('',(#1908),#2018,.T.);
#2122=ADVANCED_FACE('',(#1909),#2019,.T.);
#2123=ADVANCED_FACE('',(#1910),#2020,.F.);
#2124=ADVANCED_FACE('',(#1911),#36,.T.);
#2125=ADVANCED_FACE('',(#1912),#2021,.F.);
#2126=ADVANCED_FACE('',(#1913),#37,.T.);
#2127=ADVANCED_FACE('',(#1914,#1915,#1916),#2022,.T.);
#2128=ADVANCED_FACE('',(#1917),#2023,.T.);
#2129=ADVANCED_FACE('',(#1918),#2024,.T.);
#2130=ADVANCED_FACE('',(#1919),#2025,.T.);
#2131=ADVANCED_FACE('',(#1920),#2026,.F.);
#2132=ADVANCED_FACE('',(#1921),#2027,.F.);
#2133=ADVANCED_FACE('',(#1922),#2028,.F.);
#2134=ADVANCED_FACE('',(#1923),#2029,.F.);
#2135=ADVANCED_FACE('',(#1924),#2030,.F.);
#2136=ADVANCED_FACE('',(#1925),#2031,.F.);
#2137=ADVANCED_FACE('',(#1926),#2032,.T.);
#2138=ADVANCED_FACE('',(#1927),#2033,.T.);
#2139=ADVANCED_FACE('',(#1928),#2034,.T.);
#2140=ADVANCED_FACE('',(#1929),#2035,.T.);
#2141=ADVANCED_FACE('',(#1930),#38,.F.);
#2142=ADVANCED_FACE('',(#1931),#39,.F.);
#2143=ADVANCED_FACE('',(#1932),#40,.F.);
#2144=ADVANCED_FACE('',(#1933),#41,.F.);
#2145=ADVANCED_FACE('',(#1934),#42,.F.);
#2146=ADVANCED_FACE('',(#1935),#43,.F.);
#2147=ADVANCED_FACE('',(#1936),#44,.F.);
#2148=ADVANCED_FACE('',(#1937),#45,.F.);
#2149=ADVANCED_FACE('',(#1938),#46,.F.);
#2150=ADVANCED_FACE('',(#1939),#47,.F.);
#2151=ADVANCED_FACE('',(#1940),#48,.F.);
#2152=ADVANCED_FACE('',(#1941),#49,.F.);
#2153=ADVANCED_FACE('',(#1942),#2036,.T.);
#2154=ADVANCED_FACE('',(#1943),#2037,.T.);
#2155=ADVANCED_FACE('',(#1944),#2038,.T.);
#2156=ADVANCED_FACE('',(#1945),#2039,.T.);
#2157=ADVANCED_FACE('',(#1946),#2040,.T.);
#2158=ADVANCED_FACE('',(#1947,#1948,#1949,#1950),#2041,.F.);
#2159=ADVANCED_FACE('',(#1951),#2042,.T.);
#2160=ADVANCED_FACE('',(#1952),#2043,.T.);
#2161=ADVANCED_FACE('',(#1953),#2044,.F.);
#2162=ADVANCED_FACE('',(#1954),#50,.T.);
#2163=ADVANCED_FACE('',(#1955),#2045,.F.);
#2164=ADVANCED_FACE('',(#1956),#51,.T.);
#2165=ADVANCED_FACE('',(#1957,#1958,#1959),#2046,.T.);
#2166=ADVANCED_FACE('',(#1960),#2047,.T.);
#2167=ADVANCED_FACE('',(#1961),#52,.T.);
#2168=ADVANCED_FACE('',(#1962),#2048,.F.);
#2169=ADVANCED_FACE('',(#1963),#53,.T.);
#2170=ADVANCED_FACE('',(#1964),#2049,.F.);
#2171=ADVANCED_FACE('',(#1965),#2050,.T.);
#2172=ADVANCED_FACE('',(#1966,#1967,#1968),#2051,.T.);
#2173=ADVANCED_FACE('',(#1969),#2052,.T.);
#2174=ADVANCED_FACE('',(#1970),#2053,.T.);
#2175=ADVANCED_FACE('',(#1971),#2054,.F.);
#2176=ADVANCED_FACE('',(#1972),#54,.T.);
#2177=ADVANCED_FACE('',(#1973),#2055,.F.);
#2178=ADVANCED_FACE('',(#1974),#55,.T.);
#2179=ADVANCED_FACE('',(#1975,#1976,#1977),#2056,.T.);
#2180=ADVANCED_FACE('',(#1978),#2057,.T.);
#2181=ADVANCED_FACE('',(#1979),#2058,.T.);
#2182=ADVANCED_FACE('',(#1980),#2059,.T.);
#2183=ADVANCED_FACE('',(#1981),#2060,.F.);
#2184=ADVANCED_FACE('',(#1982),#2061,.F.);
#2185=ADVANCED_FACE('',(#1983),#2062,.F.);
#2186=ADVANCED_FACE('',(#1984),#2063,.F.);
#2187=ADVANCED_FACE('',(#1985),#2064,.F.);
#2188=ADVANCED_FACE('',(#1986),#2065,.F.);
#2189=CLOSED_SHELL('',(#2066,#2067,#2068,#2069,#2070,#2071,#2072,#2073,
#2074,#2075,#2076,#2077,#2078,#2079,#2080,#2081,#2082,#2083,#2084,#2085,
#2086,#2087,#2088,#2089,#2090,#2091,#2092,#2093,#2094,#2095,#2096,#2097,
#2098,#2099,#2100,#2101,#2102,#2103,#2104,#2105,#2106,#2107,#2108,#2109,
#2110,#2111,#2112,#2113,#2114,#2115,#2116,#2117,#2118,#2119,#2120,#2121,
#2122,#2123,#2124,#2125,#2126,#2127,#2128,#2129,#2130,#2131,#2132,#2133,
#2134,#2135,#2136,#2137,#2138,#2139,#2140,#2141,#2142,#2143,#2144,#2145,
#2146,#2147,#2148,#2149,#2150,#2151,#2152,#2153,#2154,#2155,#2156,#2157,
#2158,#2159,#2160,#2161,#2162,#2163,#2164,#2165,#2166,#2167,#2168,#2169,
#2170,#2171,#2172,#2173,#2174,#2175,#2176,#2177,#2178,#2179,#2180,#2181,
#2182,#2183,#2184,#2185,#2186,#2187,#2188));
#2190=STYLED_ITEM('',(#2191),#2198);
#2191=PRESENTATION_STYLE_ASSIGNMENT((#2192));
#2192=SURFACE_STYLE_USAGE(.BOTH.,#2193);
#2193=SURFACE_SIDE_STYLE('',(#2194));
#2194=SURFACE_STYLE_FILL_AREA(#2195);
#2195=FILL_AREA_STYLE('',(#2196));
#2196=FILL_AREA_STYLE_COLOUR('',#2197);
#2197=COLOUR_RGB('',0.972549019607843,0.529411764705882,0.00392156862745098);
#2198=MANIFOLD_SOLID_BREP('Front_Cargo_Wheel_Chassis',#2189);
#2199=SHAPE_DEFINITION_REPRESENTATION(#3722,#2200);
#2200=SHAPE_REPRESENTATION('Front_Cargo_Wheel_Chassis',(#2201),#3717);
#2201=AXIS2_PLACEMENT_3D('',#3082,#2428,#2429);
#2202=AXIS2_PLACEMENT_3D('',#3083,#2430,#2431);
#2203=AXIS2_PLACEMENT_3D('',#3092,#2436,#2437);
#2204=AXIS2_PLACEMENT_3D('',#3098,#2441,#2442);
#2205=AXIS2_PLACEMENT_3D('',#3104,#2446,#2447);
#2206=AXIS2_PLACEMENT_3D('',#3110,#2451,#2452);
#2207=AXIS2_PLACEMENT_3D('',#3111,#2453,#2454);
#2208=AXIS2_PLACEMENT_3D('',#3118,#2458,#2459);
#2209=AXIS2_PLACEMENT_3D('',#3124,#2463,#2464);
#2210=AXIS2_PLACEMENT_3D('',#3130,#2468,#2469);
#2211=AXIS2_PLACEMENT_3D('',#3133,#2472,#2473);
#2212=AXIS2_PLACEMENT_3D('',#3134,#2474,#2475);
#2213=AXIS2_PLACEMENT_3D('',#3136,#2476,#2477);
#2214=AXIS2_PLACEMENT_3D('',#3138,#2478,#2479);
#2215=AXIS2_PLACEMENT_3D('',#3140,#2480,#2481);
#2216=AXIS2_PLACEMENT_3D('',#3141,#2482,#2483);
#2217=AXIS2_PLACEMENT_3D('',#3143,#2484,#2485);
#2218=AXIS2_PLACEMENT_3D('',#3145,#2486,#2487);
#2219=AXIS2_PLACEMENT_3D('',#3147,#2488,#2489);
#2220=AXIS2_PLACEMENT_3D('',#3148,#2490,#2491);
#2221=AXIS2_PLACEMENT_3D('',#3150,#2492,#2493);
#2222=AXIS2_PLACEMENT_3D('',#3151,#2494,#2495);
#2223=AXIS2_PLACEMENT_3D('',#3153,#2496,#2497);
#2224=AXIS2_PLACEMENT_3D('',#3154,#2498,#2499);
#2225=AXIS2_PLACEMENT_3D('',#3156,#2500,#2501);
#2226=AXIS2_PLACEMENT_3D('',#3157,#2502,#2503);
#2227=AXIS2_PLACEMENT_3D('',#3159,#2504,#2505);
#2228=AXIS2_PLACEMENT_3D('',#3160,#2506,#2507);
#2229=AXIS2_PLACEMENT_3D('',#3162,#2508,#2509);
#2230=AXIS2_PLACEMENT_3D('',#3163,#2510,#2511);
#2231=AXIS2_PLACEMENT_3D('',#3165,#2512,#2513);
#2232=AXIS2_PLACEMENT_3D('',#3166,#2514,#2515);
#2233=AXIS2_PLACEMENT_3D('',#3168,#2516,#2517);
#2234=AXIS2_PLACEMENT_3D('',#3169,#2518,#2519);
#2235=AXIS2_PLACEMENT_3D('',#3171,#2520,#2521);
#2236=AXIS2_PLACEMENT_3D('',#3172,#2522,#2523);
#2237=AXIS2_PLACEMENT_3D('',#3181,#2528,#2529);
#2238=AXIS2_PLACEMENT_3D('',#3190,#2534,#2535);
#2239=AXIS2_PLACEMENT_3D('',#3199,#2540,#2541);
#2240=AXIS2_PLACEMENT_3D('',#3208,#2546,#2547);
#2241=AXIS2_PLACEMENT_3D('',#3209,#2548,#2549);
#2242=AXIS2_PLACEMENT_3D('',#3214,#2551,#2552);
#2243=AXIS2_PLACEMENT_3D('',#3217,#2554,#2555);
#2244=AXIS2_PLACEMENT_3D('',#3218,#2556,#2557);
#2245=AXIS2_PLACEMENT_3D('',#3223,#2559,#2560);
#2246=AXIS2_PLACEMENT_3D('',#3226,#2562,#2563);
#2247=AXIS2_PLACEMENT_3D('',#3227,#2564,#2565);
#2248=AXIS2_PLACEMENT_3D('',#3232,#2567,#2568);
#2249=AXIS2_PLACEMENT_3D('',#3235,#2570,#2571);
#2250=AXIS2_PLACEMENT_3D('',#3236,#2572,#2573);
#2251=AXIS2_PLACEMENT_3D('',#3241,#2575,#2576);
#2252=AXIS2_PLACEMENT_3D('',#3244,#2578,#2579);
#2253=AXIS2_PLACEMENT_3D('',#3245,#2580,#2581);
#2254=AXIS2_PLACEMENT_3D('',#3250,#2583,#2584);
#2255=AXIS2_PLACEMENT_3D('',#3253,#2586,#2587);
#2256=AXIS2_PLACEMENT_3D('',#3254,#2588,#2589);
#2257=AXIS2_PLACEMENT_3D('',#3259,#2591,#2592);
#2258=AXIS2_PLACEMENT_3D('',#3262,#2594,#2595);
#2259=AXIS2_PLACEMENT_3D('',#3263,#2596,#2597);
#2260=AXIS2_PLACEMENT_3D('',#3268,#2599,#2600);
#2261=AXIS2_PLACEMENT_3D('',#3271,#2602,#2603);
#2262=AXIS2_PLACEMENT_3D('',#3272,#2604,#2605);
#2263=AXIS2_PLACEMENT_3D('',#3277,#2607,#2608);
#2264=AXIS2_PLACEMENT_3D('',#3280,#2610,#2611);
#2265=AXIS2_PLACEMENT_3D('',#3281,#2612,#2613);
#2266=AXIS2_PLACEMENT_3D('',#3286,#2615,#2616);
#2267=AXIS2_PLACEMENT_3D('',#3289,#2618,#2619);
#2268=AXIS2_PLACEMENT_3D('',#3290,#2620,#2621);
#2269=AXIS2_PLACEMENT_3D('',#3295,#2623,#2624);
#2270=AXIS2_PLACEMENT_3D('',#3298,#2626,#2627);
#2271=AXIS2_PLACEMENT_3D('',#3299,#2628,#2629);
#2272=AXIS2_PLACEMENT_3D('',#3304,#2631,#2632);
#2273=AXIS2_PLACEMENT_3D('',#3307,#2634,#2635);
#2274=AXIS2_PLACEMENT_3D('',#3308,#2636,#2637);
#2275=AXIS2_PLACEMENT_3D('',#3313,#2639,#2640);
#2276=AXIS2_PLACEMENT_3D('',#3316,#2642,#2643);
#2277=AXIS2_PLACEMENT_3D('',#3319,#2646,#2647);
#2278=AXIS2_PLACEMENT_3D('',#3322,#2650,#2651);
#2279=AXIS2_PLACEMENT_3D('',#3325,#2654,#2655);
#2280=AXIS2_PLACEMENT_3D('',#3326,#2656,#2657);
#2281=AXIS2_PLACEMENT_3D('',#3327,#2658,#2659);
#2282=AXIS2_PLACEMENT_3D('',#3328,#2660,#2661);
#2283=AXIS2_PLACEMENT_3D('',#3329,#2662,#2663);
#2284=AXIS2_PLACEMENT_3D('',#3330,#2664,#2665);
#2285=AXIS2_PLACEMENT_3D('',#3331,#2666,#2667);
#2286=AXIS2_PLACEMENT_3D('',#3332,#2668,#2669);
#2287=AXIS2_PLACEMENT_3D('',#3334,#2670,#2671);
#2288=AXIS2_PLACEMENT_3D('',#3338,#2673,#2674);
#2289=AXIS2_PLACEMENT_3D('',#3339,#2675,#2676);
#2290=AXIS2_PLACEMENT_3D('',#3343,#2678,#2679);
#2291=AXIS2_PLACEMENT_3D('',#3347,#2681,#2682);
#2292=AXIS2_PLACEMENT_3D('',#3348,#2683,#2684);
#2293=AXIS2_PLACEMENT_3D('',#3352,#2686,#2687);
#2294=AXIS2_PLACEMENT_3D('',#3353,#2688,#2689);
#2295=AXIS2_PLACEMENT_3D('',#3357,#2691,#2692);
#2296=AXIS2_PLACEMENT_3D('',#3360,#2694,#2695);
#2297=AXIS2_PLACEMENT_3D('',#3363,#2698,#2699);
#2298=AXIS2_PLACEMENT_3D('',#3365,#2701,#2702);
#2299=AXIS2_PLACEMENT_3D('',#3371,#2706,#2707);
#2300=AXIS2_PLACEMENT_3D('',#3374,#2709,#2710);
#2301=AXIS2_PLACEMENT_3D('',#3375,#2711,#2712);
#2302=AXIS2_PLACEMENT_3D('',#3379,#2715,#2716);
#2303=AXIS2_PLACEMENT_3D('',#3380,#2717,#2718);
#2304=AXIS2_PLACEMENT_3D('',#3381,#2719,#2720);
#2305=AXIS2_PLACEMENT_3D('',#3384,#2723,#2724);
#2306=AXIS2_PLACEMENT_3D('',#3387,#2727,#2728);
#2307=AXIS2_PLACEMENT_3D('',#3392,#2731,#2732);
#2308=AXIS2_PLACEMENT_3D('',#3393,#2733,#2734);
#2309=AXIS2_PLACEMENT_3D('',#3397,#2737,#2738);
#2310=AXIS2_PLACEMENT_3D('',#3400,#2740,#2741);
#2311=AXIS2_PLACEMENT_3D('',#3401,#2742,#2743);
#2312=AXIS2_PLACEMENT_3D('',#3403,#2745,#2746);
#2313=AXIS2_PLACEMENT_3D('',#3405,#2748,#2749);
#2314=AXIS2_PLACEMENT_3D('',#3408,#2752,#2753);
#2315=AXIS2_PLACEMENT_3D('',#3411,#2756,#2757);
#2316=AXIS2_PLACEMENT_3D('',#3413,#2759,#2760);
#2317=AXIS2_PLACEMENT_3D('',#3419,#2764,#2765);
#2318=AXIS2_PLACEMENT_3D('',#3422,#2767,#2768);
#2319=AXIS2_PLACEMENT_3D('',#3423,#2769,#2770);
#2320=AXIS2_PLACEMENT_3D('',#3427,#2773,#2774);
#2321=AXIS2_PLACEMENT_3D('',#3428,#2775,#2776);
#2322=AXIS2_PLACEMENT_3D('',#3429,#2777,#2778);
#2323=AXIS2_PLACEMENT_3D('',#3432,#2781,#2782);
#2324=AXIS2_PLACEMENT_3D('',#3434,#2784,#2785);
#2325=AXIS2_PLACEMENT_3D('',#3436,#2787,#2788);
#2326=AXIS2_PLACEMENT_3D('',#3438,#2790,#2791);
#2327=AXIS2_PLACEMENT_3D('',#3439,#2792,#2793);
#2328=AXIS2_PLACEMENT_3D('',#3440,#2794,#2795);
#2329=AXIS2_PLACEMENT_3D('',#3441,#2796,#2797);
#2330=AXIS2_PLACEMENT_3D('',#3442,#2798,#2799);
#2331=AXIS2_PLACEMENT_3D('',#3443,#2800,#2801);
#2332=AXIS2_PLACEMENT_3D('',#3444,#2802,#2803);
#2333=AXIS2_PLACEMENT_3D('',#3453,#2808,#2809);
#2334=AXIS2_PLACEMENT_3D('',#3462,#2814,#2815);
#2335=AXIS2_PLACEMENT_3D('',#3471,#2820,#2821);
#2336=AXIS2_PLACEMENT_3D('',#3480,#2826,#2827);
#2337=AXIS2_PLACEMENT_3D('',#3481,#2828,#2829);
#2338=AXIS2_PLACEMENT_3D('',#3486,#2831,#2832);
#2339=AXIS2_PLACEMENT_3D('',#3489,#2834,#2835);
#2340=AXIS2_PLACEMENT_3D('',#3490,#2836,#2837);
#2341=AXIS2_PLACEMENT_3D('',#3495,#2839,#2840);
#2342=AXIS2_PLACEMENT_3D('',#3498,#2842,#2843);
#2343=AXIS2_PLACEMENT_3D('',#3499,#2844,#2845);
#2344=AXIS2_PLACEMENT_3D('',#3504,#2847,#2848);
#2345=AXIS2_PLACEMENT_3D('',#3507,#2850,#2851);
#2346=AXIS2_PLACEMENT_3D('',#3508,#2852,#2853);
#2347=AXIS2_PLACEMENT_3D('',#3513,#2855,#2856);
#2348=AXIS2_PLACEMENT_3D('',#3516,#2858,#2859);
#2349=AXIS2_PLACEMENT_3D('',#3517,#2860,#2861);
#2350=AXIS2_PLACEMENT_3D('',#3522,#2863,#2864);
#2351=AXIS2_PLACEMENT_3D('',#3525,#2866,#2867);
#2352=AXIS2_PLACEMENT_3D('',#3526,#2868,#2869);
#2353=AXIS2_PLACEMENT_3D('',#3531,#2871,#2872);
#2354=AXIS2_PLACEMENT_3D('',#3534,#2874,#2875);
#2355=AXIS2_PLACEMENT_3D('',#3535,#2876,#2877);
#2356=AXIS2_PLACEMENT_3D('',#3540,#2879,#2880);
#2357=AXIS2_PLACEMENT_3D('',#3543,#2882,#2883);
#2358=AXIS2_PLACEMENT_3D('',#3544,#2884,#2885);
#2359=AXIS2_PLACEMENT_3D('',#3549,#2887,#2888);
#2360=AXIS2_PLACEMENT_3D('',#3552,#2890,#2891);
#2361=AXIS2_PLACEMENT_3D('',#3553,#2892,#2893);
#2362=AXIS2_PLACEMENT_3D('',#3558,#2895,#2896);
#2363=AXIS2_PLACEMENT_3D('',#3561,#2898,#2899);
#2364=AXIS2_PLACEMENT_3D('',#3562,#2900,#2901);
#2365=AXIS2_PLACEMENT_3D('',#3567,#2903,#2904);
#2366=AXIS2_PLACEMENT_3D('',#3570,#2906,#2907);
#2367=AXIS2_PLACEMENT_3D('',#3571,#2908,#2909);
#2368=AXIS2_PLACEMENT_3D('',#3576,#2911,#2912);
#2369=AXIS2_PLACEMENT_3D('',#3579,#2914,#2915);
#2370=AXIS2_PLACEMENT_3D('',#3580,#2916,#2917);
#2371=AXIS2_PLACEMENT_3D('',#3585,#2919,#2920);
#2372=AXIS2_PLACEMENT_3D('',#3588,#2922,#2923);
#2373=AXIS2_PLACEMENT_3D('',#3591,#2926,#2927);
#2374=AXIS2_PLACEMENT_3D('',#3594,#2930,#2931);
#2375=AXIS2_PLACEMENT_3D('',#3597,#2934,#2935);
#2376=AXIS2_PLACEMENT_3D('',#3598,#2936,#2937);
#2377=AXIS2_PLACEMENT_3D('',#3599,#2938,#2939);
#2378=AXIS2_PLACEMENT_3D('',#3600,#2940,#2941);
#2379=AXIS2_PLACEMENT_3D('',#3601,#2942,#2943);
#2380=AXIS2_PLACEMENT_3D('',#3602,#2944,#2945);
#2381=AXIS2_PLACEMENT_3D('',#3603,#2946,#2947);
#2382=AXIS2_PLACEMENT_3D('',#3604,#2948,#2949);
#2383=AXIS2_PLACEMENT_3D('',#3608,#2951,#2952);
#2384=AXIS2_PLACEMENT_3D('',#3612,#2954,#2955);
#2385=AXIS2_PLACEMENT_3D('',#3613,#2956,#2957);
#2386=AXIS2_PLACEMENT_3D('',#3617,#2959,#2960);
#2387=AXIS2_PLACEMENT_3D('',#3618,#2961,#2962);
#2388=AXIS2_PLACEMENT_3D('',#3622,#2964,#2965);
#2389=AXIS2_PLACEMENT_3D('',#3626,#2967,#2968);
#2390=AXIS2_PLACEMENT_3D('',#3627,#2969,#2970);
#2391=AXIS2_PLACEMENT_3D('',#3631,#2972,#2973);
#2392=AXIS2_PLACEMENT_3D('',#3632,#2974,#2975);
#2393=AXIS2_PLACEMENT_3D('',#3635,#2978,#2979);
#2394=AXIS2_PLACEMENT_3D('',#3637,#2981,#2982);
#2395=AXIS2_PLACEMENT_3D('',#3643,#2986,#2987);
#2396=AXIS2_PLACEMENT_3D('',#3646,#2989,#2990);
#2397=AXIS2_PLACEMENT_3D('',#3647,#2991,#2992);
#2398=AXIS2_PLACEMENT_3D('',#3651,#2995,#2996);
#2399=AXIS2_PLACEMENT_3D('',#3652,#2997,#2998);
#2400=AXIS2_PLACEMENT_3D('',#3653,#2999,#3000);
#2401=AXIS2_PLACEMENT_3D('',#3656,#3003,#3004);
#2402=AXIS2_PLACEMENT_3D('',#3659,#3007,#3008);
#2403=AXIS2_PLACEMENT_3D('',#3662,#3010,#3011);
#2404=AXIS2_PLACEMENT_3D('',#3665,#3013,#3014);
#2405=AXIS2_PLACEMENT_3D('',#3669,#3017,#3018);
#2406=AXIS2_PLACEMENT_3D('',#3670,#3019,#3020);
#2407=AXIS2_PLACEMENT_3D('',#3673,#3022,#3023);
#2408=AXIS2_PLACEMENT_3D('',#3675,#3025,#3026);
#2409=AXIS2_PLACEMENT_3D('',#3677,#3028,#3029);
#2410=AXIS2_PLACEMENT_3D('',#3680,#3032,#3033);
#2411=AXIS2_PLACEMENT_3D('',#3683,#3036,#3037);
#2412=AXIS2_PLACEMENT_3D('',#3685,#3039,#3040);
#2413=AXIS2_PLACEMENT_3D('',#3691,#3044,#3045);
#2414=AXIS2_PLACEMENT_3D('',#3694,#3047,#3048);
#2415=AXIS2_PLACEMENT_3D('',#3695,#3049,#3050);
#2416=AXIS2_PLACEMENT_3D('',#3699,#3053,#3054);
#2417=AXIS2_PLACEMENT_3D('',#3700,#3055,#3056);
#2418=AXIS2_PLACEMENT_3D('',#3701,#3057,#3058);
#2419=AXIS2_PLACEMENT_3D('',#3704,#3061,#3062);
#2420=AXIS2_PLACEMENT_3D('',#3706,#3064,#3065);
#2421=AXIS2_PLACEMENT_3D('',#3708,#3067,#3068);
#2422=AXIS2_PLACEMENT_3D('',#3710,#3070,#3071);
#2423=AXIS2_PLACEMENT_3D('',#3711,#3072,#3073);
#2424=AXIS2_PLACEMENT_3D('',#3712,#3074,#3075);
#2425=AXIS2_PLACEMENT_3D('',#3713,#3076,#3077);
#2426=AXIS2_PLACEMENT_3D('',#3714,#3078,#3079);
#2427=AXIS2_PLACEMENT_3D('',#3715,#3080,#3081);
#2428=DIRECTION('',(0.,0.,1.));
#2429=DIRECTION('',(1.,0.,0.));
#2430=DIRECTION('',(0.,-5.59879594394434E-16,1.));
#2431=DIRECTION('',(0.,-1.,-5.59879594394434E-16));
#2432=DIRECTION('',(0.,1.,5.59879594394434E-16));
#2433=DIRECTION('',(-1.,0.,0.));
#2434=DIRECTION('',(0.,1.,5.59879594394434E-16));
#2435=DIRECTION('',(-1.,0.,0.));
#2436=DIRECTION('',(0.,-1.,0.));
#2437=DIRECTION('',(0.,0.,-1.));
#2438=DIRECTION('',(0.,0.,1.));
#2439=DIRECTION('',(-1.,0.,0.));
#2440=DIRECTION('',(0.,0.,1.));
#2441=DIRECTION('',(0.,0.,1.));
#2442=DIRECTION('',(1.,0.,0.));
#2443=DIRECTION('',(0.,1.,0.));
#2444=DIRECTION('',(-1.,0.,0.));
#2445=DIRECTION('',(0.,1.,0.));
#2446=DIRECTION('',(0.,0.468025227900069,0.88371510457222));
#2447=DIRECTION('',(0.,-0.88371510457222,0.468025227900069));
#2448=DIRECTION('',(0.,0.88371510457222,-0.468025227900069));
#2449=DIRECTION('',(-1.,0.,0.));
#2450=DIRECTION('',(0.,0.88371510457222,-0.468025227900069));
#2451=DIRECTION('',(0.,-1.58445438267164E-16,1.));
#2452=DIRECTION('',(0.,-1.,-1.58445438267164E-16));
#2453=DIRECTION('',(0.,-1.58445438267164E-16,1.));
#2454=DIRECTION('',(0.,-1.,-1.58445438267164E-16));
#2455=DIRECTION('',(0.,1.,1.58445438267164E-16));
#2456=DIRECTION('',(-1.,0.,0.));
#2457=DIRECTION('',(0.,1.,1.58445438267164E-16));
#2458=DIRECTION('',(0.,1.,0.));
#2459=DIRECTION('',(0.,0.,1.));
#2460=DIRECTION('',(0.,0.,-1.));
#2461=DIRECTION('',(-1.,0.,0.));
#2462=DIRECTION('',(0.,0.,-1.));
#2463=DIRECTION('',(0.,0.,1.));
#2464=DIRECTION('',(1.,0.,0.));
#2465=DIRECTION('',(0.,1.,0.));
#2466=DIRECTION('',(-1.,0.,0.));
#2467=DIRECTION('',(0.,1.,0.));
#2468=DIRECTION('',(0.,1.,0.));
#2469=DIRECTION('',(0.,0.,1.));
#2470=DIRECTION('',(0.,0.,-1.));
#2471=DIRECTION('',(0.,0.,-1.));
#2472=DIRECTION('',(1.,0.,0.));
#2473=DIRECTION('',(0.,1.,0.));
#2474=DIRECTION('',(1.,0.,0.));
#2475=DIRECTION('',(0.,0.,-1.));
#2476=DIRECTION('',(1.,0.,0.));
#2477=DIRECTION('',(0.,0.,-1.));
#2478=DIRECTION('',(1.,0.,0.));
#2479=DIRECTION('',(0.,0.,-1.));
#2480=DIRECTION('',(1.,0.,0.));
#2481=DIRECTION('',(0.,1.,0.));
#2482=DIRECTION('',(1.,0.,0.));
#2483=DIRECTION('',(0.,0.,-1.));
#2484=DIRECTION('',(1.,0.,0.));
#2485=DIRECTION('',(0.,0.,-1.));
#2486=DIRECTION('',(1.,0.,0.));
#2487=DIRECTION('',(0.,0.,-1.));
#2488=DIRECTION('',(-1.,0.,0.));
#2489=DIRECTION('',(0.,0.,1.));
#2490=DIRECTION('',(1.,0.,0.));
#2491=DIRECTION('',(0.,0.,-1.));
#2492=DIRECTION('',(-1.,0.,0.));
#2493=DIRECTION('',(0.,0.,1.));
#2494=DIRECTION('',(1.,0.,0.));
#2495=DIRECTION('',(0.,0.,-1.));
#2496=DIRECTION('',(-1.,0.,0.));
#2497=DIRECTION('',(0.,0.,1.));
#2498=DIRECTION('',(1.,0.,0.));
#2499=DIRECTION('',(0.,0.,-1.));
#2500=DIRECTION('',(-1.,0.,0.));
#2501=DIRECTION('',(0.,0.,1.));
#2502=DIRECTION('',(1.,0.,0.));
#2503=DIRECTION('',(0.,0.,-1.));
#2504=DIRECTION('',(-1.,0.,0.));
#2505=DIRECTION('',(0.,0.,1.));
#2506=DIRECTION('',(1.,0.,0.));
#2507=DIRECTION('',(0.,0.,-1.));
#2508=DIRECTION('',(-1.,0.,0.));
#2509=DIRECTION('',(0.,0.,1.));
#2510=DIRECTION('',(1.,0.,0.));
#2511=DIRECTION('',(0.,0.,-1.));
#2512=DIRECTION('',(0.,0.,1.));
#2513=DIRECTION('',(1.,0.,0.));
#2514=DIRECTION('',(0.,0.,-1.));
#2515=DIRECTION('',(-1.,0.,0.));
#2516=DIRECTION('',(0.,0.,-1.));
#2517=DIRECTION('',(1.,0.,0.));
#2518=DIRECTION('',(0.,0.,-1.));
#2519=DIRECTION('',(-1.,0.,0.));
#2520=DIRECTION('',(0.,0.,-1.));
#2521=DIRECTION('',(-1.,0.,0.));
#2522=DIRECTION('',(0.,0.,-1.));
#2523=DIRECTION('',(-1.,0.,0.));
#2524=DIRECTION('',(0.,-1.,0.));
#2525=DIRECTION('',(1.,0.,0.));
#2526=DIRECTION('',(0.,-1.,0.));
#2527=DIRECTION('',(1.,0.,0.));
#2528=DIRECTION('',(0.,0.,-1.));
#2529=DIRECTION('',(-1.,0.,0.));
#2530=DIRECTION('',(1.,0.,0.));
#2531=DIRECTION('',(0.,-1.,0.));
#2532=DIRECTION('',(1.,0.,0.));
#2533=DIRECTION('',(0.,-1.,0.));
#2534=DIRECTION('',(0.,0.,1.));
#2535=DIRECTION('',(1.,0.,0.));
#2536=DIRECTION('',(0.,1.,0.));
#2537=DIRECTION('',(1.,0.,0.));
#2538=DIRECTION('',(0.,1.,0.));
#2539=DIRECTION('',(1.,0.,0.));
#2540=DIRECTION('',(0.,0.,1.));
#2541=DIRECTION('',(1.,0.,0.));
#2542=DIRECTION('',(1.,0.,0.));
#2543=DIRECTION('',(0.,1.,0.));
#2544=DIRECTION('',(1.,0.,0.));
#2545=DIRECTION('',(0.,1.,0.));
#2546=DIRECTION('',(-1.,0.,0.));
#2547=DIRECTION('',(0.,0.,1.));
#2548=DIRECTION('',(1.,0.,0.));
#2549=DIRECTION('',(0.,-0.514781507049343,0.857321409974116));
#2550=DIRECTION('',(-1.,0.,0.));
#2551=DIRECTION('',(1.,0.,0.));
#2552=DIRECTION('',(0.,-0.514781507049343,0.857321409974116));
#2553=DIRECTION('',(-1.,0.,0.));
#2554=DIRECTION('',(-1.,0.,0.));
#2555=DIRECTION('',(0.,0.,1.));
#2556=DIRECTION('',(1.,0.,0.));
#2557=DIRECTION('',(0.,-0.514781507049343,0.857321409974116));
#2558=DIRECTION('',(-1.,0.,0.));
#2559=DIRECTION('',(1.,0.,0.));
#2560=DIRECTION('',(0.,-0.514781507049343,0.857321409974116));
#2561=DIRECTION('',(-1.,0.,0.));
#2562=DIRECTION('',(-1.,0.,0.));
#2563=DIRECTION('',(0.,0.,1.));
#2564=DIRECTION('',(1.,0.,0.));
#2565=DIRECTION('',(0.,0.514781507049358,-0.857321409974108));
#2566=DIRECTION('',(-1.,0.,0.));
#2567=DIRECTION('',(1.,0.,0.));
#2568=DIRECTION('',(0.,0.514781507049358,-0.857321409974108));
#2569=DIRECTION('',(-1.,0.,0.));
#2570=DIRECTION('',(-1.,0.,0.));
#2571=DIRECTION('',(0.,0.,1.));
#2572=DIRECTION('',(1.,0.,0.));
#2573=DIRECTION('',(0.,0.514781507049358,-0.857321409974108));
#2574=DIRECTION('',(-1.,0.,0.));
#2575=DIRECTION('',(1.,0.,0.));
#2576=DIRECTION('',(0.,0.514781507049358,-0.857321409974108));
#2577=DIRECTION('',(-1.,0.,0.));
#2578=DIRECTION('',(-1.,0.,0.));
#2579=DIRECTION('',(0.,0.,1.));
#2580=DIRECTION('',(1.,0.,0.));
#2581=DIRECTION('',(0.,-0.514781507049345,0.857321409974116));
#2582=DIRECTION('',(-1.,0.,0.));
#2583=DIRECTION('',(1.,0.,0.));
#2584=DIRECTION('',(0.,-0.514781507049345,0.857321409974116));
#2585=DIRECTION('',(-1.,0.,0.));
#2586=DIRECTION('',(-1.,0.,0.));
#2587=DIRECTION('',(0.,0.,1.));
#2588=DIRECTION('',(1.,0.,0.));
#2589=DIRECTION('',(0.,-0.514781507049345,0.857321409974116));
#2590=DIRECTION('',(-1.,0.,0.));
#2591=DIRECTION('',(1.,0.,0.));
#2592=DIRECTION('',(0.,-0.514781507049345,0.857321409974116));
#2593=DIRECTION('',(-1.,0.,0.));
#2594=DIRECTION('',(-1.,0.,0.));
#2595=DIRECTION('',(0.,0.,1.));
#2596=DIRECTION('',(1.,0.,0.));
#2597=DIRECTION('',(0.,0.514781507049363,-0.857321409974105));
#2598=DIRECTION('',(-1.,0.,0.));
#2599=DIRECTION('',(1.,0.,0.));
#2600=DIRECTION('',(0.,0.514781507049363,-0.857321409974105));
#2601=DIRECTION('',(-1.,0.,0.));
#2602=DIRECTION('',(-1.,0.,0.));
#2603=DIRECTION('',(0.,0.,1.));
#2604=DIRECTION('',(1.,0.,0.));
#2605=DIRECTION('',(0.,0.514781507049363,-0.857321409974105));
#2606=DIRECTION('',(-1.,0.,0.));
#2607=DIRECTION('',(1.,0.,0.));
#2608=DIRECTION('',(0.,0.514781507049363,-0.857321409974105));
#2609=DIRECTION('',(-1.,0.,0.));
#2610=DIRECTION('',(-1.,0.,0.));
#2611=DIRECTION('',(0.,0.,1.));
#2612=DIRECTION('',(1.,0.,0.));
#2613=DIRECTION('',(0.,-0.514781507049345,0.857321409974116));
#2614=DIRECTION('',(-1.,0.,0.));
#2615=DIRECTION('',(1.,0.,0.));
#2616=DIRECTION('',(0.,-0.514781507049345,0.857321409974116));
#2617=DIRECTION('',(-1.,0.,0.));
#2618=DIRECTION('',(-1.,0.,0.));
#2619=DIRECTION('',(0.,0.,1.));
#2620=DIRECTION('',(1.,0.,0.));
#2621=DIRECTION('',(0.,-0.514781507049345,0.857321409974116));
#2622=DIRECTION('',(-1.,0.,0.));
#2623=DIRECTION('',(1.,0.,0.));
#2624=DIRECTION('',(0.,-0.514781507049345,0.857321409974116));
#2625=DIRECTION('',(-1.,0.,0.));
#2626=DIRECTION('',(-1.,0.,0.));
#2627=DIRECTION('',(0.,0.,1.));
#2628=DIRECTION('',(1.,0.,0.));
#2629=DIRECTION('',(0.,0.514781507049356,-0.857321409974109));
#2630=DIRECTION('',(-1.,0.,0.));
#2631=DIRECTION('',(1.,0.,0.));
#2632=DIRECTION('',(0.,0.514781507049356,-0.857321409974109));
#2633=DIRECTION('',(-1.,0.,0.));
#2634=DIRECTION('',(-1.,0.,0.));
#2635=DIRECTION('',(0.,0.,1.));
#2636=DIRECTION('',(1.,0.,0.));
#2637=DIRECTION('',(0.,0.514781507049356,-0.857321409974109));
#2638=DIRECTION('',(-1.,0.,0.));
#2639=DIRECTION('',(1.,0.,0.));
#2640=DIRECTION('',(0.,0.514781507049356,-0.857321409974109));
#2641=DIRECTION('',(-1.,0.,0.));
#2642=DIRECTION('',(1.,0.,0.));
#2643=DIRECTION('',(0.,1.,0.));
#2644=DIRECTION('',(0.,1.,-4.33680868994202E-16));
#2645=DIRECTION('',(0.,1.,4.21228096828878E-16));
#2646=DIRECTION('',(1.,0.,0.));
#2647=DIRECTION('',(0.,1.,0.));
#2648=DIRECTION('',(0.,1.,-4.33680868994202E-16));
#2649=DIRECTION('',(0.,1.,4.21228096828878E-16));
#2650=DIRECTION('',(1.,0.,0.));
#2651=DIRECTION('',(0.,1.,0.));
#2652=DIRECTION('',(0.,1.,-4.33680868994202E-16));
#2653=DIRECTION('',(0.,1.,4.21228096828878E-16));
#2654=DIRECTION('',(1.,0.,0.));
#2655=DIRECTION('',(0.,1.,0.));
#2656=DIRECTION('',(1.,0.,0.));
#2657=DIRECTION('',(0.,0.514781507049356,-0.857321409974109));
#2658=DIRECTION('',(1.,0.,0.));
#2659=DIRECTION('',(0.,-0.514781507049345,0.857321409974116));
#2660=DIRECTION('',(1.,0.,0.));
#2661=DIRECTION('',(0.,1.,0.));
#2662=DIRECTION('',(1.,0.,0.));
#2663=DIRECTION('',(0.,0.514781507049363,-0.857321409974105));
#2664=DIRECTION('',(1.,0.,0.));
#2665=DIRECTION('',(0.,-0.514781507049343,0.857321409974116));
#2666=DIRECTION('',(1.,0.,0.));
#2667=DIRECTION('',(0.,1.,0.));
#2668=DIRECTION('',(1.,0.,0.));
#2669=DIRECTION('',(0.,-0.514781507049343,0.857321409974116));
#2670=DIRECTION('',(1.,0.,0.));
#2671=DIRECTION('',(0.,0.514781507049363,-0.857321409974105));
#2672=DIRECTION('',(0.,1.,4.21228096828878E-16));
#2673=DIRECTION('',(1.,0.,0.));
#2674=DIRECTION('',(0.,-0.514781507049345,0.857321409974116));
#2675=DIRECTION('',(1.,0.,0.));
#2676=DIRECTION('',(0.,0.514781507049356,-0.857321409974109));
#2677=DIRECTION('',(0.,1.,4.21228096828878E-16));
#2678=DIRECTION('',(1.,0.,0.));
#2679=DIRECTION('',(0.,-0.514781507049345,0.857321409974116));
#2680=DIRECTION('',(0.,1.,0.));
#2681=DIRECTION('',(1.,0.,0.));
#2682=DIRECTION('',(0.,0.514781507049356,-0.857321409974109));
#2683=DIRECTION('',(1.,0.,0.));
#2684=DIRECTION('',(0.,-0.514781507049345,0.857321409974116));
#2685=DIRECTION('',(0.,1.,0.));
#2686=DIRECTION('',(1.,0.,0.));
#2687=DIRECTION('',(0.,0.514781507049363,-0.857321409974105));
#2688=DIRECTION('',(1.,0.,0.));
#2689=DIRECTION('',(0.,-0.514781507049343,0.857321409974116));
#2690=DIRECTION('',(0.,1.,0.));
#2691=DIRECTION('',(1.,0.,0.));
#2692=DIRECTION('',(0.,0.514781507049358,-0.857321409974108));
#2693=DIRECTION('',(0.,1.,4.21228096828878E-16));
#2694=DIRECTION('',(0.,0.,-1.));
#2695=DIRECTION('',(-1.,0.,0.));
#2696=DIRECTION('',(0.,1.,0.));
#2697=DIRECTION('',(0.,1.,0.));
#2698=DIRECTION('',(0.,-4.21228096828878E-16,1.));
#2699=DIRECTION('',(0.,-1.,-4.21228096828878E-16));
#2700=DIRECTION('',(0.,1.,4.21228096828878E-16));
#2701=DIRECTION('',(0.,0.,-1.));
#2702=DIRECTION('',(-1.,0.,0.));
#2703=DIRECTION('',(-1.,0.,0.));
#2704=DIRECTION('',(-1.,0.,0.));
#2705=DIRECTION('',(0.,1.,0.));
#2706=DIRECTION('',(-1.,0.,0.));
#2707=DIRECTION('',(0.,0.,1.));
#2708=DIRECTION('',(-1.,0.,0.));
#2709=DIRECTION('',(1.,0.,0.));
#2710=DIRECTION('',(0.,0.514781507049358,-0.857321409974108));
#2711=DIRECTION('',(0.,-4.21228096828878E-16,1.));
#2712=DIRECTION('',(0.,-1.,-4.21228096828878E-16));
#2713=DIRECTION('',(-1.,0.,0.));
#2714=DIRECTION('',(0.,1.,4.21228096828878E-16));
#2715=DIRECTION('',(-1.,0.,0.));
#2716=DIRECTION('',(0.,0.,1.));
#2717=DIRECTION('',(1.,0.,0.));
#2718=DIRECTION('',(0.,-0.514781507049343,0.857321409974116));
#2719=DIRECTION('',(1.,0.,0.));
#2720=DIRECTION('',(0.,0.,-1.));
#2721=DIRECTION('',(0.,1.,-4.33680868994202E-16));
#2722=DIRECTION('',(0.,1.,-4.33680868994202E-16));
#2723=DIRECTION('',(0.,0.,-1.));
#2724=DIRECTION('',(-1.,0.,0.));
#2725=DIRECTION('',(0.,1.,0.));
#2726=DIRECTION('',(0.,1.,0.));
#2727=DIRECTION('',(-1.,0.,0.));
#2728=DIRECTION('',(0.,0.,1.));
#2729=DIRECTION('',(-1.,0.,0.));
#2730=DIRECTION('',(-1.,0.,0.));
#2731=DIRECTION('',(1.,0.,0.));
#2732=DIRECTION('',(0.,-0.514781507049345,0.857321409974116));
#2733=DIRECTION('',(0.,-4.21228096828878E-16,1.));
#2734=DIRECTION('',(0.,-1.,-4.21228096828878E-16));
#2735=DIRECTION('',(-1.,0.,0.));
#2736=DIRECTION('',(0.,1.,4.21228096828878E-16));
#2737=DIRECTION('',(-1.,0.,0.));
#2738=DIRECTION('',(0.,0.,1.));
#2739=DIRECTION('',(-1.,0.,0.));
#2740=DIRECTION('',(1.,0.,0.));
#2741=DIRECTION('',(0.,0.514781507049363,-0.857321409974105));
#2742=DIRECTION('',(0.,0.,-1.));
#2743=DIRECTION('',(-1.,0.,0.));
#2744=DIRECTION('',(0.,1.,0.));
#2745=DIRECTION('',(0.,-4.21228096828878E-16,1.));
#2746=DIRECTION('',(0.,-1.,-4.21228096828878E-16));
#2747=DIRECTION('',(0.,1.,4.21228096828878E-16));
#2748=DIRECTION('',(1.,0.,0.));
#2749=DIRECTION('',(0.,0.,-1.));
#2750=DIRECTION('',(0.,1.,-4.33680868994202E-16));
#2751=DIRECTION('',(0.,1.,-4.33680868994202E-16));
#2752=DIRECTION('',(0.,0.,-1.));
#2753=DIRECTION('',(-1.,0.,0.));
#2754=DIRECTION('',(0.,1.,0.));
#2755=DIRECTION('',(0.,1.,0.));
#2756=DIRECTION('',(0.,-4.21228096828878E-16,1.));
#2757=DIRECTION('',(0.,-1.,-4.21228096828878E-16));
#2758=DIRECTION('',(0.,1.,4.21228096828878E-16));
#2759=DIRECTION('',(0.,0.,-1.));
#2760=DIRECTION('',(-1.,0.,0.));
#2761=DIRECTION('',(-1.,0.,0.));
#2762=DIRECTION('',(-1.,0.,0.));
#2763=DIRECTION('',(0.,1.,0.));
#2764=DIRECTION('',(-1.,0.,0.));
#2765=DIRECTION('',(0.,0.,1.));
#2766=DIRECTION('',(-1.,0.,0.));
#2767=DIRECTION('',(1.,0.,0.));
#2768=DIRECTION('',(0.,0.514781507049356,-0.857321409974109));
#2769=DIRECTION('',(0.,-4.21228096828878E-16,1.));
#2770=DIRECTION('',(0.,-1.,-4.21228096828878E-16));
#2771=DIRECTION('',(-1.,0.,0.));
#2772=DIRECTION('',(0.,1.,4.21228096828878E-16));
#2773=DIRECTION('',(-1.,0.,0.));
#2774=DIRECTION('',(0.,0.,1.));
#2775=DIRECTION('',(1.,0.,0.));
#2776=DIRECTION('',(0.,-0.514781507049345,0.857321409974116));
#2777=DIRECTION('',(1.,0.,0.));
#2778=DIRECTION('',(0.,0.,-1.));
#2779=DIRECTION('',(0.,1.,-4.33680868994202E-16));
#2780=DIRECTION('',(0.,1.,-4.33680868994202E-16));
#2781=DIRECTION('',(1.,0.,0.));
#2782=DIRECTION('',(0.,1.,0.));
#2783=DIRECTION('',(0.,1.,-4.33680868994202E-16));
#2784=DIRECTION('',(1.,0.,0.));
#2785=DIRECTION('',(0.,1.,0.));
#2786=DIRECTION('',(0.,1.,-4.33680868994202E-16));
#2787=DIRECTION('',(1.,0.,0.));
#2788=DIRECTION('',(0.,1.,0.));
#2789=DIRECTION('',(0.,1.,-4.33680868994202E-16));
#2790=DIRECTION('',(0.,-4.33680868994202E-16,-1.));
#2791=DIRECTION('',(0.,1.,-4.33680868994202E-16));
#2792=DIRECTION('',(0.,4.33680868994202E-16,1.));
#2793=DIRECTION('',(0.,-1.,4.33680868994202E-16));
#2794=DIRECTION('',(0.,-4.33680868994202E-16,-1.));
#2795=DIRECTION('',(0.,1.,-4.33680868994202E-16));
#2796=DIRECTION('',(0.,4.33680868994202E-16,1.));
#2797=DIRECTION('',(0.,-1.,4.33680868994202E-16));
#2798=DIRECTION('',(0.,-4.33680868994202E-16,-1.));
#2799=DIRECTION('',(0.,1.,-4.33680868994202E-16));
#2800=DIRECTION('',(0.,4.33680868994202E-16,1.));
#2801=DIRECTION('',(0.,-1.,4.33680868994202E-16));
#2802=DIRECTION('',(0.,0.,-1.));
#2803=DIRECTION('',(1.,0.,0.));
#2804=DIRECTION('',(0.,-1.,0.));
#2805=DIRECTION('',(-1.,0.,0.));
#2806=DIRECTION('',(0.,-1.,0.));
#2807=DIRECTION('',(-1.,0.,0.));
#2808=DIRECTION('',(0.,0.,-1.));
#2809=DIRECTION('',(1.,0.,0.));
#2810=DIRECTION('',(-1.,0.,0.));
#2811=DIRECTION('',(0.,-1.,0.));
#2812=DIRECTION('',(-1.,0.,0.));
#2813=DIRECTION('',(0.,-1.,0.));
#2814=DIRECTION('',(0.,0.,1.));
#2815=DIRECTION('',(-1.,0.,0.));
#2816=DIRECTION('',(0.,1.,0.));
#2817=DIRECTION('',(-1.,0.,0.));
#2818=DIRECTION('',(0.,1.,0.));
#2819=DIRECTION('',(-1.,0.,0.));
#2820=DIRECTION('',(0.,0.,1.));
#2821=DIRECTION('',(-1.,0.,0.));
#2822=DIRECTION('',(-1.,0.,0.));
#2823=DIRECTION('',(0.,1.,0.));
#2824=DIRECTION('',(-1.,0.,0.));
#2825=DIRECTION('',(0.,1.,0.));
#2826=DIRECTION('',(1.,0.,0.));
#2827=DIRECTION('',(0.,0.,1.));
#2828=DIRECTION('',(1.,0.,0.));
#2829=DIRECTION('',(0.,-0.514781507049343,0.857321409974116));
#2830=DIRECTION('',(1.,0.,0.));
#2831=DIRECTION('',(1.,0.,0.));
#2832=DIRECTION('',(0.,-0.514781507049343,0.857321409974116));
#2833=DIRECTION('',(1.,0.,0.));
#2834=DIRECTION('',(1.,0.,0.));
#2835=DIRECTION('',(0.,0.,1.));
#2836=DIRECTION('',(1.,0.,0.));
#2837=DIRECTION('',(0.,-0.514781507049343,0.857321409974116));
#2838=DIRECTION('',(1.,0.,0.));
#2839=DIRECTION('',(1.,0.,0.));
#2840=DIRECTION('',(0.,-0.514781507049343,0.857321409974116));
#2841=DIRECTION('',(1.,0.,0.));
#2842=DIRECTION('',(1.,0.,0.));
#2843=DIRECTION('',(0.,0.,1.));
#2844=DIRECTION('',(1.,0.,0.));
#2845=DIRECTION('',(0.,0.514781507049358,-0.857321409974108));
#2846=DIRECTION('',(1.,0.,0.));
#2847=DIRECTION('',(1.,0.,0.));
#2848=DIRECTION('',(0.,0.514781507049358,-0.857321409974108));
#2849=DIRECTION('',(1.,0.,0.));
#2850=DIRECTION('',(1.,0.,0.));
#2851=DIRECTION('',(0.,0.,1.));
#2852=DIRECTION('',(1.,0.,0.));
#2853=DIRECTION('',(0.,0.514781507049358,-0.857321409974108));
#2854=DIRECTION('',(1.,0.,0.));
#2855=DIRECTION('',(1.,0.,0.));
#2856=DIRECTION('',(0.,0.514781507049358,-0.857321409974108));
#2857=DIRECTION('',(1.,0.,0.));
#2858=DIRECTION('',(1.,0.,0.));
#2859=DIRECTION('',(0.,0.,1.));
#2860=DIRECTION('',(1.,0.,0.));
#2861=DIRECTION('',(0.,-0.514781507049345,0.857321409974116));
#2862=DIRECTION('',(1.,0.,0.));
#2863=DIRECTION('',(1.,0.,0.));
#2864=DIRECTION('',(0.,-0.514781507049345,0.857321409974116));
#2865=DIRECTION('',(1.,0.,0.));
#2866=DIRECTION('',(1.,0.,0.));
#2867=DIRECTION('',(0.,0.,1.));
#2868=DIRECTION('',(1.,0.,0.));
#2869=DIRECTION('',(0.,-0.514781507049345,0.857321409974116));
#2870=DIRECTION('',(1.,0.,0.));
#2871=DIRECTION('',(1.,0.,0.));
#2872=DIRECTION('',(0.,-0.514781507049345,0.857321409974116));
#2873=DIRECTION('',(1.,0.,0.));
#2874=DIRECTION('',(1.,0.,0.));
#2875=DIRECTION('',(0.,0.,1.));
#2876=DIRECTION('',(1.,0.,0.));
#2877=DIRECTION('',(0.,0.514781507049363,-0.857321409974105));
#2878=DIRECTION('',(1.,0.,0.));
#2879=DIRECTION('',(1.,0.,0.));
#2880=DIRECTION('',(0.,0.514781507049363,-0.857321409974105));
#2881=DIRECTION('',(1.,0.,0.));
#2882=DIRECTION('',(1.,0.,0.));
#2883=DIRECTION('',(0.,0.,1.));
#2884=DIRECTION('',(1.,0.,0.));
#2885=DIRECTION('',(0.,0.514781507049363,-0.857321409974105));
#2886=DIRECTION('',(1.,0.,0.));
#2887=DIRECTION('',(1.,0.,0.));
#2888=DIRECTION('',(0.,0.514781507049363,-0.857321409974105));
#2889=DIRECTION('',(1.,0.,0.));
#2890=DIRECTION('',(1.,0.,0.));
#2891=DIRECTION('',(0.,0.,1.));
#2892=DIRECTION('',(1.,0.,0.));
#2893=DIRECTION('',(0.,-0.514781507049345,0.857321409974116));
#2894=DIRECTION('',(1.,0.,0.));
#2895=DIRECTION('',(1.,0.,0.));
#2896=DIRECTION('',(0.,-0.514781507049345,0.857321409974116));
#2897=DIRECTION('',(1.,0.,0.));
#2898=DIRECTION('',(1.,0.,0.));
#2899=DIRECTION('',(0.,0.,1.));
#2900=DIRECTION('',(1.,0.,0.));
#2901=DIRECTION('',(0.,-0.514781507049345,0.857321409974116));
#2902=DIRECTION('',(1.,0.,0.));
#2903=DIRECTION('',(1.,0.,0.));
#2904=DIRECTION('',(0.,-0.514781507049345,0.857321409974116));
#2905=DIRECTION('',(1.,0.,0.));
#2906=DIRECTION('',(1.,0.,0.));
#2907=DIRECTION('',(0.,0.,1.));
#2908=DIRECTION('',(1.,0.,0.));
#2909=DIRECTION('',(0.,0.514781507049356,-0.857321409974109));
#2910=DIRECTION('',(1.,0.,0.));
#2911=DIRECTION('',(1.,0.,0.));
#2912=DIRECTION('',(0.,0.514781507049356,-0.857321409974109));
#2913=DIRECTION('',(1.,0.,0.));
#2914=DIRECTION('',(1.,0.,0.));
#2915=DIRECTION('',(0.,0.,1.));
#2916=DIRECTION('',(1.,0.,0.));
#2917=DIRECTION('',(0.,0.514781507049356,-0.857321409974109));
#2918=DIRECTION('',(1.,0.,0.));
#2919=DIRECTION('',(1.,0.,0.));
#2920=DIRECTION('',(0.,0.514781507049356,-0.857321409974109));
#2921=DIRECTION('',(1.,0.,0.));
#2922=DIRECTION('',(-1.,0.,0.));
#2923=DIRECTION('',(0.,1.,0.));
#2924=DIRECTION('',(0.,1.,-4.33680868994202E-16));
#2925=DIRECTION('',(0.,1.,4.21228096828878E-16));
#2926=DIRECTION('',(-1.,0.,0.));
#2927=DIRECTION('',(0.,1.,0.));
#2928=DIRECTION('',(0.,1.,-4.33680868994202E-16));
#2929=DIRECTION('',(0.,1.,4.21228096828878E-16));
#2930=DIRECTION('',(-1.,0.,0.));
#2931=DIRECTION('',(0.,1.,0.));
#2932=DIRECTION('',(0.,1.,-4.33680868994202E-16));
#2933=DIRECTION('',(0.,1.,4.21228096828878E-16));
#2934=DIRECTION('',(-1.,0.,0.));
#2935=DIRECTION('',(0.,1.,0.));
#2936=DIRECTION('',(1.,0.,0.));
#2937=DIRECTION('',(0.,0.514781507049356,-0.857321409974109));
#2938=DIRECTION('',(1.,0.,0.));
#2939=DIRECTION('',(0.,-0.514781507049345,0.857321409974116));
#2940=DIRECTION('',(-1.,0.,0.));
#2941=DIRECTION('',(0.,1.,0.));
#2942=DIRECTION('',(1.,0.,0.));
#2943=DIRECTION('',(0.,0.514781507049363,-0.857321409974105));
#2944=DIRECTION('',(1.,0.,0.));
#2945=DIRECTION('',(0.,-0.514781507049343,0.857321409974116));
#2946=DIRECTION('',(-1.,0.,0.));
#2947=DIRECTION('',(0.,1.,0.));
#2948=DIRECTION('',(1.,0.,0.));
#2949=DIRECTION('',(0.,-0.514781507049343,0.857321409974116));
#2950=DIRECTION('',(0.,1.,4.21228096828878E-16));
#2951=DIRECTION('',(1.,0.,0.));
#2952=DIRECTION('',(0.,0.514781507049358,-0.857321409974108));
#2953=DIRECTION('',(0.,1.,0.));
#2954=DIRECTION('',(1.,0.,0.));
#2955=DIRECTION('',(0.,-0.514781507049343,0.857321409974116));
#2956=DIRECTION('',(1.,0.,0.));
#2957=DIRECTION('',(0.,0.514781507049363,-0.857321409974105));
#2958=DIRECTION('',(0.,1.,0.));
#2959=DIRECTION('',(1.,0.,0.));
#2960=DIRECTION('',(0.,-0.514781507049345,0.857321409974116));
#2961=DIRECTION('',(1.,0.,0.));
#2962=DIRECTION('',(0.,0.514781507049356,-0.857321409974109));
#2963=DIRECTION('',(0.,1.,0.));
#2964=DIRECTION('',(1.,0.,0.));
#2965=DIRECTION('',(0.,-0.514781507049345,0.857321409974116));
#2966=DIRECTION('',(0.,1.,4.21228096828878E-16));
#2967=DIRECTION('',(1.,0.,0.));
#2968=DIRECTION('',(0.,0.514781507049356,-0.857321409974109));
#2969=DIRECTION('',(1.,0.,0.));
#2970=DIRECTION('',(0.,-0.514781507049345,0.857321409974116));
#2971=DIRECTION('',(0.,1.,4.21228096828878E-16));
#2972=DIRECTION('',(1.,0.,0.));
#2973=DIRECTION('',(0.,0.514781507049363,-0.857321409974105));
#2974=DIRECTION('',(0.,0.,-1.));
#2975=DIRECTION('',(1.,0.,0.));
#2976=DIRECTION('',(0.,1.,0.));
#2977=DIRECTION('',(0.,1.,0.));
#2978=DIRECTION('',(0.,-4.21228096828878E-16,1.));
#2979=DIRECTION('',(0.,-1.,-4.21228096828878E-16));
#2980=DIRECTION('',(0.,1.,4.21228096828878E-16));
#2981=DIRECTION('',(0.,0.,-1.));
#2982=DIRECTION('',(1.,0.,0.));
#2983=DIRECTION('',(1.,0.,0.));
#2984=DIRECTION('',(0.,1.,0.));
#2985=DIRECTION('',(1.,0.,0.));
#2986=DIRECTION('',(1.,0.,0.));
#2987=DIRECTION('',(0.,0.,1.));
#2988=DIRECTION('',(1.,0.,0.));
#2989=DIRECTION('',(1.,0.,0.));
#2990=DIRECTION('',(0.,0.514781507049358,-0.857321409974108));
#2991=DIRECTION('',(0.,-4.21228096828878E-16,1.));
#2992=DIRECTION('',(0.,-1.,-4.21228096828878E-16));
#2993=DIRECTION('',(1.,0.,0.));
#2994=DIRECTION('',(0.,1.,4.21228096828878E-16));
#2995=DIRECTION('',(1.,0.,0.));
#2996=DIRECTION('',(0.,0.,1.));
#2997=DIRECTION('',(1.,0.,0.));
#2998=DIRECTION('',(0.,-0.514781507049343,0.857321409974116));
#2999=DIRECTION('',(-1.,0.,0.));
#3000=DIRECTION('',(0.,0.,-1.));
#3001=DIRECTION('',(0.,1.,-4.33680868994202E-16));
#3002=DIRECTION('',(0.,1.,-4.33680868994202E-16));
#3003=DIRECTION('',(0.,0.,-1.));
#3004=DIRECTION('',(1.,0.,0.));
#3005=DIRECTION('',(0.,1.,0.));
#3006=DIRECTION('',(0.,1.,0.));
#3007=DIRECTION('',(1.,0.,0.));
#3008=DIRECTION('',(0.,0.,1.));
#3009=DIRECTION('',(1.,0.,0.));
#3010=DIRECTION('',(1.,0.,0.));
#3011=DIRECTION('',(0.,-0.514781507049345,0.857321409974116));
#3012=DIRECTION('',(1.,0.,0.));
#3013=DIRECTION('',(0.,-4.21228096828878E-16,1.));
#3014=DIRECTION('',(0.,-1.,-4.21228096828878E-16));
#3015=DIRECTION('',(0.,1.,4.21228096828878E-16));
#3016=DIRECTION('',(1.,0.,0.));
#3017=DIRECTION('',(1.,0.,0.));
#3018=DIRECTION('',(0.,0.,1.));
#3019=DIRECTION('',(1.,0.,0.));
#3020=DIRECTION('',(0.,0.514781507049363,-0.857321409974105));
#3021=DIRECTION('',(1.,0.,0.));
#3022=DIRECTION('',(0.,0.,-1.));
#3023=DIRECTION('',(1.,0.,0.));
#3024=DIRECTION('',(0.,1.,0.));
#3025=DIRECTION('',(0.,-4.21228096828878E-16,1.));
#3026=DIRECTION('',(0.,-1.,-4.21228096828878E-16));
#3027=DIRECTION('',(0.,1.,4.21228096828878E-16));
#3028=DIRECTION('',(-1.,0.,0.));
#3029=DIRECTION('',(0.,0.,-1.));
#3030=DIRECTION('',(0.,1.,-4.33680868994202E-16));
#3031=DIRECTION('',(0.,1.,-4.33680868994202E-16));
#3032=DIRECTION('',(0.,0.,-1.));
#3033=DIRECTION('',(1.,0.,0.));
#3034=DIRECTION('',(0.,1.,0.));
#3035=DIRECTION('',(0.,1.,0.));
#3036=DIRECTION('',(0.,-4.21228096828878E-16,1.));
#3037=DIRECTION('',(0.,-1.,-4.21228096828878E-16));
#3038=DIRECTION('',(0.,1.,4.21228096828878E-16));
#3039=DIRECTION('',(0.,0.,-1.));
#3040=DIRECTION('',(1.,0.,0.));
#3041=DIRECTION('',(1.,0.,0.));
#3042=DIRECTION('',(0.,1.,0.));
#3043=DIRECTION('',(1.,0.,0.));
#3044=DIRECTION('',(1.,0.,0.));
#3045=DIRECTION('',(0.,0.,1.));
#3046=DIRECTION('',(1.,0.,0.));
#3047=DIRECTION('',(1.,0.,0.));
#3048=DIRECTION('',(0.,0.514781507049356,-0.857321409974109));
#3049=DIRECTION('',(0.,-4.21228096828878E-16,1.));
#3050=DIRECTION('',(0.,-1.,-4.21228096828878E-16));
#3051=DIRECTION('',(1.,0.,0.));
#3052=DIRECTION('',(0.,1.,4.21228096828878E-16));
#3053=DIRECTION('',(1.,0.,0.));
#3054=DIRECTION('',(0.,0.,1.));
#3055=DIRECTION('',(1.,0.,0.));
#3056=DIRECTION('',(0.,-0.514781507049345,0.857321409974116));
#3057=DIRECTION('',(-1.,0.,0.));
#3058=DIRECTION('',(0.,0.,-1.));
#3059=DIRECTION('',(0.,1.,-4.33680868994202E-16));
#3060=DIRECTION('',(0.,1.,-4.33680868994202E-16));
#3061=DIRECTION('',(-1.,0.,0.));
#3062=DIRECTION('',(0.,1.,0.));
#3063=DIRECTION('',(0.,1.,-4.33680868994202E-16));
#3064=DIRECTION('',(-1.,0.,0.));
#3065=DIRECTION('',(0.,1.,0.));
#3066=DIRECTION('',(0.,1.,-4.33680868994202E-16));
#3067=DIRECTION('',(-1.,0.,0.));
#3068=DIRECTION('',(0.,1.,0.));
#3069=DIRECTION('',(0.,1.,-4.33680868994202E-16));
#3070=DIRECTION('',(0.,-4.33680868994202E-16,-1.));
#3071=DIRECTION('',(0.,1.,-4.33680868994202E-16));
#3072=DIRECTION('',(0.,4.33680868994202E-16,1.));
#3073=DIRECTION('',(0.,-1.,4.33680868994202E-16));
#3074=DIRECTION('',(0.,-4.33680868994202E-16,-1.));
#3075=DIRECTION('',(0.,1.,-4.33680868994202E-16));
#3076=DIRECTION('',(0.,4.33680868994202E-16,1.));
#3077=DIRECTION('',(0.,-1.,4.33680868994202E-16));
#3078=DIRECTION('',(0.,-4.33680868994202E-16,-1.));
#3079=DIRECTION('',(0.,1.,-4.33680868994202E-16));
#3080=DIRECTION('',(0.,4.33680868994202E-16,1.));
#3081=DIRECTION('',(0.,-1.,4.33680868994202E-16));
#3082=CARTESIAN_POINT('',(0.,0.,0.));
#3083=CARTESIAN_POINT('',(0.0132145973017992,0.0259910995476594,-0.00368718258886362));
#3084=CARTESIAN_POINT('',(-0.00103540269820075,0.0259910995476594,-0.00368718258886362));
#3085=CARTESIAN_POINT('',(-0.00103540269820075,0.0234410995476594,-0.00368718258886362));
#3086=CARTESIAN_POINT('',(-0.00103540269820075,0.0506011437414456,-0.00368718258886362));
#3087=CARTESIAN_POINT('',(0.0132145973017992,0.0506011437414456,-0.00368718258886362));
#3088=CARTESIAN_POINT('',(0.0132145973017992,0.0506011437414456,-0.00368718258886362));
#3089=CARTESIAN_POINT('',(0.0132145973017992,0.0259910995476594,-0.00368718258886362));
#3090=CARTESIAN_POINT('',(0.0132145973017992,0.0234410995476594,-0.00368718258886362));
#3091=CARTESIAN_POINT('',(0.0132145973017992,0.0234410995476594,-0.00368718258886362));
#3092=CARTESIAN_POINT('',(0.0132145973017992,0.0506011437414456,-0.00143718258886363));
#3093=CARTESIAN_POINT('',(-0.00103540269820075,0.0506011437414456,-0.00143718258886363));
#3094=CARTESIAN_POINT('',(-0.00103540269820075,0.0506011437414456,0.000812817411136391));
#3095=CARTESIAN_POINT('',(0.0132145973017992,0.0506011437414456,0.000812817411136391));
#3096=CARTESIAN_POINT('',(0.0132145973017992,0.0506011437414456,0.000812817411136391));
#3097=CARTESIAN_POINT('',(0.0132145973017992,0.0506011437414456,-0.00143718258886363));
#3098=CARTESIAN_POINT('',(0.0132145973017992,0.0536011437414456,0.000812817411136391));
#3099=CARTESIAN_POINT('',(-0.00103540269820075,0.0536011437414456,0.000812817411136391));
#3100=CARTESIAN_POINT('',(-0.00103540269820075,0.0566011437414456,0.000812817411136393));
#3101=CARTESIAN_POINT('',(0.0132145973017992,0.0566011437414456,0.000812817411136393));
#3102=CARTESIAN_POINT('',(0.0132145973017992,0.0566011437414456,0.000812817411136393));
#3103=CARTESIAN_POINT('',(0.0132145973017992,0.0536011437414456,0.000812817411136391));
#3104=CARTESIAN_POINT('',(0.0132145973017992,0.0541937163397541,0.00208781741113638));
#3105=CARTESIAN_POINT('',(-0.00103540269820075,0.0541937163397541,0.00208781741113638));
#3106=CARTESIAN_POINT('',(-0.00103540269820075,0.0517862889380625,0.00336281741113638));
#3107=CARTESIAN_POINT('',(0.0132145973017992,0.0517862889380625,0.00336281741113638));
#3108=CARTESIAN_POINT('',(0.0132145973017992,0.0517862889380625,0.00336281741113638));
#3109=CARTESIAN_POINT('',(0.0132145973017992,0.0541937163397541,0.00208781741113638));
#3110=CARTESIAN_POINT('',(0.0132145973017992,0.035363694242861,0.00336281741113638));
#3111=CARTESIAN_POINT('',(0.00608959730179925,0.035363694242861,0.00336281741113638));
#3112=CARTESIAN_POINT('',(0.00608959730179925,0.032663694242861,0.00336281741113638));
#3113=CARTESIAN_POINT('',(-0.00103540269820075,0.035363694242861,0.00336281741113638));
#3114=CARTESIAN_POINT('',(-0.00103540269820075,0.0189410995476594,0.00336281741113633));
#3115=CARTESIAN_POINT('',(0.0132145973017992,0.0189410995476594,0.00336281741113633));
#3116=CARTESIAN_POINT('',(0.0132145973017992,0.0189410995476594,0.00336281741113633));
#3117=CARTESIAN_POINT('',(0.0132145973017992,0.035363694242861,0.00336281741113638));
#3118=CARTESIAN_POINT('',(0.0132145973017992,0.0189410995476594,0.00208781741113635));
#3119=CARTESIAN_POINT('',(-0.00103540269820075,0.0189410995476594,0.00208781741113635));
#3120=CARTESIAN_POINT('',(-0.00103540269820075,0.0189410995476594,0.000812817411136383));
#3121=CARTESIAN_POINT('',(0.0132145973017992,0.0189410995476594,0.000812817411136383));
#3122=CARTESIAN_POINT('',(0.0132145973017992,0.0189410995476594,0.000812817411136383));
#3123=CARTESIAN_POINT('',(0.0132145973017992,0.0189410995476594,0.00208781741113635));
#3124=CARTESIAN_POINT('',(0.0132145973017992,0.0230386293541836,0.000812817411136383));
#3125=CARTESIAN_POINT('',(-0.00103540269820075,0.0230386293541836,0.000812817411136383));
#3126=CARTESIAN_POINT('',(-0.00103540269820075,0.0234410995476594,0.000812817411136391));
#3127=CARTESIAN_POINT('',(0.0132145973017992,0.0234410995476594,0.000812817411136391));
#3128=CARTESIAN_POINT('',(0.0132145973017992,0.0234410995476594,0.000812817411136391));
#3129=CARTESIAN_POINT('',(0.0132145973017992,0.0230386293541836,0.000812817411136383));
#3130=CARTESIAN_POINT('',(0.0132145973017992,0.0234410995476594,-0.00342735662032758));
#3131=CARTESIAN_POINT('',(-0.00103540269820075,0.0234410995476594,-0.00342735662032758));
#3132=CARTESIAN_POINT('',(0.0132145973017992,0.0234410995476594,-0.00342735662032758));
#3133=CARTESIAN_POINT('',(0.0132145973017992,0.0953235405020533,0.0151694085592437));
#3134=CARTESIAN_POINT('',(0.0132145973017992,0.0259910995476594,-0.00158718258886361));
#3135=CARTESIAN_POINT('',(0.0132145973017992,0.0259910995476594,-0.00361218258886361));
#3136=CARTESIAN_POINT('',(0.0132145973017992,0.0361910995476594,-0.00158718258886361));
#3137=CARTESIAN_POINT('',(0.0132145973017992,0.0361910995476594,-0.00361218258886361));
#3138=CARTESIAN_POINT('',(0.0132145973017992,0.0463910995476595,-0.00158718258886361));
#3139=CARTESIAN_POINT('',(0.0132145973017992,0.0463910995476595,-0.00361218258886361));
#3140=CARTESIAN_POINT('',(-0.00103540269820075,0.0953235405020533,0.0151694085592437));
#3141=CARTESIAN_POINT('',(-0.00103540269820075,0.0259910995476594,-0.00158718258886361));
#3142=CARTESIAN_POINT('',(-0.00103540269820075,0.0259910995476594,-0.00361218258886361));
#3143=CARTESIAN_POINT('',(-0.00103540269820075,0.0361910995476594,-0.00158718258886361));
#3144=CARTESIAN_POINT('',(-0.00103540269820075,0.0361910995476594,-0.00361218258886361));
#3145=CARTESIAN_POINT('',(-0.00103540269820075,0.0463910995476595,-0.00158718258886361));
#3146=CARTESIAN_POINT('',(-0.00103540269820075,0.0463910995476595,-0.00361218258886361));
#3147=CARTESIAN_POINT('',(0.0165895973017993,0.0463910995476595,-0.00158718258886361));
#3148=CARTESIAN_POINT('',(-0.00441040269820075,0.0463910995476595,-0.00158718258886361));
#3149=CARTESIAN_POINT('',(-0.00441040269820075,0.0463910995476595,-0.00361218258886361));
#3150=CARTESIAN_POINT('',(0.0165895973017993,0.0361910995476594,-0.00158718258886361));
#3151=CARTESIAN_POINT('',(-0.00441040269820075,0.0361910995476594,-0.00158718258886361));
#3152=CARTESIAN_POINT('',(-0.00441040269820075,0.0361910995476594,-0.00361218258886361));
#3153=CARTESIAN_POINT('',(0.0165895973017993,0.0259910995476594,-0.00158718258886361));
#3154=CARTESIAN_POINT('',(-0.00441040269820075,0.0259910995476594,-0.00158718258886361));
#3155=CARTESIAN_POINT('',(-0.00441040269820075,0.0259910995476594,-0.00361218258886361));
#3156=CARTESIAN_POINT('',(0.0165895973017993,0.0463910995476595,-0.00158718258886361));
#3157=CARTESIAN_POINT('',(0.0165895973017993,0.0463910995476595,-0.00158718258886361));
#3158=CARTESIAN_POINT('',(0.0165895973017993,0.0463910995476595,-0.00361218258886361));
#3159=CARTESIAN_POINT('',(0.0165895973017993,0.0361910995476594,-0.00158718258886361));
#3160=CARTESIAN_POINT('',(0.0165895973017993,0.0361910995476594,-0.00158718258886361));
#3161=CARTESIAN_POINT('',(0.0165895973017993,0.0361910995476594,-0.00361218258886361));
#3162=CARTESIAN_POINT('',(0.0165895973017993,0.0259910995476594,-0.00158718258886361));
#3163=CARTESIAN_POINT('',(0.0165895973017993,0.0259910995476594,-0.00158718258886361));
#3164=CARTESIAN_POINT('',(0.0165895973017993,0.0259910995476594,-0.00361218258886361));
#3165=CARTESIAN_POINT('',(0.00608959730179925,0.035363694242861,0.00186281741113639));
#3166=CARTESIAN_POINT('',(0.00608959730179925,0.035363694242861,0.00441281741113639));
#3167=CARTESIAN_POINT('',(0.00338959730179925,0.035363694242861,0.00441281741113639));
#3168=CARTESIAN_POINT('',(0.00608959730179925,0.0355500381969297,0.00486281741113638));
#3169=CARTESIAN_POINT('',(0.00608959730179925,0.035363694242861,0.00486281741113638));
#3170=CARTESIAN_POINT('',(0.00383959730179925,0.035363694242861,0.00486281741113638));
#3171=CARTESIAN_POINT('',(0.00608959730179925,0.035363694242861,0.00441281741113639));
#3172=CARTESIAN_POINT('',(0.0180895973017993,0.0310910995476594,-0.00415914681878595));
#3173=CARTESIAN_POINT('',(0.0165895973017993,0.0310910995476594,-0.00415914681878595));
#3174=CARTESIAN_POINT('',(0.0165895973017993,0.0438721712040974,-0.00415914681878595));
#3175=CARTESIAN_POINT('',(0.0165895973017993,0.0387100278912214,-0.00415914681878595));
#3176=CARTESIAN_POINT('',(0.0165895973017993,0.0438721712040974,-0.00415914681878595));
#3177=CARTESIAN_POINT('',(0.0180895973017993,0.0438721712040974,-0.00415914681878595));
#3178=CARTESIAN_POINT('',(0.0180895973017993,0.0310910995476594,-0.00415914681878595));
#3179=CARTESIAN_POINT('',(0.0180895973017993,0.0387100278912214,-0.00415914681878595));
#3180=CARTESIAN_POINT('',(0.0165895973017993,0.0387100278912214,-0.00415914681878595));
#3181=CARTESIAN_POINT('',(0.0180895973017993,0.0310910995476594,-0.00415914681878595));
#3182=CARTESIAN_POINT('',(0.0165895973017993,0.0285100278912215,-0.00415914681878595));
#3183=CARTESIAN_POINT('',(0.0165895973017993,0.0285100278912215,-0.00415914681878595));
#3184=CARTESIAN_POINT('',(0.0180895973017993,0.0285100278912215,-0.00415914681878595));
#3185=CARTESIAN_POINT('',(0.0165895973017993,0.0310910995476594,-0.00415914681878595));
#3186=CARTESIAN_POINT('',(0.0165895973017993,0.0336721712040975,-0.00415914681878595));
#3187=CARTESIAN_POINT('',(0.0165895973017993,0.0336721712040975,-0.00415914681878595));
#3188=CARTESIAN_POINT('',(0.0180895973017993,0.0336721712040975,-0.00415914681878595));
#3189=CARTESIAN_POINT('',(0.0180895973017993,0.0310910995476594,-0.00415914681878595));
#3190=CARTESIAN_POINT('',(0.0180895973017993,0.0310910995476594,0.000984781641058724));
#3191=CARTESIAN_POINT('',(0.0165895973017993,0.0310910995476594,0.000984781641058724));
#3192=CARTESIAN_POINT('',(0.0165895973017993,0.0285100278912215,0.000984781641058724));
#3193=CARTESIAN_POINT('',(0.0165895973017993,0.0336721712040976,0.000984781641058724));
#3194=CARTESIAN_POINT('',(0.0165895973017993,0.0285100278912215,0.000984781641058724));
#3195=CARTESIAN_POINT('',(0.0180895973017993,0.0285100278912215,0.000984781641058724));
#3196=CARTESIAN_POINT('',(0.0180895973017993,0.0310910995476594,0.000984781641058724));
#3197=CARTESIAN_POINT('',(0.0180895973017993,0.0336721712040976,0.000984781641058724));
#3198=CARTESIAN_POINT('',(0.0165895973017993,0.0336721712040976,0.000984781641058724));
#3199=CARTESIAN_POINT('',(0.0180895973017993,0.0310910995476594,0.000984781641058724));
#3200=CARTESIAN_POINT('',(0.0165895973017993,0.0438721712040975,0.000984781641058724));
#3201=CARTESIAN_POINT('',(0.0165895973017993,0.0438721712040975,0.000984781641058724));
#3202=CARTESIAN_POINT('',(0.0180895973017993,0.0438721712040975,0.000984781641058724));
#3203=CARTESIAN_POINT('',(0.0165895973017993,0.0310910995476594,0.000984781641058724));
#3204=CARTESIAN_POINT('',(0.0165895973017993,0.0387100278912213,0.000984781641058724));
#3205=CARTESIAN_POINT('',(0.0165895973017993,0.0387100278912213,0.000984781641058724));
#3206=CARTESIAN_POINT('',(0.0180895973017993,0.0387100278912213,0.000984781641058724));
#3207=CARTESIAN_POINT('',(0.0180895973017993,0.0310910995476594,0.000984781641058724));
#3208=CARTESIAN_POINT('',(0.0186895973017993,0.0463910995476595,-0.00158718258886366));
#3209=CARTESIAN_POINT('',(0.0186895973017993,0.0463910995476595,-0.00158718258886366));
#3210=CARTESIAN_POINT('',(0.0186895973017993,0.0448889047304083,0.000834781641058722));
#3211=CARTESIAN_POINT('',(0.0186895973017993,0.0436049732045085,-0.000987182588863604));
#3212=CARTESIAN_POINT('',(0.0186895973017993,0.0436049732045085,-0.000987182588863604));
#3213=CARTESIAN_POINT('',(0.0180895973017993,0.0436049732045085,-0.000987182588863604));
#3214=CARTESIAN_POINT('',(0.0180895973017993,0.0463910995476595,-0.00158718258886366));
#3215=CARTESIAN_POINT('',(0.0180895973017993,0.0448889047304083,0.000834781641058722));
#3216=CARTESIAN_POINT('',(0.0186895973017993,0.0448889047304083,0.000834781641058722));
#3217=CARTESIAN_POINT('',(0.0186895973017993,0.0463910995476595,-0.00158718258886366));
#3218=CARTESIAN_POINT('',(0.0180895973017993,0.0463910995476595,-0.00158718258886366));
#3219=CARTESIAN_POINT('',(0.0180895973017993,0.0436049732045085,-0.00218718258886361));
#3220=CARTESIAN_POINT('',(0.0180895973017993,0.0448889047304081,-0.00400914681878595));
#3221=CARTESIAN_POINT('',(0.0186895973017993,0.0436049732045085,-0.00218718258886361));
#3222=CARTESIAN_POINT('',(0.0186895973017993,0.0436049732045085,-0.00218718258886361));
#3223=CARTESIAN_POINT('',(0.0186895973017993,0.0463910995476595,-0.00158718258886366));
#3224=CARTESIAN_POINT('',(0.0186895973017993,0.0448889047304081,-0.00400914681878595));
#3225=CARTESIAN_POINT('',(0.0186895973017993,0.0448889047304081,-0.00400914681878595));
#3226=CARTESIAN_POINT('',(0.0186895973017993,0.0463910995476595,-0.00158718258886361));
#3227=CARTESIAN_POINT('',(0.0180895973017993,0.0463910995476595,-0.00158718258886361));
#3228=CARTESIAN_POINT('',(0.0180895973017993,0.0491772258908105,-0.000987182588863606));
#3229=CARTESIAN_POINT('',(0.0180895973017993,0.0478932943649108,0.000834781641058722));
#3230=CARTESIAN_POINT('',(0.0186895973017993,0.0491772258908105,-0.000987182588863606));
#3231=CARTESIAN_POINT('',(0.0186895973017993,0.0491772258908105,-0.000987182588863606));
#3232=CARTESIAN_POINT('',(0.0186895973017993,0.0463910995476595,-0.00158718258886361));
#3233=CARTESIAN_POINT('',(0.0186895973017993,0.0478932943649108,0.000834781641058722));
#3234=CARTESIAN_POINT('',(0.0186895973017993,0.0478932943649108,0.000834781641058722));
#3235=CARTESIAN_POINT('',(0.0186895973017993,0.0463910995476595,-0.00158718258886361));
#3236=CARTESIAN_POINT('',(0.0186895973017993,0.0463910995476595,-0.00158718258886361));
#3237=CARTESIAN_POINT('',(0.0186895973017993,0.0478932943649108,-0.00400914681878595));
#3238=CARTESIAN_POINT('',(0.0186895973017993,0.0491772258908105,-0.00218718258886361));
#3239=CARTESIAN_POINT('',(0.0186895973017993,0.0491772258908105,-0.00218718258886361));
#3240=CARTESIAN_POINT('',(0.0180895973017993,0.0491772258908105,-0.00218718258886361));
#3241=CARTESIAN_POINT('',(0.0180895973017993,0.0463910995476595,-0.00158718258886361));
#3242=CARTESIAN_POINT('',(0.0180895973017993,0.0478932943649108,-0.00400914681878595));
#3243=CARTESIAN_POINT('',(0.0186895973017993,0.0478932943649108,-0.00400914681878595));
#3244=CARTESIAN_POINT('',(0.0186895973017993,0.0361910995476594,-0.00158718258886366));
#3245=CARTESIAN_POINT('',(0.0186895973017993,0.0361910995476594,-0.00158718258886366));
#3246=CARTESIAN_POINT('',(0.0186895973017993,0.0346889047304083,0.000834781641058722));
#3247=CARTESIAN_POINT('',(0.0186895973017993,0.0334049732045085,-0.000987182588863604));
#3248=CARTESIAN_POINT('',(0.0186895973017993,0.0334049732045085,-0.000987182588863604));
#3249=CARTESIAN_POINT('',(0.0180895973017993,0.0334049732045085,-0.000987182588863604));
#3250=CARTESIAN_POINT('',(0.0180895973017993,0.0361910995476594,-0.00158718258886366));
#3251=CARTESIAN_POINT('',(0.0180895973017993,0.0346889047304083,0.000834781641058722));
#3252=CARTESIAN_POINT('',(0.0186895973017993,0.0346889047304083,0.000834781641058722));
#3253=CARTESIAN_POINT('',(0.0186895973017993,0.0361910995476594,-0.00158718258886366));
#3254=CARTESIAN_POINT('',(0.0180895973017993,0.0361910995476594,-0.00158718258886366));
#3255=CARTESIAN_POINT('',(0.0180895973017993,0.0334049732045084,-0.00218718258886361));
#3256=CARTESIAN_POINT('',(0.0180895973017993,0.0346889047304081,-0.00400914681878595));
#3257=CARTESIAN_POINT('',(0.0186895973017993,0.0334049732045084,-0.00218718258886361));
#3258=CARTESIAN_POINT('',(0.0186895973017993,0.0334049732045084,-0.00218718258886361));
#3259=CARTESIAN_POINT('',(0.0186895973017993,0.0361910995476594,-0.00158718258886366));
#3260=CARTESIAN_POINT('',(0.0186895973017993,0.0346889047304081,-0.00400914681878595));
#3261=CARTESIAN_POINT('',(0.0186895973017993,0.0346889047304081,-0.00400914681878595));
#3262=CARTESIAN_POINT('',(0.0186895973017993,0.0361910995476594,-0.00158718258886366));
#3263=CARTESIAN_POINT('',(0.0180895973017993,0.0361910995476594,-0.00158718258886366));
#3264=CARTESIAN_POINT('',(0.0180895973017993,0.0389772258908104,-0.000987182588863606));
#3265=CARTESIAN_POINT('',(0.0180895973017993,0.0376932943649106,0.000834781641058722));
#3266=CARTESIAN_POINT('',(0.0186895973017993,0.0389772258908104,-0.000987182588863606));
#3267=CARTESIAN_POINT('',(0.0186895973017993,0.0389772258908104,-0.000987182588863606));
#3268=CARTESIAN_POINT('',(0.0186895973017993,0.0361910995476594,-0.00158718258886366));
#3269=CARTESIAN_POINT('',(0.0186895973017993,0.0376932943649106,0.000834781641058722));
#3270=CARTESIAN_POINT('',(0.0186895973017993,0.0376932943649106,0.000834781641058722));
#3271=CARTESIAN_POINT('',(0.0186895973017993,0.0361910995476594,-0.00158718258886366));
#3272=CARTESIAN_POINT('',(0.0186895973017993,0.0361910995476594,-0.00158718258886366));
#3273=CARTESIAN_POINT('',(0.0186895973017993,0.0376932943649107,-0.00400914681878595));
#3274=CARTESIAN_POINT('',(0.0186895973017993,0.0389772258908104,-0.00218718258886361));
#3275=CARTESIAN_POINT('',(0.0186895973017993,0.0389772258908104,-0.00218718258886361));
#3276=CARTESIAN_POINT('',(0.0180895973017993,0.0389772258908105,-0.00218718258886361));
#3277=CARTESIAN_POINT('',(0.0180895973017993,0.0361910995476594,-0.00158718258886366));
#3278=CARTESIAN_POINT('',(0.0180895973017993,0.0376932943649107,-0.00400914681878595));
#3279=CARTESIAN_POINT('',(0.0186895973017993,0.0376932943649107,-0.00400914681878595));
#3280=CARTESIAN_POINT('',(0.0186895973017993,0.0259910995476594,-0.00158718258886366));
#3281=CARTESIAN_POINT('',(0.0186895973017993,0.0259910995476594,-0.00158718258886366));
#3282=CARTESIAN_POINT('',(0.0186895973017993,0.0244889047304083,0.000834781641058727));
#3283=CARTESIAN_POINT('',(0.0186895973017993,0.0232049732045085,-0.000987182588863604));
#3284=CARTESIAN_POINT('',(0.0186895973017993,0.0232049732045085,-0.000987182588863604));
#3285=CARTESIAN_POINT('',(0.0180895973017993,0.0232049732045085,-0.000987182588863604));
#3286=CARTESIAN_POINT('',(0.0180895973017993,0.0259910995476594,-0.00158718258886366));
#3287=CARTESIAN_POINT('',(0.0180895973017993,0.0244889047304083,0.000834781641058727));
#3288=CARTESIAN_POINT('',(0.0186895973017993,0.0244889047304083,0.000834781641058727));
#3289=CARTESIAN_POINT('',(0.0186895973017993,0.0259910995476594,-0.00158718258886366));
#3290=CARTESIAN_POINT('',(0.0180895973017993,0.0259910995476594,-0.00158718258886366));
#3291=CARTESIAN_POINT('',(0.0180895973017993,0.0232049732045084,-0.00218718258886361));
#3292=CARTESIAN_POINT('',(0.0180895973017993,0.0244889047304081,-0.00400914681878595));
#3293=CARTESIAN_POINT('',(0.0186895973017993,0.0232049732045084,-0.00218718258886361));
#3294=CARTESIAN_POINT('',(0.0186895973017993,0.0232049732045084,-0.00218718258886361));
#3295=CARTESIAN_POINT('',(0.0186895973017993,0.0259910995476594,-0.00158718258886366));
#3296=CARTESIAN_POINT('',(0.0186895973017993,0.0244889047304081,-0.00400914681878595));
#3297=CARTESIAN_POINT('',(0.0186895973017993,0.0244889047304081,-0.00400914681878595));
#3298=CARTESIAN_POINT('',(0.0186895973017993,0.0259910995476594,-0.00158718258886361));
#3299=CARTESIAN_POINT('',(0.0180895973017993,0.0259910995476594,-0.00158718258886361));
#3300=CARTESIAN_POINT('',(0.0180895973017993,0.0287772258908104,-0.000987182588863606));
#3301=CARTESIAN_POINT('',(0.0180895973017993,0.0274932943649107,0.000834781641058727));
#3302=CARTESIAN_POINT('',(0.0186895973017993,0.0287772258908104,-0.000987182588863606));
#3303=CARTESIAN_POINT('',(0.0186895973017993,0.0287772258908104,-0.000987182588863606));
#3304=CARTESIAN_POINT('',(0.0186895973017993,0.0259910995476594,-0.00158718258886361));
#3305=CARTESIAN_POINT('',(0.0186895973017993,0.0274932943649107,0.000834781641058727));
#3306=CARTESIAN_POINT('',(0.0186895973017993,0.0274932943649107,0.000834781641058727));
#3307=CARTESIAN_POINT('',(0.0186895973017993,0.0259910995476594,-0.00158718258886361));
#3308=CARTESIAN_POINT('',(0.0186895973017993,0.0259910995476594,-0.00158718258886361));
#3309=CARTESIAN_POINT('',(0.0186895973017993,0.0274932943649107,-0.00400914681878595));
#3310=CARTESIAN_POINT('',(0.0186895973017993,0.0287772258908104,-0.00218718258886361));
#3311=CARTESIAN_POINT('',(0.0186895973017993,0.0287772258908104,-0.00218718258886361));
#3312=CARTESIAN_POINT('',(0.0180895973017993,0.0287772258908104,-0.00218718258886361));
#3313=CARTESIAN_POINT('',(0.0180895973017993,0.0259910995476594,-0.00158718258886361));
#3314=CARTESIAN_POINT('',(0.0180895973017993,0.0274932943649107,-0.00400914681878595));
#3315=CARTESIAN_POINT('',(0.0186895973017993,0.0274932943649107,-0.00400914681878595));
#3316=CARTESIAN_POINT('',(0.0180895973017993,0.0953235405020533,0.0151694085592437));
#3317=CARTESIAN_POINT('',(0.0180895973017993,0.0463906271017297,-0.00218718258886361));
#3318=CARTESIAN_POINT('',(0.0180895973017993,0.0463910995476595,-0.00400914681878595));
#3319=CARTESIAN_POINT('',(0.0180895973017993,0.0953235405020533,0.0151694085592437));
#3320=CARTESIAN_POINT('',(0.0180895973017993,0.0361906271017296,-0.00218718258886361));
#3321=CARTESIAN_POINT('',(0.0180895973017993,0.0361910995476594,-0.00400914681878595));
#3322=CARTESIAN_POINT('',(0.0180895973017993,0.0953235405020533,0.0151694085592437));
#3323=CARTESIAN_POINT('',(0.0180895973017993,0.0259906271017297,-0.00218718258886361));
#3324=CARTESIAN_POINT('',(0.0180895973017993,0.0259910995476594,-0.00400914681878595));
#3325=CARTESIAN_POINT('',(0.0180895973017993,0.0953235405020533,0.0151694085592437));
#3326=CARTESIAN_POINT('',(0.0180895973017993,0.0259910995476594,-0.00158718258886361));
#3327=CARTESIAN_POINT('',(0.0180895973017993,0.0361910995476594,-0.00158718258886366));
#3328=CARTESIAN_POINT('',(0.0180895973017993,0.0953235405020533,0.0151694085592437));
#3329=CARTESIAN_POINT('',(0.0180895973017993,0.0361910995476594,-0.00158718258886366));
#3330=CARTESIAN_POINT('',(0.0180895973017993,0.0463910995476595,-0.00158718258886366));
#3331=CARTESIAN_POINT('',(0.0165895973017993,0.0953235405020533,0.0151694085592437));
#3332=CARTESIAN_POINT('',(0.0165895973017993,0.0463910995476595,-0.00158718258886366));
#3333=CARTESIAN_POINT('',(0.0165895973017993,0.0446885594088982,-0.00475914681878595));
#3334=CARTESIAN_POINT('',(0.0165895973017993,0.0361910995476594,-0.00158718258886366));
#3335=CARTESIAN_POINT('',(0.0165895973017993,0.0378936396864206,-0.00475914681878595));
#3336=CARTESIAN_POINT('',(0.0165895973017993,0.0361910995476594,-0.00475914681878595));
#3337=CARTESIAN_POINT('',(0.0165895973017993,0.0344885594088982,-0.00475914681878595));
#3338=CARTESIAN_POINT('',(0.0165895973017993,0.0361910995476594,-0.00158718258886366));
#3339=CARTESIAN_POINT('',(0.0165895973017993,0.0259910995476594,-0.00158718258886361));
#3340=CARTESIAN_POINT('',(0.0165895973017993,0.0276936396864207,-0.00475914681878595));
#3341=CARTESIAN_POINT('',(0.0165895973017993,0.0259910995476594,-0.00475914681878595));
#3342=CARTESIAN_POINT('',(0.0165895973017993,0.0242885594088981,-0.00475914681878595));
#3343=CARTESIAN_POINT('',(0.0165895973017993,0.0259910995476594,-0.00158718258886366));
#3344=CARTESIAN_POINT('',(0.0165895973017993,0.0242885594088984,0.00158478164105872));
#3345=CARTESIAN_POINT('',(0.0165895973017993,0.0259906271017297,0.00158478164105872));
#3346=CARTESIAN_POINT('',(0.0165895973017993,0.0276936396864207,0.00158478164105872));
#3347=CARTESIAN_POINT('',(0.0165895973017993,0.0259910995476594,-0.00158718258886361));
#3348=CARTESIAN_POINT('',(0.0165895973017993,0.0361910995476594,-0.00158718258886366));
#3349=CARTESIAN_POINT('',(0.0165895973017993,0.0344885594088983,0.00158478164105872));
#3350=CARTESIAN_POINT('',(0.0165895973017993,0.0361910995476594,0.00158478164105872));
#3351=CARTESIAN_POINT('',(0.0165895973017993,0.0378936396864205,0.00158478164105872));
#3352=CARTESIAN_POINT('',(0.0165895973017993,0.0361910995476594,-0.00158718258886366));
#3353=CARTESIAN_POINT('',(0.0165895973017993,0.0463910995476595,-0.00158718258886366));
#3354=CARTESIAN_POINT('',(0.0165895973017993,0.0446885594088983,0.00158478164105872));
#3355=CARTESIAN_POINT('',(0.0165895973017993,0.0463910995476595,0.00158478164105872));
#3356=CARTESIAN_POINT('',(0.0165895973017993,0.0480936396864207,0.00158478164105872));
#3357=CARTESIAN_POINT('',(0.0165895973017993,0.0463910995476595,-0.00158718258886361));
#3358=CARTESIAN_POINT('',(0.0165895973017993,0.0480936396864207,-0.00475914681878595));
#3359=CARTESIAN_POINT('',(0.0165895973017993,0.0463910995476595,-0.00475914681878595));
#3360=CARTESIAN_POINT('',(0.0186895973017993,0.0463910995476595,0.000834781641058722));
#3361=CARTESIAN_POINT('',(0.0180895973017993,0.0463910995476595,0.000834781641058722));
#3362=CARTESIAN_POINT('',(0.0186895973017993,0.0463910995476595,0.000834781641058722));
#3363=CARTESIAN_POINT('',(0.0186895973017993,0.0463910995476595,-0.00400914681878595));
#3364=CARTESIAN_POINT('',(0.0186895973017993,0.0463910995476595,-0.00400914681878595));
#3365=CARTESIAN_POINT('',(0.0186895973017993,0.0463910995476595,0.00158478164105872));
#3366=CARTESIAN_POINT('',(0.0186895973017993,0.0480936396864207,0.00158478164105872));
#3367=CARTESIAN_POINT('',(0.0186895973017993,0.0480936396864207,0.00158478164105872));
#3368=CARTESIAN_POINT('',(0.0186895973017993,0.0446885594088983,0.00158478164105872));
#3369=CARTESIAN_POINT('',(0.0186895973017993,0.0446885594088983,0.00158478164105872));
#3370=CARTESIAN_POINT('',(0.0186895973017993,0.0463910995476595,0.00158478164105872));
#3371=CARTESIAN_POINT('',(0.0186895973017993,0.0463910995476595,-0.00158718258886361));
#3372=CARTESIAN_POINT('',(0.0186895973017993,0.0480936396864207,-0.00475914681878595));
#3373=CARTESIAN_POINT('',(0.0186895973017993,0.0480936396864207,-0.00475914681878595));
#3374=CARTESIAN_POINT('',(0.0186895973017993,0.0463910995476595,-0.00158718258886361));
#3375=CARTESIAN_POINT('',(0.0186895973017993,0.0463910995476595,-0.00475914681878595));
#3376=CARTESIAN_POINT('',(0.0186895973017993,0.0446885594088982,-0.00475914681878595));
#3377=CARTESIAN_POINT('',(0.0186895973017993,0.0446885594088982,-0.00475914681878595));
#3378=CARTESIAN_POINT('',(0.0186895973017993,0.0463910995476595,-0.00475914681878595));
#3379=CARTESIAN_POINT('',(0.0186895973017993,0.0463910995476595,-0.00158718258886366));
#3380=CARTESIAN_POINT('',(0.0186895973017993,0.0463910995476595,-0.00158718258886366));
#3381=CARTESIAN_POINT('',(0.0186895973017993,0.0463910995476595,-0.00158718258886361));
#3382=CARTESIAN_POINT('',(0.0186895973017993,0.0463906271017297,-0.000987182588863605));
#3383=CARTESIAN_POINT('',(0.0186895973017993,0.0463906271017297,-0.00218718258886361));
#3384=CARTESIAN_POINT('',(0.0186895973017993,0.0361910995476594,0.000834781641058722));
#3385=CARTESIAN_POINT('',(0.0180895973017993,0.0361910995476594,0.000834781641058722));
#3386=CARTESIAN_POINT('',(0.0186895973017993,0.0361910995476594,0.000834781641058722));
#3387=CARTESIAN_POINT('',(0.0186895973017993,0.0361910995476594,-0.00158718258886366));
#3388=CARTESIAN_POINT('',(0.0186895973017993,0.0344885594088983,0.00158478164105872));
#3389=CARTESIAN_POINT('',(0.0186895973017993,0.0344885594088983,0.00158478164105872));
#3390=CARTESIAN_POINT('',(0.0186895973017993,0.0344885594088982,-0.00475914681878595));
#3391=CARTESIAN_POINT('',(0.0186895973017993,0.0344885594088982,-0.00475914681878595));
#3392=CARTESIAN_POINT('',(0.0186895973017993,0.0361910995476594,-0.00158718258886366));
#3393=CARTESIAN_POINT('',(0.0186895973017993,0.0361910995476594,-0.00475914681878595));
#3394=CARTESIAN_POINT('',(0.0186895973017993,0.0378936396864206,-0.00475914681878595));
#3395=CARTESIAN_POINT('',(0.0186895973017993,0.0378936396864206,-0.00475914681878595));
#3396=CARTESIAN_POINT('',(0.0186895973017993,0.0361910995476594,-0.00475914681878595));
#3397=CARTESIAN_POINT('',(0.0186895973017993,0.0361910995476594,-0.00158718258886366));
#3398=CARTESIAN_POINT('',(0.0186895973017993,0.0378936396864205,0.00158478164105872));
#3399=CARTESIAN_POINT('',(0.0186895973017993,0.0378936396864205,0.00158478164105872));
#3400=CARTESIAN_POINT('',(0.0186895973017993,0.0361910995476594,-0.00158718258886366));
#3401=CARTESIAN_POINT('',(0.0186895973017993,0.0361910995476594,0.00158478164105872));
#3402=CARTESIAN_POINT('',(0.0186895973017993,0.0361910995476594,0.00158478164105872));
#3403=CARTESIAN_POINT('',(0.0186895973017993,0.0361910995476594,-0.00400914681878595));
#3404=CARTESIAN_POINT('',(0.0186895973017993,0.0361910995476594,-0.00400914681878595));
#3405=CARTESIAN_POINT('',(0.0186895973017993,0.0361910995476594,-0.00158718258886366));
#3406=CARTESIAN_POINT('',(0.0186895973017993,0.0361906271017296,-0.00218718258886361));
#3407=CARTESIAN_POINT('',(0.0186895973017993,0.0361906271017296,-0.000987182588863605));
#3408=CARTESIAN_POINT('',(0.0186895973017993,0.0259906271017297,0.000834781641058727));
#3409=CARTESIAN_POINT('',(0.0180895973017993,0.0259906271017297,0.000834781641058727));
#3410=CARTESIAN_POINT('',(0.0186895973017993,0.0259906271017297,0.000834781641058727));
#3411=CARTESIAN_POINT('',(0.0186895973017993,0.0259910995476594,-0.00400914681878595));
#3412=CARTESIAN_POINT('',(0.0186895973017993,0.0259910995476594,-0.00400914681878595));
#3413=CARTESIAN_POINT('',(0.0186895973017993,0.0259906271017297,0.00158478164105872));
#3414=CARTESIAN_POINT('',(0.0186895973017993,0.0276936396864207,0.00158478164105872));
#3415=CARTESIAN_POINT('',(0.0186895973017993,0.0276936396864207,0.00158478164105872));
#3416=CARTESIAN_POINT('',(0.0186895973017993,0.0242885594088984,0.00158478164105872));
#3417=CARTESIAN_POINT('',(0.0186895973017993,0.0242885594088984,0.00158478164105872));
#3418=CARTESIAN_POINT('',(0.0186895973017993,0.0259906271017297,0.00158478164105872));
#3419=CARTESIAN_POINT('',(0.0186895973017993,0.0259910995476594,-0.00158718258886361));
#3420=CARTESIAN_POINT('',(0.0186895973017993,0.0276936396864207,-0.00475914681878595));
#3421=CARTESIAN_POINT('',(0.0186895973017993,0.0276936396864207,-0.00475914681878595));
#3422=CARTESIAN_POINT('',(0.0186895973017993,0.0259910995476594,-0.00158718258886361));
#3423=CARTESIAN_POINT('',(0.0186895973017993,0.0259910995476594,-0.00475914681878595));
#3424=CARTESIAN_POINT('',(0.0186895973017993,0.0242885594088981,-0.00475914681878595));
#3425=CARTESIAN_POINT('',(0.0186895973017993,0.0242885594088981,-0.00475914681878595));
#3426=CARTESIAN_POINT('',(0.0186895973017993,0.0259910995476594,-0.00475914681878595));
#3427=CARTESIAN_POINT('',(0.0186895973017993,0.0259910995476594,-0.00158718258886366));
#3428=CARTESIAN_POINT('',(0.0186895973017993,0.0259910995476594,-0.00158718258886366));
#3429=CARTESIAN_POINT('',(0.0186895973017993,0.0259910995476594,-0.00158718258886361));
#3430=CARTESIAN_POINT('',(0.0186895973017993,0.0259906271017297,-0.000987182588863605));
#3431=CARTESIAN_POINT('',(0.0186895973017993,0.0259906271017297,-0.00218718258886361));
#3432=CARTESIAN_POINT('',(0.0180895973017993,0.0953235405020533,0.0151694085592437));
#3433=CARTESIAN_POINT('',(0.0180895973017993,0.0463906271017297,-0.000987182588863605));
#3434=CARTESIAN_POINT('',(0.0180895973017993,0.0953235405020533,0.0151694085592437));
#3435=CARTESIAN_POINT('',(0.0180895973017993,0.0361906271017296,-0.000987182588863605));
#3436=CARTESIAN_POINT('',(0.0180895973017993,0.0953235405020533,0.0151694085592437));
#3437=CARTESIAN_POINT('',(0.0180895973017993,0.0259906271017297,-0.000987182588863605));
#3438=CARTESIAN_POINT('',(0.0186895973017993,0.0259906271017297,-0.000987182588863605));
#3439=CARTESIAN_POINT('',(0.0186895973017993,0.0259906271017297,-0.00218718258886361));
#3440=CARTESIAN_POINT('',(0.0186895973017993,0.0361906271017296,-0.000987182588863605));
#3441=CARTESIAN_POINT('',(0.0186895973017993,0.0361906271017296,-0.00218718258886361));
#3442=CARTESIAN_POINT('',(0.0186895973017993,0.0463906271017297,-0.000987182588863605));
#3443=CARTESIAN_POINT('',(0.0186895973017993,0.0463906271017297,-0.00218718258886361));
#3444=CARTESIAN_POINT('',(-0.00591040269820075,0.0310910995476594,-0.00415914681878595));
#3445=CARTESIAN_POINT('',(-0.00441040269820075,0.0310910995476594,-0.00415914681878595));
#3446=CARTESIAN_POINT('',(-0.00441040269820075,0.0438721712040974,-0.00415914681878595));
#3447=CARTESIAN_POINT('',(-0.00441040269820075,0.0387100278912214,-0.00415914681878595));
#3448=CARTESIAN_POINT('',(-0.00441040269820075,0.0387100278912214,-0.00415914681878595));
#3449=CARTESIAN_POINT('',(-0.00591040269820075,0.0387100278912214,-0.00415914681878595));
#3450=CARTESIAN_POINT('',(-0.00591040269820075,0.0310910995476594,-0.00415914681878595));
#3451=CARTESIAN_POINT('',(-0.00591040269820075,0.0438721712040974,-0.00415914681878595));
#3452=CARTESIAN_POINT('',(-0.00441040269820075,0.0438721712040974,-0.00415914681878595));
#3453=CARTESIAN_POINT('',(-0.00591040269820075,0.0310910995476594,-0.00415914681878595));
#3454=CARTESIAN_POINT('',(-0.00441040269820075,0.0285100278912215,-0.00415914681878595));
#3455=CARTESIAN_POINT('',(-0.00441040269820075,0.0285100278912215,-0.00415914681878595));
#3456=CARTESIAN_POINT('',(-0.00591040269820075,0.0285100278912215,-0.00415914681878595));
#3457=CARTESIAN_POINT('',(-0.00591040269820075,0.0310910995476594,-0.00415914681878595));
#3458=CARTESIAN_POINT('',(-0.00591040269820075,0.0336721712040975,-0.00415914681878595));
#3459=CARTESIAN_POINT('',(-0.00441040269820075,0.0336721712040975,-0.00415914681878595));
#3460=CARTESIAN_POINT('',(-0.00441040269820075,0.0336721712040975,-0.00415914681878595));
#3461=CARTESIAN_POINT('',(-0.00441040269820075,0.0310910995476594,-0.00415914681878595));
#3462=CARTESIAN_POINT('',(-0.00591040269820075,0.0310910995476594,0.000984781641058724));
#3463=CARTESIAN_POINT('',(-0.00441040269820075,0.0310910995476594,0.000984781641058724));
#3464=CARTESIAN_POINT('',(-0.00441040269820075,0.0285100278912215,0.000984781641058724));
#3465=CARTESIAN_POINT('',(-0.00441040269820075,0.0336721712040976,0.000984781641058724));
#3466=CARTESIAN_POINT('',(-0.00441040269820075,0.0336721712040976,0.000984781641058724));
#3467=CARTESIAN_POINT('',(-0.00591040269820075,0.0336721712040976,0.000984781641058724));
#3468=CARTESIAN_POINT('',(-0.00591040269820075,0.0310910995476594,0.000984781641058724));
#3469=CARTESIAN_POINT('',(-0.00591040269820075,0.0285100278912215,0.000984781641058724));
#3470=CARTESIAN_POINT('',(-0.00441040269820075,0.0285100278912215,0.000984781641058724));
#3471=CARTESIAN_POINT('',(-0.00591040269820075,0.0310910995476594,0.000984781641058724));
#3472=CARTESIAN_POINT('',(-0.00441040269820075,0.0438721712040975,0.000984781641058724));
#3473=CARTESIAN_POINT('',(-0.00441040269820075,0.0438721712040975,0.000984781641058724));
#3474=CARTESIAN_POINT('',(-0.00591040269820075,0.0438721712040975,0.000984781641058724));
#3475=CARTESIAN_POINT('',(-0.00591040269820075,0.0310910995476594,0.000984781641058724));
#3476=CARTESIAN_POINT('',(-0.00591040269820075,0.0387100278912213,0.000984781641058724));
#3477=CARTESIAN_POINT('',(-0.00441040269820075,0.0387100278912213,0.000984781641058724));
#3478=CARTESIAN_POINT('',(-0.00441040269820075,0.0387100278912213,0.000984781641058724));
#3479=CARTESIAN_POINT('',(-0.00441040269820075,0.0310910995476594,0.000984781641058724));
#3480=CARTESIAN_POINT('',(-0.00651040269820075,0.0463910995476595,-0.00158718258886366));
#3481=CARTESIAN_POINT('',(-0.00651040269820075,0.0463910995476595,-0.00158718258886366));
#3482=CARTESIAN_POINT('',(-0.00651040269820075,0.0448889047304083,0.000834781641058722));
#3483=CARTESIAN_POINT('',(-0.00651040269820075,0.0436049732045085,-0.000987182588863604));
#3484=CARTESIAN_POINT('',(-0.00651040269820075,0.0448889047304083,0.000834781641058722));
#3485=CARTESIAN_POINT('',(-0.00591040269820075,0.0448889047304083,0.000834781641058722));
#3486=CARTESIAN_POINT('',(-0.00591040269820075,0.0463910995476595,-0.00158718258886366));
#3487=CARTESIAN_POINT('',(-0.00591040269820075,0.0436049732045085,-0.000987182588863604));
#3488=CARTESIAN_POINT('',(-0.00651040269820075,0.0436049732045085,-0.000987182588863604));
#3489=CARTESIAN_POINT('',(-0.00651040269820075,0.0463910995476595,-0.00158718258886366));
#3490=CARTESIAN_POINT('',(-0.00591040269820075,0.0463910995476595,-0.00158718258886366));
#3491=CARTESIAN_POINT('',(-0.00591040269820075,0.0436049732045085,-0.00218718258886361));
#3492=CARTESIAN_POINT('',(-0.00591040269820075,0.0448889047304081,-0.00400914681878595));
#3493=CARTESIAN_POINT('',(-0.00651040269820075,0.0448889047304081,-0.00400914681878595));
#3494=CARTESIAN_POINT('',(-0.00651040269820075,0.0448889047304081,-0.00400914681878595));
#3495=CARTESIAN_POINT('',(-0.00651040269820075,0.0463910995476595,-0.00158718258886366));
#3496=CARTESIAN_POINT('',(-0.00651040269820075,0.0436049732045085,-0.00218718258886361));
#3497=CARTESIAN_POINT('',(-0.00651040269820075,0.0436049732045085,-0.00218718258886361));
#3498=CARTESIAN_POINT('',(-0.00651040269820075,0.0463910995476595,-0.00158718258886361));
#3499=CARTESIAN_POINT('',(-0.00591040269820075,0.0463910995476595,-0.00158718258886361));
#3500=CARTESIAN_POINT('',(-0.00591040269820075,0.0491772258908105,-0.000987182588863606));
#3501=CARTESIAN_POINT('',(-0.00591040269820075,0.0478932943649108,0.000834781641058722));
#3502=CARTESIAN_POINT('',(-0.00651040269820075,0.0478932943649108,0.000834781641058722));
#3503=CARTESIAN_POINT('',(-0.00651040269820075,0.0478932943649108,0.000834781641058722));
#3504=CARTESIAN_POINT('',(-0.00651040269820075,0.0463910995476595,-0.00158718258886361));
#3505=CARTESIAN_POINT('',(-0.00651040269820075,0.0491772258908105,-0.000987182588863606));
#3506=CARTESIAN_POINT('',(-0.00651040269820075,0.0491772258908105,-0.000987182588863606));
#3507=CARTESIAN_POINT('',(-0.00651040269820075,0.0463910995476595,-0.00158718258886361));
#3508=CARTESIAN_POINT('',(-0.00651040269820075,0.0463910995476595,-0.00158718258886361));
#3509=CARTESIAN_POINT('',(-0.00651040269820075,0.0478932943649108,-0.00400914681878595));
#3510=CARTESIAN_POINT('',(-0.00651040269820075,0.0491772258908105,-0.00218718258886361));
#3511=CARTESIAN_POINT('',(-0.00651040269820075,0.0478932943649108,-0.00400914681878595));
#3512=CARTESIAN_POINT('',(-0.00591040269820075,0.0478932943649108,-0.00400914681878595));
#3513=CARTESIAN_POINT('',(-0.00591040269820075,0.0463910995476595,-0.00158718258886361));
#3514=CARTESIAN_POINT('',(-0.00591040269820075,0.0491772258908105,-0.00218718258886361));
#3515=CARTESIAN_POINT('',(-0.00651040269820075,0.0491772258908105,-0.00218718258886361));
#3516=CARTESIAN_POINT('',(-0.00651040269820075,0.0361910995476594,-0.00158718258886366));
#3517=CARTESIAN_POINT('',(-0.00651040269820075,0.0361910995476594,-0.00158718258886366));
#3518=CARTESIAN_POINT('',(-0.00651040269820075,0.0346889047304083,0.000834781641058722));
#3519=CARTESIAN_POINT('',(-0.00651040269820075,0.0334049732045085,-0.000987182588863604));
#3520=CARTESIAN_POINT('',(-0.00651040269820075,0.0346889047304083,0.000834781641058722));
#3521=CARTESIAN_POINT('',(-0.00591040269820075,0.0346889047304083,0.000834781641058722));
#3522=CARTESIAN_POINT('',(-0.00591040269820075,0.0361910995476594,-0.00158718258886366));
#3523=CARTESIAN_POINT('',(-0.00591040269820075,0.0334049732045085,-0.000987182588863604));
#3524=CARTESIAN_POINT('',(-0.00651040269820075,0.0334049732045085,-0.000987182588863604));
#3525=CARTESIAN_POINT('',(-0.00651040269820075,0.0361910995476594,-0.00158718258886366));
#3526=CARTESIAN_POINT('',(-0.00591040269820075,0.0361910995476594,-0.00158718258886366));
#3527=CARTESIAN_POINT('',(-0.00591040269820075,0.0334049732045084,-0.00218718258886361));
#3528=CARTESIAN_POINT('',(-0.00591040269820075,0.0346889047304081,-0.00400914681878595));
#3529=CARTESIAN_POINT('',(-0.00651040269820075,0.0346889047304081,-0.00400914681878595));
#3530=CARTESIAN_POINT('',(-0.00651040269820075,0.0346889047304081,-0.00400914681878595));
#3531=CARTESIAN_POINT('',(-0.00651040269820075,0.0361910995476594,-0.00158718258886366));
#3532=CARTESIAN_POINT('',(-0.00651040269820075,0.0334049732045084,-0.00218718258886361));
#3533=CARTESIAN_POINT('',(-0.00651040269820075,0.0334049732045084,-0.00218718258886361));
#3534=CARTESIAN_POINT('',(-0.00651040269820075,0.0361910995476594,-0.00158718258886366));
#3535=CARTESIAN_POINT('',(-0.00591040269820075,0.0361910995476594,-0.00158718258886366));
#3536=CARTESIAN_POINT('',(-0.00591040269820075,0.0389772258908104,-0.000987182588863606));
#3537=CARTESIAN_POINT('',(-0.00591040269820075,0.0376932943649106,0.000834781641058722));
#3538=CARTESIAN_POINT('',(-0.00651040269820075,0.0376932943649106,0.000834781641058722));
#3539=CARTESIAN_POINT('',(-0.00651040269820075,0.0376932943649106,0.000834781641058722));
#3540=CARTESIAN_POINT('',(-0.00651040269820075,0.0361910995476594,-0.00158718258886366));
#3541=CARTESIAN_POINT('',(-0.00651040269820075,0.0389772258908104,-0.000987182588863606));
#3542=CARTESIAN_POINT('',(-0.00651040269820075,0.0389772258908104,-0.000987182588863606));
#3543=CARTESIAN_POINT('',(-0.00651040269820075,0.0361910995476594,-0.00158718258886366));
#3544=CARTESIAN_POINT('',(-0.00651040269820075,0.0361910995476594,-0.00158718258886366));
#3545=CARTESIAN_POINT('',(-0.00651040269820075,0.0376932943649107,-0.00400914681878595));
#3546=CARTESIAN_POINT('',(-0.00651040269820075,0.0389772258908104,-0.00218718258886361));
#3547=CARTESIAN_POINT('',(-0.00651040269820075,0.0376932943649107,-0.00400914681878595));
#3548=CARTESIAN_POINT('',(-0.00591040269820075,0.0376932943649107,-0.00400914681878595));
#3549=CARTESIAN_POINT('',(-0.00591040269820075,0.0361910995476594,-0.00158718258886366));
#3550=CARTESIAN_POINT('',(-0.00591040269820075,0.0389772258908105,-0.00218718258886361));
#3551=CARTESIAN_POINT('',(-0.00651040269820075,0.0389772258908104,-0.00218718258886361));
#3552=CARTESIAN_POINT('',(-0.00651040269820075,0.0259910995476594,-0.00158718258886366));
#3553=CARTESIAN_POINT('',(-0.00651040269820075,0.0259910995476594,-0.00158718258886366));
#3554=CARTESIAN_POINT('',(-0.00651040269820075,0.0244889047304083,0.000834781641058727));
#3555=CARTESIAN_POINT('',(-0.00651040269820075,0.0232049732045085,-0.000987182588863604));
#3556=CARTESIAN_POINT('',(-0.00651040269820075,0.0244889047304083,0.000834781641058727));
#3557=CARTESIAN_POINT('',(-0.00591040269820075,0.0244889047304083,0.000834781641058727));
#3558=CARTESIAN_POINT('',(-0.00591040269820075,0.0259910995476594,-0.00158718258886366));
#3559=CARTESIAN_POINT('',(-0.00591040269820075,0.0232049732045085,-0.000987182588863604));
#3560=CARTESIAN_POINT('',(-0.00651040269820075,0.0232049732045085,-0.000987182588863604));
#3561=CARTESIAN_POINT('',(-0.00651040269820075,0.0259910995476594,-0.00158718258886366));
#3562=CARTESIAN_POINT('',(-0.00591040269820075,0.0259910995476594,-0.00158718258886366));
#3563=CARTESIAN_POINT('',(-0.00591040269820075,0.0232049732045084,-0.00218718258886361));
#3564=CARTESIAN_POINT('',(-0.00591040269820075,0.0244889047304081,-0.00400914681878595));
#3565=CARTESIAN_POINT('',(-0.00651040269820075,0.0244889047304081,-0.00400914681878595));
#3566=CARTESIAN_POINT('',(-0.00651040269820075,0.0244889047304081,-0.00400914681878595));
#3567=CARTESIAN_POINT('',(-0.00651040269820075,0.0259910995476594,-0.00158718258886366));
#3568=CARTESIAN_POINT('',(-0.00651040269820075,0.0232049732045084,-0.00218718258886361));
#3569=CARTESIAN_POINT('',(-0.00651040269820075,0.0232049732045084,-0.00218718258886361));
#3570=CARTESIAN_POINT('',(-0.00651040269820075,0.0259910995476594,-0.00158718258886361));
#3571=CARTESIAN_POINT('',(-0.00591040269820075,0.0259910995476594,-0.00158718258886361));
#3572=CARTESIAN_POINT('',(-0.00591040269820075,0.0287772258908104,-0.000987182588863606));
#3573=CARTESIAN_POINT('',(-0.00591040269820075,0.0274932943649107,0.000834781641058727));
#3574=CARTESIAN_POINT('',(-0.00651040269820075,0.0274932943649107,0.000834781641058727));
#3575=CARTESIAN_POINT('',(-0.00651040269820075,0.0274932943649107,0.000834781641058727));
#3576=CARTESIAN_POINT('',(-0.00651040269820075,0.0259910995476594,-0.00158718258886361));
#3577=CARTESIAN_POINT('',(-0.00651040269820075,0.0287772258908104,-0.000987182588863606));
#3578=CARTESIAN_POINT('',(-0.00651040269820075,0.0287772258908104,-0.000987182588863606));
#3579=CARTESIAN_POINT('',(-0.00651040269820075,0.0259910995476594,-0.00158718258886361));
#3580=CARTESIAN_POINT('',(-0.00651040269820075,0.0259910995476594,-0.00158718258886361));
#3581=CARTESIAN_POINT('',(-0.00651040269820075,0.0274932943649107,-0.00400914681878595));
#3582=CARTESIAN_POINT('',(-0.00651040269820075,0.0287772258908104,-0.00218718258886361));
#3583=CARTESIAN_POINT('',(-0.00651040269820075,0.0274932943649107,-0.00400914681878595));
#3584=CARTESIAN_POINT('',(-0.00591040269820075,0.0274932943649107,-0.00400914681878595));
#3585=CARTESIAN_POINT('',(-0.00591040269820075,0.0259910995476594,-0.00158718258886361));
#3586=CARTESIAN_POINT('',(-0.00591040269820075,0.0287772258908104,-0.00218718258886361));
#3587=CARTESIAN_POINT('',(-0.00651040269820075,0.0287772258908104,-0.00218718258886361));
#3588=CARTESIAN_POINT('',(-0.00591040269820075,0.0953235405020533,0.0151694085592437));
#3589=CARTESIAN_POINT('',(-0.00591040269820075,0.0463906271017297,-0.00218718258886361));
#3590=CARTESIAN_POINT('',(-0.00591040269820075,0.0463910995476595,-0.00400914681878595));
#3591=CARTESIAN_POINT('',(-0.00591040269820075,0.0953235405020533,0.0151694085592437));
#3592=CARTESIAN_POINT('',(-0.00591040269820075,0.0361906271017296,-0.00218718258886361));
#3593=CARTESIAN_POINT('',(-0.00591040269820075,0.0361910995476594,-0.00400914681878595));
#3594=CARTESIAN_POINT('',(-0.00591040269820075,0.0953235405020533,0.0151694085592437));
#3595=CARTESIAN_POINT('',(-0.00591040269820075,0.0259906271017297,-0.00218718258886361));
#3596=CARTESIAN_POINT('',(-0.00591040269820075,0.0259910995476594,-0.00400914681878595));
#3597=CARTESIAN_POINT('',(-0.00591040269820075,0.0953235405020533,0.0151694085592437));
#3598=CARTESIAN_POINT('',(-0.00591040269820075,0.0259910995476594,-0.00158718258886361));
#3599=CARTESIAN_POINT('',(-0.00591040269820075,0.0361910995476594,-0.00158718258886366));
#3600=CARTESIAN_POINT('',(-0.00591040269820075,0.0953235405020533,0.0151694085592437));
#3601=CARTESIAN_POINT('',(-0.00591040269820075,0.0361910995476594,-0.00158718258886366));
#3602=CARTESIAN_POINT('',(-0.00591040269820075,0.0463910995476595,-0.00158718258886366));
#3603=CARTESIAN_POINT('',(-0.00441040269820075,0.0953235405020533,0.0151694085592437));
#3604=CARTESIAN_POINT('',(-0.00441040269820075,0.0463910995476595,-0.00158718258886366));
#3605=CARTESIAN_POINT('',(-0.00441040269820075,0.0446885594088982,-0.00475914681878595));
#3606=CARTESIAN_POINT('',(-0.00441040269820075,0.0463910995476595,-0.00475914681878595));
#3607=CARTESIAN_POINT('',(-0.00441040269820075,0.0480936396864207,-0.00475914681878595));
#3608=CARTESIAN_POINT('',(-0.00441040269820075,0.0463910995476595,-0.00158718258886361));
#3609=CARTESIAN_POINT('',(-0.00441040269820075,0.0480936396864207,0.00158478164105872));
#3610=CARTESIAN_POINT('',(-0.00441040269820075,0.0463910995476595,0.00158478164105872));
#3611=CARTESIAN_POINT('',(-0.00441040269820075,0.0446885594088983,0.00158478164105872));
#3612=CARTESIAN_POINT('',(-0.00441040269820075,0.0463910995476595,-0.00158718258886366));
#3613=CARTESIAN_POINT('',(-0.00441040269820075,0.0361910995476594,-0.00158718258886366));
#3614=CARTESIAN_POINT('',(-0.00441040269820075,0.0378936396864205,0.00158478164105872));
#3615=CARTESIAN_POINT('',(-0.00441040269820075,0.0361910995476594,0.00158478164105872));
#3616=CARTESIAN_POINT('',(-0.00441040269820075,0.0344885594088983,0.00158478164105872));
#3617=CARTESIAN_POINT('',(-0.00441040269820075,0.0361910995476594,-0.00158718258886366));
#3618=CARTESIAN_POINT('',(-0.00441040269820075,0.0259910995476594,-0.00158718258886361));
#3619=CARTESIAN_POINT('',(-0.00441040269820075,0.0276936396864207,0.00158478164105872));
#3620=CARTESIAN_POINT('',(-0.00441040269820075,0.0259906271017297,0.00158478164105872));
#3621=CARTESIAN_POINT('',(-0.00441040269820075,0.0242885594088984,0.00158478164105872));
#3622=CARTESIAN_POINT('',(-0.00441040269820075,0.0259910995476594,-0.00158718258886366));
#3623=CARTESIAN_POINT('',(-0.00441040269820075,0.0242885594088981,-0.00475914681878595));
#3624=CARTESIAN_POINT('',(-0.00441040269820075,0.0259910995476594,-0.00475914681878595));
#3625=CARTESIAN_POINT('',(-0.00441040269820075,0.0276936396864207,-0.00475914681878595));
#3626=CARTESIAN_POINT('',(-0.00441040269820075,0.0259910995476594,-0.00158718258886361));
#3627=CARTESIAN_POINT('',(-0.00441040269820075,0.0361910995476594,-0.00158718258886366));
#3628=CARTESIAN_POINT('',(-0.00441040269820075,0.0344885594088982,-0.00475914681878595));
#3629=CARTESIAN_POINT('',(-0.00441040269820075,0.0361910995476594,-0.00475914681878595));
#3630=CARTESIAN_POINT('',(-0.00441040269820075,0.0378936396864206,-0.00475914681878595));
#3631=CARTESIAN_POINT('',(-0.00441040269820075,0.0361910995476594,-0.00158718258886366));
#3632=CARTESIAN_POINT('',(-0.00651040269820075,0.0463910995476595,0.000834781641058722));
#3633=CARTESIAN_POINT('',(-0.00591040269820075,0.0463910995476595,0.000834781641058722));
#3634=CARTESIAN_POINT('',(-0.00651040269820075,0.0463910995476595,0.000834781641058722));
#3635=CARTESIAN_POINT('',(-0.00651040269820075,0.0463910995476595,-0.00400914681878595));
#3636=CARTESIAN_POINT('',(-0.00651040269820075,0.0463910995476595,-0.00400914681878595));
#3637=CARTESIAN_POINT('',(-0.00651040269820075,0.0463910995476595,0.00158478164105872));
#3638=CARTESIAN_POINT('',(-0.00651040269820075,0.0480936396864207,0.00158478164105872));
#3639=CARTESIAN_POINT('',(-0.00651040269820075,0.0480936396864207,0.00158478164105872));
#3640=CARTESIAN_POINT('',(-0.00651040269820075,0.0463910995476595,0.00158478164105872));
#3641=CARTESIAN_POINT('',(-0.00651040269820075,0.0446885594088983,0.00158478164105872));
#3642=CARTESIAN_POINT('',(-0.00651040269820075,0.0446885594088983,0.00158478164105872));
#3643=CARTESIAN_POINT('',(-0.00651040269820075,0.0463910995476595,-0.00158718258886361));
#3644=CARTESIAN_POINT('',(-0.00651040269820075,0.0480936396864207,-0.00475914681878595));
#3645=CARTESIAN_POINT('',(-0.00651040269820075,0.0480936396864207,-0.00475914681878595));
#3646=CARTESIAN_POINT('',(-0.00651040269820075,0.0463910995476595,-0.00158718258886361));
#3647=CARTESIAN_POINT('',(-0.00651040269820075,0.0463910995476595,-0.00475914681878595));
#3648=CARTESIAN_POINT('',(-0.00651040269820075,0.0446885594088982,-0.00475914681878595));
#3649=CARTESIAN_POINT('',(-0.00651040269820075,0.0446885594088982,-0.00475914681878595));
#3650=CARTESIAN_POINT('',(-0.00651040269820075,0.0463910995476595,-0.00475914681878595));
#3651=CARTESIAN_POINT('',(-0.00651040269820075,0.0463910995476595,-0.00158718258886366));
#3652=CARTESIAN_POINT('',(-0.00651040269820075,0.0463910995476595,-0.00158718258886366));
#3653=CARTESIAN_POINT('',(-0.00651040269820075,0.0463910995476595,-0.00158718258886361));
#3654=CARTESIAN_POINT('',(-0.00651040269820075,0.0463906271017297,-0.000987182588863605));
#3655=CARTESIAN_POINT('',(-0.00651040269820075,0.0463906271017297,-0.00218718258886361));
#3656=CARTESIAN_POINT('',(-0.00651040269820075,0.0361910995476594,0.000834781641058722));
#3657=CARTESIAN_POINT('',(-0.00591040269820075,0.0361910995476594,0.000834781641058722));
#3658=CARTESIAN_POINT('',(-0.00651040269820075,0.0361910995476594,0.000834781641058722));
#3659=CARTESIAN_POINT('',(-0.00651040269820075,0.0361910995476594,-0.00158718258886366));
#3660=CARTESIAN_POINT('',(-0.00651040269820075,0.0344885594088983,0.00158478164105872));
#3661=CARTESIAN_POINT('',(-0.00651040269820075,0.0344885594088983,0.00158478164105872));
#3662=CARTESIAN_POINT('',(-0.00651040269820075,0.0361910995476594,-0.00158718258886366));
#3663=CARTESIAN_POINT('',(-0.00651040269820075,0.0344885594088982,-0.00475914681878595));
#3664=CARTESIAN_POINT('',(-0.00651040269820075,0.0344885594088982,-0.00475914681878595));
#3665=CARTESIAN_POINT('',(-0.00651040269820075,0.0361910995476594,-0.00475914681878595));
#3666=CARTESIAN_POINT('',(-0.00651040269820075,0.0361910995476594,-0.00475914681878595));
#3667=CARTESIAN_POINT('',(-0.00651040269820075,0.0378936396864206,-0.00475914681878595));
#3668=CARTESIAN_POINT('',(-0.00651040269820075,0.0378936396864206,-0.00475914681878595));
#3669=CARTESIAN_POINT('',(-0.00651040269820075,0.0361910995476594,-0.00158718258886366));
#3670=CARTESIAN_POINT('',(-0.00651040269820075,0.0361910995476594,-0.00158718258886366));
#3671=CARTESIAN_POINT('',(-0.00651040269820075,0.0378936396864205,0.00158478164105872));
#3672=CARTESIAN_POINT('',(-0.00651040269820075,0.0378936396864205,0.00158478164105872));
#3673=CARTESIAN_POINT('',(-0.00651040269820075,0.0361910995476594,0.00158478164105872));
#3674=CARTESIAN_POINT('',(-0.00651040269820075,0.0361910995476594,0.00158478164105872));
#3675=CARTESIAN_POINT('',(-0.00651040269820075,0.0361910995476594,-0.00400914681878595));
#3676=CARTESIAN_POINT('',(-0.00651040269820075,0.0361910995476594,-0.00400914681878595));
#3677=CARTESIAN_POINT('',(-0.00651040269820075,0.0361910995476594,-0.00158718258886366));
#3678=CARTESIAN_POINT('',(-0.00651040269820075,0.0361906271017296,-0.00218718258886361));
#3679=CARTESIAN_POINT('',(-0.00651040269820075,0.0361906271017296,-0.000987182588863605));
#3680=CARTESIAN_POINT('',(-0.00651040269820075,0.0259906271017297,0.000834781641058727));
#3681=CARTESIAN_POINT('',(-0.00591040269820075,0.0259906271017297,0.000834781641058727));
#3682=CARTESIAN_POINT('',(-0.00651040269820075,0.0259906271017297,0.000834781641058727));
#3683=CARTESIAN_POINT('',(-0.00651040269820075,0.0259910995476594,-0.00400914681878595));
#3684=CARTESIAN_POINT('',(-0.00651040269820075,0.0259910995476594,-0.00400914681878595));
#3685=CARTESIAN_POINT('',(-0.00651040269820075,0.0259906271017297,0.00158478164105872));
#3686=CARTESIAN_POINT('',(-0.00651040269820075,0.0276936396864207,0.00158478164105872));
#3687=CARTESIAN_POINT('',(-0.00651040269820075,0.0276936396864207,0.00158478164105872));
#3688=CARTESIAN_POINT('',(-0.00651040269820075,0.0259906271017297,0.00158478164105872));
#3689=CARTESIAN_POINT('',(-0.00651040269820075,0.0242885594088984,0.00158478164105872));
#3690=CARTESIAN_POINT('',(-0.00651040269820075,0.0242885594088984,0.00158478164105872));
#3691=CARTESIAN_POINT('',(-0.00651040269820075,0.0259910995476594,-0.00158718258886361));
#3692=CARTESIAN_POINT('',(-0.00651040269820075,0.0276936396864207,-0.00475914681878595));
#3693=CARTESIAN_POINT('',(-0.00651040269820075,0.0276936396864207,-0.00475914681878595));
#3694=CARTESIAN_POINT('',(-0.00651040269820075,0.0259910995476594,-0.00158718258886361));
#3695=CARTESIAN_POINT('',(-0.00651040269820075,0.0259910995476594,-0.00475914681878595));
#3696=CARTESIAN_POINT('',(-0.00651040269820075,0.0242885594088981,-0.00475914681878595));
#3697=CARTESIAN_POINT('',(-0.00651040269820075,0.0242885594088981,-0.00475914681878595));
#3698=CARTESIAN_POINT('',(-0.00651040269820075,0.0259910995476594,-0.00475914681878595));
#3699=CARTESIAN_POINT('',(-0.00651040269820075,0.0259910995476594,-0.00158718258886366));
#3700=CARTESIAN_POINT('',(-0.00651040269820075,0.0259910995476594,-0.00158718258886366));
#3701=CARTESIAN_POINT('',(-0.00651040269820075,0.0259910995476594,-0.00158718258886361));
#3702=CARTESIAN_POINT('',(-0.00651040269820075,0.0259906271017297,-0.000987182588863605));
#3703=CARTESIAN_POINT('',(-0.00651040269820075,0.0259906271017297,-0.00218718258886361));
#3704=CARTESIAN_POINT('',(-0.00591040269820075,0.0953235405020533,0.0151694085592437));
#3705=CARTESIAN_POINT('',(-0.00591040269820075,0.0463906271017297,-0.000987182588863605));
#3706=CARTESIAN_POINT('',(-0.00591040269820075,0.0953235405020533,0.0151694085592437));
#3707=CARTESIAN_POINT('',(-0.00591040269820075,0.0361906271017296,-0.000987182588863605));
#3708=CARTESIAN_POINT('',(-0.00591040269820075,0.0953235405020533,0.0151694085592437));
#3709=CARTESIAN_POINT('',(-0.00591040269820075,0.0259906271017297,-0.000987182588863605));
#3710=CARTESIAN_POINT('',(-0.00651040269820075,0.0259906271017297,-0.000987182588863605));
#3711=CARTESIAN_POINT('',(-0.00651040269820075,0.0259906271017297,-0.00218718258886361));
#3712=CARTESIAN_POINT('',(-0.00651040269820075,0.0361906271017296,-0.000987182588863605));
#3713=CARTESIAN_POINT('',(-0.00651040269820075,0.0361906271017296,-0.00218718258886361));
#3714=CARTESIAN_POINT('',(-0.00651040269820075,0.0463906271017297,-0.000987182588863605));
#3715=CARTESIAN_POINT('',(-0.00651040269820075,0.0463906271017297,-0.00218718258886361));
#3716=MECHANICAL_DESIGN_GEOMETRIC_PRESENTATION_REPRESENTATION('',(#2190),
#3717);
#3717=(
GEOMETRIC_REPRESENTATION_CONTEXT(3)
GLOBAL_UNCERTAINTY_ASSIGNED_CONTEXT((#3718))
GLOBAL_UNIT_ASSIGNED_CONTEXT((#3721,#3720,#3719))
REPRESENTATION_CONTEXT('Front_Cargo_Wheel_Chassis',
'TOP_LEVEL_ASSEMBLY_PART')
);
#3718=UNCERTAINTY_MEASURE_WITH_UNIT(LENGTH_MEASURE(1.E-8),#3721,
'DISTANCE_ACCURACY_VALUE','Maximum Tolerance applied to model');
#3719=(
NAMED_UNIT(*)
SI_UNIT($,.STERADIAN.)
SOLID_ANGLE_UNIT()
);
#3720=(
NAMED_UNIT(*)
PLANE_ANGLE_UNIT()
SI_UNIT($,.RADIAN.)
);
#3721=(
LENGTH_UNIT()
NAMED_UNIT(*)
SI_UNIT($,.METRE.)
);
#3722=PRODUCT_DEFINITION_SHAPE('','',#3723);
#3723=PRODUCT_DEFINITION('','',#3725,#3724);
#3724=PRODUCT_DEFINITION_CONTEXT('',#3731,'design');
#3725=PRODUCT_DEFINITION_FORMATION_WITH_SPECIFIED_SOURCE('','',#3727,
 .NOT_KNOWN.);
#3726=PRODUCT_RELATED_PRODUCT_CATEGORY('','',(#3727));
#3727=PRODUCT('Front_Cargo_Wheel_Chassis','Front_Cargo_Wheel_Chassis',
'Front_Cargo_Wheel_Chassis',(#3729));
#3728=PRODUCT_CATEGORY('','');
#3729=PRODUCT_CONTEXT('',#3731,'mechanical');
#3730=APPLICATION_PROTOCOL_DEFINITION('international standard',
'ap242_managed_model_based_3d_engineering',2020,#3731);
#3731=APPLICATION_CONTEXT('managed model based 3d engineering');
ENDSEC;
END-ISO-10303-21;
